fecha,Sucursal,bodega,sector,tipo,venta_bruta,venta_ajustes,venta_neta
2024-01-01,Medellín,1,0,historico,88506318.85,37464.0,88468854.85
2024-01-01,Medellín,1,Agricultura,historico,88449888.0,263850.0,88186038.0
2024-01-01,Medellín,1,Articulos Para el Hogar y la Oficina,historico,2385276.0,0.0,2385276.0
2024-01-01,Medellín,1,Caucho y Plasticos,historico,49627348.0,4613337.0,45014011.0
2024-01-01,Medellín,1,Comercio,historico,1156769037.54,25750979.2,1131018058.34
2024-01-01,Medellín,1,Construction,historico,292390262.84,2601380.8,289788882.04
2024-01-01,Medellín,1,Education,historico,903300.0,0.0,903300.0
2024-01-01,Medellín,1,Empleados,historico,1609600.0,155719.0,1453881.0
2024-01-01,Medellín,1,Equipo de Transporte,historico,13750029.0,364131.0,13385898.0
2024-01-01,Medellín,1,Food,historico,630785494.42,49024635.0,581760859.42
2024-01-01,Medellín,1,Health/Social,historico,12269173.0,0.0,12269173.0
2024-01-01,Medellín,1,Hidrocarburo,historico,262993664.51999998,351360.0,262642304.51999998
2024-01-01,Medellín,1,IT/Communication,historico,368832.0,0.0,368832.0
2024-01-01,Medellín,1,Industria,historico,631608271.35,18999032.0,612609239.35
2024-01-01,Medellín,1,Madera y Papel,historico,73924246.0,3957720.0,69966526.0
2024-01-01,Medellín,1,Maquinaria y Afines,historico,48111098.32,28353.6,48082744.72
2024-01-01,Medellín,1,Mining,historico,470694838.02,22878197.0,447816641.02
2024-01-01,Medellín,1,Persona Natural,historico,9213338.0,0.0,9213338.0
2024-01-01,Medellín,1,Quimico,historico,163580204.02,1885436.0,161694768.02
2024-01-01,Medellín,1,Servicio de apoyo empresarial,historico,7709627.72,0.0,7709627.72
2024-01-01,Medellín,1,Servicios Publicos,historico,90309837.4,780000.0,89529837.4
2024-01-01,Medellín,1,"Textiles, Confecciones y Cuero",historico,103974088.0,947231.0,103026857.0
2024-01-01,Medellín,1,Transporte y Logistica,historico,37448933.0,4468595.0,32980338.0
2024-01-01,Medellín,1,Turistico,historico,242490.0,0.0,242490.0
2024-01-01,Bogotá,2,0,historico,124188087.0,16288.0,124171799.0
2024-01-01,Bogotá,2,Agricultura,historico,97828669.0,0.0,97828669.0
2024-01-01,Bogotá,2,Articulos Para el Hogar y la Oficina,historico,32715369.0,83700.0,32631669.0
2024-01-01,Bogotá,2,Caucho y Plasticos,historico,18842437.0,0.0,18842437.0
2024-01-01,Bogotá,2,Comercio,historico,1790338457.11,23704714.0,1766633743.11
2024-01-01,Bogotá,2,Construction,historico,128826860.0,244610.0,128582250.0
2024-01-01,Bogotá,2,Empleados,historico,2956696.0,2203447.0,753249.0
2024-01-01,Bogotá,2,Energy supply,historico,1732200.0,0.0,1732200.0
2024-01-01,Bogotá,2,Equipo de Transporte,historico,48546547.0,633800.0,47912747.0
2024-01-01,Bogotá,2,Food,historico,895021850.79,15458459.0,879563391.79
2024-01-01,Bogotá,2,Health/Social,historico,14239110.0,0.0,14239110.0
2024-01-01,Bogotá,2,Hidrocarburo,historico,249495310.0,8483491.120000001,241011818.88
2024-01-01,Bogotá,2,IT/Communication,historico,1155400.0,0.0,1155400.0
2024-01-01,Bogotá,2,Industria,historico,312579722.0,5079238.0,307500484.0
2024-01-01,Bogotá,2,Madera y Papel,historico,76714139.0,851180.0,75862959.0
2024-01-01,Bogotá,2,Maquinaria y Afines,historico,142301447.0,3342600.0,138958847.0
2024-01-01,Bogotá,2,Mining,historico,1102663959.46,105051216.0,997612743.46
2024-01-01,Bogotá,2,Persona Natural,historico,3711137.0,0.0,3711137.0
2024-01-01,Bogotá,2,Quimico,historico,341261641.1,6470142.0,334791499.1
2024-01-01,Bogotá,2,Servicio de apoyo empresarial,historico,3864550.0,0.0,3864550.0
2024-01-01,Bogotá,2,Servicios Publicos,historico,172382075.77,6206059.77,166176016.0
2024-01-01,Bogotá,2,"Textiles, Confecciones y Cuero",historico,21866209.0,0.0,21866209.0
2024-01-01,Bogotá,2,Transporte y Logistica,historico,83105813.0,193800.0,82912013.0
2024-01-01,Bogotá,2,Turistico,historico,2556266.0,0.0,2556266.0
2024-01-01,Cali,3,0,historico,65830381.14,732660.0,65097721.14
2024-01-01,Cali,3,Agricultura,historico,6367412.0,0.0,6367412.0
2024-01-01,Cali,3,Articulos Para el Hogar y la Oficina,historico,21841598.0,0.0,21841598.0
2024-01-01,Cali,3,Caucho y Plasticos,historico,125972362.0,0.0,125972362.0
2024-01-01,Cali,3,Comercio,historico,493781486.04,7527305.0,486254181.04
2024-01-01,Cali,3,Construction,historico,36817668.0,2000000.0,34817668.0
2024-01-01,Cali,3,Empleados,historico,759010.0,0.0,759010.0
2024-01-01,Cali,3,Equipo de Transporte,historico,41968211.0,0.0,41968211.0
2024-01-01,Cali,3,Food,historico,853851349.46,11927144.0,841924205.46
2024-01-01,Cali,3,Health/Social,historico,475645.0,0.0,475645.0
2024-01-01,Cali,3,Hidrocarburo,historico,57252874.86,1300000.0,55952874.86
2024-01-01,Cali,3,IT/Communication,historico,17578571.0,0.0,17578571.0
2024-01-01,Cali,3,Industria,historico,173328156.0,36000.0,173292156.0
2024-01-01,Cali,3,Madera y Papel,historico,114187290.63,0.0,114187290.63
2024-01-01,Cali,3,Maquinaria y Afines,historico,42802671.0,433200.0,42369471.0
2024-01-01,Cali,3,Mining,historico,63096225.06,0.0,63096225.06
2024-01-01,Cali,3,Persona Natural,historico,286492.0,0.0,286492.0
2024-01-01,Cali,3,Quimico,historico,194779351.5,7742638.0,187036713.5
2024-01-01,Cali,3,Servicio de apoyo empresarial,historico,5829946.0,0.0,5829946.0
2024-01-01,Cali,3,Servicios Publicos,historico,243685386.76,67797.0,243617589.76
2024-01-01,Cali,3,"Textiles, Confecciones y Cuero",historico,11780554.0,0.0,11780554.0
2024-01-01,Cali,3,Transporte y Logistica,historico,8996135.0,0.0,8996135.0
2024-01-01,Barranquilla,4,0,historico,211241508.8,48300864.0,162940644.8
2024-01-01,Barranquilla,4,Agricultura,historico,27974256.0,0.0,27974256.0
2024-01-01,Barranquilla,4,Articulos Para el Hogar y la Oficina,historico,9023677.0,0.0,9023677.0
2024-01-01,Barranquilla,4,Caucho y Plasticos,historico,25262603.0,414000.0,24848603.0
2024-01-01,Barranquilla,4,Comercio,historico,260861511.48,3195203.0,257666308.48
2024-01-01,Barranquilla,4,Construction,historico,135870175.0,10495200.0,125374975.0
2024-01-01,Barranquilla,4,Empleados,historico,150428.0,0.0,150428.0
2024-01-01,Barranquilla,4,Equipo de Transporte,historico,6318607.0,0.0,6318607.0
2024-01-01,Barranquilla,4,Food,historico,295540024.58,5834840.0,289705184.58
2024-01-01,Barranquilla,4,Health/Social,historico,1617000.0,0.0,1617000.0
2024-01-01,Barranquilla,4,Hidrocarburo,historico,48238955.0,0.0,48238955.0
2024-01-01,Barranquilla,4,IT/Communication,historico,1623390.0,185200.0,1438190.0
2024-01-01,Barranquilla,4,Industria,historico,550327457.3,10570747.0,539756710.3
2024-01-01,Barranquilla,4,Madera y Papel,historico,23375831.0,1342900.0,22032931.0
2024-01-01,Barranquilla,4,Maquinaria y Afines,historico,103425427.0,1437290.0,101988137.0
2024-01-01,Barranquilla,4,Mining,historico,920677985.03,270398156.64,650279828.39
2024-01-01,Barranquilla,4,Persona Natural,historico,826413.26,0.0,826413.26
2024-01-01,Barranquilla,4,Quimico,historico,107272682.0,1723824.0,105548858.0
2024-01-01,Barranquilla,4,Servicios Publicos,historico,65039137.95,6596279.0,58442858.95
2024-01-01,Barranquilla,4,"Textiles, Confecciones y Cuero",historico,17062024.0,0.0,17062024.0
2024-01-01,Barranquilla,4,Transporte y Logistica,historico,51170462.0,251000.0,50919462.0
2024-01-01,Barranquilla,4,Turistico,historico,270000.0,0.0,270000.0
2024-01-01,Cartagena,5,0,historico,45472549.32,1166838.0,44305711.32
2024-01-01,Cartagena,5,Caucho y Plasticos,historico,1966383.0,0.0,1966383.0
2024-01-01,Cartagena,5,Comercio,historico,259264737.39,2369841.0,256894896.39
2024-01-01,Cartagena,5,Construction,historico,111543531.2,316408.0,111227123.2
2024-01-01,Cartagena,5,Empleados,historico,1172436.0,348552.0,823884.0
2024-01-01,Cartagena,5,Equipo de Transporte,historico,1504748.0,0.0,1504748.0
2024-01-01,Cartagena,5,Food,historico,169133664.75,3359688.0,165773976.75
2024-01-01,Cartagena,5,Health/Social,historico,3480211.0,0.0,3480211.0
2024-01-01,Cartagena,5,Hidrocarburo,historico,167968482.24,3730010.0,164238472.24
2024-01-01,Cartagena,5,IT/Communication,historico,318900.0,0.0,318900.0
2024-01-01,Cartagena,5,Industria,historico,304110228.48,532584.0,303577644.48
2024-01-01,Cartagena,5,Madera y Papel,historico,54184537.0,3655600.0,50528937.0
2024-01-01,Cartagena,5,Maquinaria y Afines,historico,46698395.5,1247160.0,45451235.5
2024-01-01,Cartagena,5,Mining,historico,119987229.0,108000.0,119879229.0
2024-01-01,Cartagena,5,Persona Natural,historico,1684058.0,0.0,1684058.0
2024-01-01,Cartagena,5,Quimico,historico,295976494.5,1969229.0,294007265.5
2024-01-01,Cartagena,5,Servicio de apoyo empresarial,historico,4881540.0,0.0,4881540.0
2024-01-01,Cartagena,5,Servicios Publicos,historico,98274987.0,11621370.0,86653617.0
2024-01-01,Cartagena,5,Transporte y Logistica,historico,106647191.0,275430.0,106371761.0
2024-01-01,Cartagena,5,Turistico,historico,4362792.0,0.0,4362792.0
2024-02-01,Medellín,1,0,historico,94917753.28,1913288.0,93004465.28
2024-02-01,Medellín,1,Agricultura,historico,87791734.0,0.0,87791734.0
2024-02-01,Medellín,1,Articulos Para el Hogar y la Oficina,historico,17202796.0,0.0,17202796.0
2024-02-01,Medellín,1,Caucho y Plasticos,historico,68485207.08,5389600.0,63095607.08
2024-02-01,Medellín,1,Comercio,historico,1309571128.74,43528252.0,1266042876.74
2024-02-01,Medellín,1,Construction,historico,644920280.58,79156666.0,565763614.58
2024-02-01,Medellín,1,Education,historico,1760750.0,0.0,1760750.0
2024-02-01,Medellín,1,Empleados,historico,1469206.0,354245.0,1114961.0
2024-02-01,Medellín,1,Equipo de Transporte,historico,26902035.05,9543785.0,17358250.05
2024-02-01,Medellín,1,Food,historico,921893631.38,149463445.96,772430185.42
2024-02-01,Medellín,1,Health/Social,historico,25661449.0,36000.0,25625449.0
2024-02-01,Medellín,1,Hidrocarburo,historico,156810681.28,515214.0,156295467.28
2024-02-01,Medellín,1,IT/Communication,historico,3761658.0,0.0,3761658.0
2024-02-01,Medellín,1,Industria,historico,825049409.55,16978775.0,808070634.55
2024-02-01,Medellín,1,Madera y Papel,historico,218447862.0,2702574.0,215745288.0
2024-02-01,Medellín,1,Maquinaria y Afines,historico,112187355.74,952188.0,111235167.74
2024-02-01,Medellín,1,Mining,historico,588456355.78,15802878.719999999,572653477.06
2024-02-01,Medellín,1,Persona Natural,historico,6116832.0,0.0,6116832.0
2024-02-01,Medellín,1,Quimico,historico,243027803.6,6863954.0,236163849.6
2024-02-01,Medellín,1,Servicio de apoyo empresarial,historico,33542514.0,0.0,33542514.0
2024-02-01,Medellín,1,Servicios Publicos,historico,139307390.0,7123401.0,132183989.0
2024-02-01,Medellín,1,"Textiles, Confecciones y Cuero",historico,83906283.0,720000.0,83186283.0
2024-02-01,Medellín,1,Transporte y Logistica,historico,165200493.0,711300.0,164489193.0
2024-02-01,Bogotá,2,0,historico,132907918.0,3247047.0,129660871.0
2024-02-01,Bogotá,2,Agricultura,historico,144343952.0,13037016.0,131306936.0
2024-02-01,Bogotá,2,Articulos Para el Hogar y la Oficina,historico,23085304.0,0.0,23085304.0
2024-02-01,Bogotá,2,Caucho y Plasticos,historico,21550674.0,1546132.0,20004542.0
2024-02-01,Bogotá,2,Comercio,historico,1997033912.36,79900363.94,1917133548.42
2024-02-01,Bogotá,2,Construction,historico,187600534.0,1702420.0,185898114.0
2024-02-01,Bogotá,2,Education,historico,300000.0,0.0,300000.0
2024-02-01,Bogotá,2,Empleados,historico,882344.0,0.0,882344.0
2024-02-01,Bogotá,2,Energy supply,historico,2075900.0,0.0,2075900.0
2024-02-01,Bogotá,2,Equipo de Transporte,historico,103789782.0,2633748.0,101156034.0
2024-02-01,Bogotá,2,Food,historico,1062156593.98,15821374.0,1046335219.98
2024-02-01,Bogotá,2,Health/Social,historico,12650828.0,110500.0,12540328.0
2024-02-01,Bogotá,2,Hidrocarburo,historico,247058576.75,46322558.0,200736018.75
2024-02-01,Bogotá,2,IT/Communication,historico,24479332.0,0.0,24479332.0
2024-02-01,Bogotá,2,Industria,historico,462262806.0,14136053.0,448126753.0
2024-02-01,Bogotá,2,Madera y Papel,historico,61578838.0,135848.0,61442990.0
2024-02-01,Bogotá,2,Maquinaria y Afines,historico,133804917.0,13428160.0,120376757.0
2024-02-01,Bogotá,2,Mining,historico,1382068546.0,3812193.0,1378256353.0
2024-02-01,Bogotá,2,Persona Natural,historico,5803381.0,0.0,5803381.0
2024-02-01,Bogotá,2,Quimico,historico,411236886.0,10966627.0,400270259.0
2024-02-01,Bogotá,2,Servicio de apoyo empresarial,historico,30143949.0,0.0,30143949.0
2024-02-01,Bogotá,2,Servicios Publicos,historico,202884021.0,540240.0,202343781.0
2024-02-01,Bogotá,2,"Textiles, Confecciones y Cuero",historico,29136650.0,1082320.0,28054330.0
2024-02-01,Bogotá,2,Transporte y Logistica,historico,67578111.0,2754000.0,64824111.0
2024-02-01,Bogotá,2,Turistico,historico,3481279.0,0.0,3481279.0
2024-02-01,Cali,3,0,historico,75641901.0,5482260.0,70159641.0
2024-02-01,Cali,3,Agricultura,historico,29926719.0,39216.0,29887503.0
2024-02-01,Cali,3,Articulos Para el Hogar y la Oficina,historico,534815.0,0.0,534815.0
2024-02-01,Cali,3,Caucho y Plasticos,historico,108730253.0,4321500.0,104408753.0
2024-02-01,Cali,3,Comercio,historico,620219287.54,7237111.0,612982176.54
2024-02-01,Cali,3,Construction,historico,10577712.0,579840.0,9997872.0
2024-02-01,Cali,3,Education,historico,6195165.0,0.0,6195165.0
2024-02-01,Cali,3,Empleados,historico,345208.0,198900.0,146308.0
2024-02-01,Cali,3,Equipo de Transporte,historico,62587607.0,0.0,62587607.0
2024-02-01,Cali,3,Food,historico,817119101.92,25056563.0,792062538.92
2024-02-01,Cali,3,Health/Social,historico,22611144.0,0.0,22611144.0
2024-02-01,Cali,3,Hidrocarburo,historico,37622580.0,0.0,37622580.0
2024-02-01,Cali,3,IT/Communication,historico,14381898.0,8109415.0,6272483.0
2024-02-01,Cali,3,Industria,historico,332409811.48,11328756.0,321081055.48
2024-02-01,Cali,3,Madera y Papel,historico,143989634.81,2036070.0,141953564.81
2024-02-01,Cali,3,Maquinaria y Afines,historico,56510112.0,9459562.0,47050550.0
2024-02-01,Cali,3,Mining,historico,124516202.0,1400000.0,123116202.0
2024-02-01,Cali,3,Persona Natural,historico,201890.0,0.0,201890.0
2024-02-01,Cali,3,Quimico,historico,437596603.9,1910389.0,435686214.9
2024-02-01,Cali,3,Servicio de apoyo empresarial,historico,3241981.0,0.0,3241981.0
2024-02-01,Cali,3,Servicios Publicos,historico,22699949.0,0.0,22699949.0
2024-02-01,Cali,3,"Textiles, Confecciones y Cuero",historico,23946320.0,0.0,23946320.0
2024-02-01,Cali,3,Transporte y Logistica,historico,35987125.0,0.0,35987125.0
2024-02-01,Cali,3,Turistico,historico,67680.0,0.0,67680.0
2024-02-01,Barranquilla,4,0,historico,71471034.12,2303360.0,69167674.12
2024-02-01,Barranquilla,4,Agricultura,historico,19320590.0,0.0,19320590.0
2024-02-01,Barranquilla,4,Articulos Para el Hogar y la Oficina,historico,4343956.0,0.0,4343956.0
2024-02-01,Barranquilla,4,Caucho y Plasticos,historico,43367583.0,0.0,43367583.0
2024-02-01,Barranquilla,4,Comercio,historico,436876742.86,10876346.0,426000396.86
2024-02-01,Barranquilla,4,Construction,historico,77484445.0,745800.0,76738645.0
2024-02-01,Barranquilla,4,Empleados,historico,55610.0,0.0,55610.0
2024-02-01,Barranquilla,4,Equipo de Transporte,historico,8661778.0,0.0,8661778.0
2024-02-01,Barranquilla,4,Food,historico,252194094.5,1010850.0,251183244.5
2024-02-01,Barranquilla,4,Health/Social,historico,1750500.0,0.0,1750500.0
2024-02-01,Barranquilla,4,Hidrocarburo,historico,36635780.0,0.0,36635780.0
2024-02-01,Barranquilla,4,IT/Communication,historico,149400.0,0.0,149400.0
2024-02-01,Barranquilla,4,Industria,historico,280734191.52,1207425.0,279526766.52
2024-02-01,Barranquilla,4,Madera y Papel,historico,28253982.0,0.0,28253982.0
2024-02-01,Barranquilla,4,Maquinaria y Afines,historico,110944033.0,3160800.0,107783233.0
2024-02-01,Barranquilla,4,Mining,historico,1188240592.15,5328180.0,1182912412.15
2024-02-01,Barranquilla,4,Persona Natural,historico,352383.76,51600.0,300783.76
2024-02-01,Barranquilla,4,Quimico,historico,158870495.5,8539157.0,150331338.5
2024-02-01,Barranquilla,4,Servicio de apoyo empresarial,historico,1932069.0,0.0,1932069.0
2024-02-01,Barranquilla,4,Servicios Publicos,historico,61680103.0,4830400.0,56849703.0
2024-02-01,Barranquilla,4,"Textiles, Confecciones y Cuero",historico,16172339.04,0.0,16172339.04
2024-02-01,Barranquilla,4,Transporte y Logistica,historico,35832536.0,99700.0,35732836.0
2024-02-01,Cartagena,5,0,historico,48105881.67,1226947.0,46878934.67
2024-02-01,Cartagena,5,Caucho y Plasticos,historico,1648765.0,0.0,1648765.0
2024-02-01,Cartagena,5,Comercio,historico,246493316.09,13114660.0,233378656.09
2024-02-01,Cartagena,5,Construction,historico,155166255.8,5483350.0,149682905.8
2024-02-01,Cartagena,5,Empleados,historico,607195.0,54297.0,552898.0
2024-02-01,Cartagena,5,Equipo de Transporte,historico,2189422.0,0.0,2189422.0
2024-02-01,Cartagena,5,Food,historico,159248932.14,3414130.0,155834802.14
2024-02-01,Cartagena,5,Health/Social,historico,10553905.0,0.0,10553905.0
2024-02-01,Cartagena,5,Hidrocarburo,historico,487076171.96,9333500.0,477742671.96
2024-02-01,Cartagena,5,Industria,historico,296104782.21,10905909.0,285198873.21
2024-02-01,Cartagena,5,Madera y Papel,historico,151518802.0,0.0,151518802.0
2024-02-01,Cartagena,5,Maquinaria y Afines,historico,23614365.5,181350.0,23433015.5
2024-02-01,Cartagena,5,Mining,historico,161192924.9,1363500.0,159829424.9
2024-02-01,Cartagena,5,Persona Natural,historico,1958548.08,22400.0,1936148.08
2024-02-01,Cartagena,5,Quimico,historico,328531570.5,6761164.0,321770406.5
2024-02-01,Cartagena,5,Servicio de apoyo empresarial,historico,21795088.0,0.0,21795088.0
2024-02-01,Cartagena,5,Servicios Publicos,historico,192251299.0,5576000.0,186675299.0
2024-02-01,Cartagena,5,Transporte y Logistica,historico,120912580.0,540250.0,120372330.0
2024-02-01,Cartagena,5,Turistico,historico,7649800.0,0.0,7649800.0
2024-03-01,Medellín,1,0,historico,99402495.58,4745083.0,94657412.58
2024-03-01,Medellín,1,Agricultura,historico,151561417.8,5325427.0,146235990.8
2024-03-01,Medellín,1,Articulos Para el Hogar y la Oficina,historico,37534120.0,448650.0,37085470.0
2024-03-01,Medellín,1,Caucho y Plasticos,historico,51486830.0,1467844.0,50018986.0
2024-03-01,Medellín,1,Comercio,historico,1423047182.01,461467318.0,961579864.01
2024-03-01,Medellín,1,Construction,historico,456864275.71,21995286.0,434868989.71
2024-03-01,Medellín,1,Education,historico,76000.0,0.0,76000.0
2024-03-01,Medellín,1,Empleados,historico,1376507.0,0.0,1376507.0
2024-03-01,Medellín,1,Equipo de Transporte,historico,10954690.0,32000.0,10922690.0
2024-03-01,Medellín,1,Food,historico,686889687.58,24103258.0,662786429.58
2024-03-01,Medellín,1,Health/Social,historico,16436161.0,0.0,16436161.0
2024-03-01,Medellín,1,Hidrocarburo,historico,191359868.91,9881564.0,181478304.91
2024-03-01,Medellín,1,IT/Communication,historico,1331554.0,0.0,1331554.0
2024-03-01,Medellín,1,Industria,historico,611908694.38,4311030.0,607597664.38
2024-03-01,Medellín,1,Madera y Papel,historico,76964489.0,1119960.0,75844529.0
2024-03-01,Medellín,1,Maquinaria y Afines,historico,71598247.34,1584363.0,70013884.34
2024-03-01,Medellín,1,Mining,historico,1104212149.96,6338037.0,1097874112.96
2024-03-01,Medellín,1,Persona Natural,historico,1615122.0,0.0,1615122.0
2024-03-01,Medellín,1,Quimico,historico,259346659.16,9831014.0,249515645.16
2024-03-01,Medellín,1,Servicio de apoyo empresarial,historico,28580650.0,0.0,28580650.0
2024-03-01,Medellín,1,Servicios Publicos,historico,116322022.0,10567754.0,105754268.0
2024-03-01,Medellín,1,"Textiles, Confecciones y Cuero",historico,57988211.6,0.0,57988211.6
2024-03-01,Medellín,1,Transporte y Logistica,historico,98396894.0,1130315.0,97266579.0
2024-03-01,Medellín,1,Turistico,historico,333000.0,0.0,333000.0
2024-03-01,Bogotá,2,0,historico,75108588.0,195230.0,74913358.0
2024-03-01,Bogotá,2,Agricultura,historico,212955167.0,26099464.0,186855703.0
2024-03-01,Bogotá,2,Articulos Para el Hogar y la Oficina,historico,75912494.0,1014000.0,74898494.0
2024-03-01,Bogotá,2,Caucho y Plasticos,historico,12337820.0,0.0,12337820.0
2024-03-01,Bogotá,2,Comercio,historico,1762723314.13,86365720.12,1676357594.01
2024-03-01,Bogotá,2,Construction,historico,239389269.0,1634710.0,237754559.0
2024-03-01,Bogotá,2,Education,historico,3277653.0,0.0,3277653.0
2024-03-01,Bogotá,2,Empleados,historico,664209.0,137148.0,527061.0
2024-03-01,Bogotá,2,Equipo de Transporte,historico,128934496.0,1014874.0,127919622.0
2024-03-01,Bogotá,2,Finance/Insurance,historico,247900.0,0.0,247900.0
2024-03-01,Bogotá,2,Food,historico,996642071.3,18381717.0,978260354.3
2024-03-01,Bogotá,2,Health/Social,historico,5184975.0,158864.0,5026111.0
2024-03-01,Bogotá,2,Hidrocarburo,historico,324937562.01,31896853.0,293040709.01
2024-03-01,Bogotá,2,IT/Communication,historico,2629562.0,0.0,2629562.0
2024-03-01,Bogotá,2,Industria,historico,480130882.0,37148276.0,442982606.0
2024-03-01,Bogotá,2,Madera y Papel,historico,68080853.0,3450240.0,64630613.0
2024-03-01,Bogotá,2,Maquinaria y Afines,historico,97452385.0,15216886.0,82235499.0
2024-03-01,Bogotá,2,Mining,historico,988412866.0,46274289.0,942138577.0
2024-03-01,Bogotá,2,Persona Natural,historico,797300.0,0.0,797300.0
2024-03-01,Bogotá,2,Quimico,historico,414294610.0,20406416.0,393888194.0
2024-03-01,Bogotá,2,Servicio de apoyo empresarial,historico,2037390.0,11430270.0,-9392880.0
2024-03-01,Bogotá,2,Servicios Publicos,historico,72853483.0,2065800.0,70787683.0
2024-03-01,Bogotá,2,"Textiles, Confecciones y Cuero",historico,28362555.0,0.0,28362555.0
2024-03-01,Bogotá,2,Transporte y Logistica,historico,62940244.0,5043450.0,57896794.0
2024-03-01,Bogotá,2,Turistico,historico,5309482.0,50000.0,5259482.0
2024-03-01,Cali,3,0,historico,46447386.3,2521693.0,43925693.3
2024-03-01,Cali,3,Agricultura,historico,19677967.0,0.0,19677967.0
2024-03-01,Cali,3,Articulos Para el Hogar y la Oficina,historico,34300919.0,0.0,34300919.0
2024-03-01,Cali,3,Caucho y Plasticos,historico,84949576.0,0.0,84949576.0
2024-03-01,Cali,3,Comercio,historico,417113625.76,9057005.0,408056620.76
2024-03-01,Cali,3,Construction,historico,10516579.0,0.0,10516579.0
2024-03-01,Cali,3,Education,historico,1015900.0,1290000.0,-274100.0
2024-03-01,Cali,3,Empleados,historico,225914.0,0.0,225914.0
2024-03-01,Cali,3,Equipo de Transporte,historico,71462410.0,0.0,71462410.0
2024-03-01,Cali,3,Food,historico,1040892594.08,16133490.5,1024759103.58
2024-03-01,Cali,3,Hidrocarburo,historico,10822592.0,326564.0,10496028.0
2024-03-01,Cali,3,IT/Communication,historico,17375759.0,0.0,17375759.0
2024-03-01,Cali,3,Industria,historico,208924613.75,1607920.0,207316693.75
2024-03-01,Cali,3,Madera y Papel,historico,123966729.23,0.0,123966729.23
2024-03-01,Cali,3,Maquinaria y Afines,historico,23107525.15,62000.0,23045525.15
2024-03-01,Cali,3,Mining,historico,118606447.0,1678800.0,116927647.0
2024-03-01,Cali,3,Persona Natural,historico,1073416.0,0.0,1073416.0
2024-03-01,Cali,3,Quimico,historico,359559948.34,10915000.0,348644948.34
2024-03-01,Cali,3,Servicio de apoyo empresarial,historico,789394.0,0.0,789394.0
2024-03-01,Cali,3,Servicios Publicos,historico,121226835.0,0.0,121226835.0
2024-03-01,Cali,3,"Textiles, Confecciones y Cuero",historico,25529290.0,0.0,25529290.0
2024-03-01,Cali,3,Transporte y Logistica,historico,6680077.0,526000.0,6154077.0
2024-03-01,Cali,3,Turistico,historico,67680.0,0.0,67680.0
2024-03-01,Barranquilla,4,0,historico,46101323.46,169920.0,45931403.46
2024-03-01,Barranquilla,4,Agricultura,historico,7479031.0,0.0,7479031.0
2024-03-01,Barranquilla,4,Articulos Para el Hogar y la Oficina,historico,13246270.0,317125.0,12929145.0
2024-03-01,Barranquilla,4,Caucho y Plasticos,historico,21933784.0,0.0,21933784.0
2024-03-01,Barranquilla,4,Comercio,historico,237568521.74,1025084.0,236543437.74
2024-03-01,Barranquilla,4,Construction,historico,183315063.0,3266280.0,180048783.0
2024-03-01,Barranquilla,4,Empleados,historico,145704.5,1294597.0,-1148892.5
2024-03-01,Barranquilla,4,Equipo de Transporte,historico,11608631.0,1095135.0,10513496.0
2024-03-01,Barranquilla,4,Food,historico,325017188.75,4036785.0,320980403.75
2024-03-01,Barranquilla,4,Health/Social,historico,662565.0,0.0,662565.0
2024-03-01,Barranquilla,4,Hidrocarburo,historico,71508435.0,0.0,71508435.0
2024-03-01,Barranquilla,4,Industria,historico,604991655.0,5452040.0,599539615.0
2024-03-01,Barranquilla,4,Madera y Papel,historico,38223686.0,0.0,38223686.0
2024-03-01,Barranquilla,4,Maquinaria y Afines,historico,101756894.2,1553614.0,100203280.2
2024-03-01,Barranquilla,4,Mining,historico,500342667.13,11029944.0,489312723.13
2024-03-01,Barranquilla,4,Persona Natural,historico,536860.0,0.0,536860.0
2024-03-01,Barranquilla,4,Quimico,historico,133976005.0,4351749.0,129624256.0
2024-03-01,Barranquilla,4,Servicio de apoyo empresarial,historico,3706860.0,0.0,3706860.0
2024-03-01,Barranquilla,4,Servicios Publicos,historico,94389476.0,4754530.0,89634946.0
2024-03-01,Barranquilla,4,"Textiles, Confecciones y Cuero",historico,22073722.0,1144800.0,20928922.0
2024-03-01,Barranquilla,4,Transporte y Logistica,historico,36515636.48,1273290.0,35242346.48
2024-03-01,Cartagena,5,0,historico,45965989.67,0.0,45965989.67
2024-03-01,Cartagena,5,Caucho y Plasticos,historico,995985.0,0.0,995985.0
2024-03-01,Cartagena,5,Comercio,historico,276521885.64,8461011.0,268060874.64
2024-03-01,Cartagena,5,Construction,historico,113330725.0,130900.0,113199825.0
2024-03-01,Cartagena,5,Empleados,historico,508210.0,68400.0,439810.0
2024-03-01,Cartagena,5,Equipo de Transporte,historico,4190000.0,0.0,4190000.0
2024-03-01,Cartagena,5,Food,historico,103649624.0,21423676.0,82225948.0
2024-03-01,Cartagena,5,Health/Social,historico,11587030.0,502710.0,11084320.0
2024-03-01,Cartagena,5,Hidrocarburo,historico,236799935.34,87740070.34,149059865.0
2024-03-01,Cartagena,5,IT/Communication,historico,25230.0,0.0,25230.0
2024-03-01,Cartagena,5,Industria,historico,229561541.46,19151402.0,210410139.46
2024-03-01,Cartagena,5,Madera y Papel,historico,156929276.0,7962455.0,148966821.0
2024-03-01,Cartagena,5,Maquinaria y Afines,historico,33098818.0,801426.0,32297392.0
2024-03-01,Cartagena,5,Mining,historico,203656964.0,1784750.0,201872214.0
2024-03-01,Cartagena,5,Persona Natural,historico,2166637.18,0.0,2166637.18
2024-03-01,Cartagena,5,Quimico,historico,236222518.0,847730.0,235374788.0
2024-03-01,Cartagena,5,Servicio de apoyo empresarial,historico,23743128.0,65612.0,23677516.0
2024-03-01,Cartagena,5,Servicios Publicos,historico,166304062.0,6457016.0,159847046.0
2024-03-01,Cartagena,5,Transporte y Logistica,historico,167840863.0,5022034.0,162818829.0
2024-03-01,Cartagena,5,Turistico,historico,2443840.0,0.0,2443840.0
2024-04-01,Medellín,1,0,historico,72495802.29,2609864.5,69885937.79
2024-04-01,Medellín,1,Agricultura,historico,214437383.88,518600.0,213918783.88
2024-04-01,Medellín,1,Articulos Para el Hogar y la Oficina,historico,13635941.0,0.0,13635941.0
2024-04-01,Medellín,1,Caucho y Plasticos,historico,82428250.5,416888.0,82011362.5
2024-04-01,Medellín,1,Comercio,historico,1440387041.0,27617447.0,1412769594.0
2024-04-01,Medellín,1,Construction,historico,623448933.0,40478605.0,582970328.0
2024-04-01,Medellín,1,Education,historico,8934800.0,235125.0,8699675.0
2024-04-01,Medellín,1,Empleados,historico,2029015.0,389707.5,1639307.5
2024-04-01,Medellín,1,Equipo de Transporte,historico,23988726.5,245800.0,23742926.5
2024-04-01,Medellín,1,Food,historico,770063812.82,41960073.0,728103739.82
2024-04-01,Medellín,1,Health/Social,historico,15811395.0,37800.0,15773595.0
2024-04-01,Medellín,1,Hidrocarburo,historico,298939328.1,7354016.0,291585312.1
2024-04-01,Medellín,1,IT/Communication,historico,892307.0,128700.0,763607.0
2024-04-01,Medellín,1,Industria,historico,839756682.76,25476515.84,814280166.92
2024-04-01,Medellín,1,Madera y Papel,historico,148113701.0,1549480.0,146564221.0
2024-04-01,Medellín,1,Maquinaria y Afines,historico,250821837.83,3909767.0,246912070.83
2024-04-01,Medellín,1,Mining,historico,609772496.19,39405594.0,570366902.19
2024-04-01,Medellín,1,Persona Natural,historico,2643622.0,0.0,2643622.0
2024-04-01,Medellín,1,Quimico,historico,226391122.0,4230391.0,222160731.0
2024-04-01,Medellín,1,Servicio de apoyo empresarial,historico,22108873.0,1288809.0,20820064.0
2024-04-01,Medellín,1,Servicios Publicos,historico,291482253.0,12136528.0,279345725.0
2024-04-01,Medellín,1,"Textiles, Confecciones y Cuero",historico,129227171.4,358108.0,128869063.4
2024-04-01,Medellín,1,Transporte y Logistica,historico,128225253.0,135000.0,128090253.0
2024-04-01,Medellín,1,Turistico,historico,36162520.0,375000.0,35787520.0
2024-04-01,Bogotá,2,0,historico,153086880.0,1925625.0,151161255.0
2024-04-01,Bogotá,2,Agricultura,historico,112322678.0,21711056.0,90611622.0
2024-04-01,Bogotá,2,Articulos Para el Hogar y la Oficina,historico,43635984.0,347500.0,43288484.0
2024-04-01,Bogotá,2,Caucho y Plasticos,historico,15527691.0,0.0,15527691.0
2024-04-01,Bogotá,2,Comercio,historico,2120222940.33,51571349.0,2068651591.33
2024-04-01,Bogotá,2,Construction,historico,82163640.0,2866063.0,79297577.0
2024-04-01,Bogotá,2,Education,historico,13154992.0,195524.0,12959468.0
2024-04-01,Bogotá,2,Empleados,historico,754542.0,2124471.0,-1369929.0
2024-04-01,Bogotá,2,Equipo de Transporte,historico,264133763.0,3585000.0,260548763.0
2024-04-01,Bogotá,2,Food,historico,1306870978.46,18974792.0,1287896186.46
2024-04-01,Bogotá,2,Health/Social,historico,22958072.0,0.0,22958072.0
2024-04-01,Bogotá,2,Hidrocarburo,historico,354977607.77,58415240.0,296562367.77
2024-04-01,Bogotá,2,IT/Communication,historico,18376779.0,0.0,18376779.0
2024-04-01,Bogotá,2,Industria,historico,634736249.0,6335392.0,628400857.0
2024-04-01,Bogotá,2,Instituciones,historico,1230000.0,0.0,1230000.0
2024-04-01,Bogotá,2,Madera y Papel,historico,50384834.0,1292856.0,49091978.0
2024-04-01,Bogotá,2,Maquinaria y Afines,historico,164319447.0,8909662.0,155409785.0
2024-04-01,Bogotá,2,Mining,historico,1160910819.53,89357136.5,1071553683.03
2024-04-01,Bogotá,2,Persona Natural,historico,3545442.0,0.0,3545442.0
2024-04-01,Bogotá,2,Quimico,historico,535385147.66,21712422.0,513672725.66
2024-04-01,Bogotá,2,Servicio de apoyo empresarial,historico,6594658.0,0.0,6594658.0
2024-04-01,Bogotá,2,Servicios Publicos,historico,81526361.0,1266320.0,80260041.0
2024-04-01,Bogotá,2,"Textiles, Confecciones y Cuero",historico,57609715.0,450000.0,57159715.0
2024-04-01,Bogotá,2,Transporte y Logistica,historico,189136547.0,1483548.0,187652999.0
2024-04-01,Bogotá,2,Turistico,historico,7051507.0,0.0,7051507.0
2024-04-01,Cali,3,0,historico,44216642.0,1204563.0,43012079.0
2024-04-01,Cali,3,Agricultura,historico,15277578.0,972800.0,14304778.0
2024-04-01,Cali,3,Articulos Para el Hogar y la Oficina,historico,42056011.0,350730.0,41705281.0
2024-04-01,Cali,3,Caucho y Plasticos,historico,135843961.0,2753000.0,133090961.0
2024-04-01,Cali,3,Comercio,historico,616179852.54,6587359.0,609592493.54
2024-04-01,Cali,3,Construction,historico,38597990.0,0.0,38597990.0
2024-04-01,Cali,3,Education,historico,2809083.0,0.0,2809083.0
2024-04-01,Cali,3,Empleados,historico,459158.0,0.0,459158.0
2024-04-01,Cali,3,Equipo de Transporte,historico,33095126.0,0.0,33095126.0
2024-04-01,Cali,3,Food,historico,1318986987.11,87388384.72999999,1231598602.38
2024-04-01,Cali,3,Health/Social,historico,1309551.0,0.0,1309551.0
2024-04-01,Cali,3,Hidrocarburo,historico,26804448.89,116200.0,26688248.89
2024-04-01,Cali,3,IT/Communication,historico,5055080.0,0.0,5055080.0
2024-04-01,Cali,3,Industria,historico,203296992.4,12678610.0,190618382.4
2024-04-01,Cali,3,Madera y Papel,historico,218890650.1,26862896.54,192027753.56
2024-04-01,Cali,3,Maquinaria y Afines,historico,50445663.0,221297.0,50224366.0
2024-04-01,Cali,3,Mining,historico,145450441.97,3246672.0,142203769.97
2024-04-01,Cali,3,Persona Natural,historico,338875.0,0.0,338875.0
2024-04-01,Cali,3,Quimico,historico,457366651.11,36736086.0,420630565.11
2024-04-01,Cali,3,Servicio de apoyo empresarial,historico,3839276.0,0.0,3839276.0
2024-04-01,Cali,3,Servicios Publicos,historico,107590459.92,0.0,107590459.92
2024-04-01,Cali,3,"Textiles, Confecciones y Cuero",historico,16911067.0,0.0,16911067.0
2024-04-01,Cali,3,Transporte y Logistica,historico,28210491.0,720000.0,27490491.0
2024-04-01,Cali,3,Turistico,historico,1527090.0,0.0,1527090.0
2024-04-01,Barranquilla,4,0,historico,57479136.19,604209.0,56874927.19
2024-04-01,Barranquilla,4,Agricultura,historico,25098800.0,0.0,25098800.0
2024-04-01,Barranquilla,4,Articulos Para el Hogar y la Oficina,historico,8590366.0,0.0,8590366.0
2024-04-01,Barranquilla,4,Caucho y Plasticos,historico,17759242.0,80000.0,17679242.0
2024-04-01,Barranquilla,4,Comercio,historico,357190033.1,12738480.0,344451553.1
2024-04-01,Barranquilla,4,Construction,historico,95034824.0,601635.0,94433189.0
2024-04-01,Barranquilla,4,Empleados,historico,90664.0,350687.0,-260023.0
2024-04-01,Barranquilla,4,Equipo de Transporte,historico,4779057.0,0.0,4779057.0
2024-04-01,Barranquilla,4,Food,historico,393069186.8,7371531.0,385697655.8
2024-04-01,Barranquilla,4,Health/Social,historico,4839783.0,0.0,4839783.0
2024-04-01,Barranquilla,4,Hidrocarburo,historico,79186540.0,1920580.0,77265960.0
2024-04-01,Barranquilla,4,Industria,historico,476185623.0,2236818.0,473948805.0
2024-04-01,Barranquilla,4,Madera y Papel,historico,43508063.0,0.0,43508063.0
2024-04-01,Barranquilla,4,Maquinaria y Afines,historico,117658580.88,1758421.0,115900159.88
2024-04-01,Barranquilla,4,Mining,historico,1267557744.79,83685890.16,1183871854.63
2024-04-01,Barranquilla,4,Persona Natural,historico,772750.0,93600.0,679150.0
2024-04-01,Barranquilla,4,Quimico,historico,175726847.0,8608707.0,167118140.0
2024-04-01,Barranquilla,4,Servicio de apoyo empresarial,historico,2979800.0,0.0,2979800.0
2024-04-01,Barranquilla,4,Servicios Publicos,historico,38082452.0,20284780.0,17797672.0
2024-04-01,Barranquilla,4,"Textiles, Confecciones y Cuero",historico,10409766.0,30780.0,10378986.0
2024-04-01,Barranquilla,4,Transporte y Logistica,historico,39186770.0,1344985.0,37841785.0
2024-04-01,Barranquilla,4,Turistico,historico,405000.0,0.0,405000.0
2024-04-01,Cartagena,5,0,historico,27890937.54,453405.0,27437532.54
2024-04-01,Cartagena,5,Caucho y Plasticos,historico,1646950.0,0.0,1646950.0
2024-04-01,Cartagena,5,Comercio,historico,272867884.52,480200.0,272387684.52
2024-04-01,Cartagena,5,Construction,historico,188696513.5,382064.0,188314449.5
2024-04-01,Cartagena,5,Empleados,historico,528655.0,0.0,528655.0
2024-04-01,Cartagena,5,Equipo de Transporte,historico,19549496.0,0.0,19549496.0
2024-04-01,Cartagena,5,Food,historico,206986329.0,11651676.0,195334653.0
2024-04-01,Cartagena,5,Health/Social,historico,14896678.0,130320.0,14766358.0
2024-04-01,Cartagena,5,Hidrocarburo,historico,218340555.52,10390907.0,207949648.52
2024-04-01,Cartagena,5,Industria,historico,359411402.3,0.0,359411402.3
2024-04-01,Cartagena,5,Madera y Papel,historico,83822530.0,0.0,83822530.0
2024-04-01,Cartagena,5,Maquinaria y Afines,historico,29082697.0,0.0,29082697.0
2024-04-01,Cartagena,5,Mining,historico,238205831.6,324085.0,237881746.6
2024-04-01,Cartagena,5,Persona Natural,historico,1755459.0,0.0,1755459.0
2024-04-01,Cartagena,5,Quimico,historico,481296892.3,1427838.0,479869054.3
2024-04-01,Cartagena,5,Servicio de apoyo empresarial,historico,8496448.0,0.0,8496448.0
2024-04-01,Cartagena,5,Servicios Publicos,historico,172271436.2,19451100.0,152820336.2
2024-04-01,Cartagena,5,Transporte y Logistica,historico,122696514.0,258000.0,122438514.0
2024-04-01,Cartagena,5,Turistico,historico,670592.0,513000.0,157592.0
2024-05-01,Medellín,1,0,historico,86148713.5,5151090.0,80997623.5
2024-05-01,Medellín,1,Agricultura,historico,144175219.0,13106053.0,131069166.0
2024-05-01,Medellín,1,Articulos Para el Hogar y la Oficina,historico,5753998.0,87300.0,5666698.0
2024-05-01,Medellín,1,Caucho y Plasticos,historico,72770797.4,320000.0,72450797.4
2024-05-01,Medellín,1,Comercio,historico,1164596494.6,18481983.4,1146114511.2
2024-05-01,Medellín,1,Construction,historico,843883228.9,68353707.0,775529521.9
2024-05-01,Medellín,1,Education,historico,623400.0,0.0,623400.0
2024-05-01,Medellín,1,Empleados,historico,2222072.0,0.0,2222072.0
2024-05-01,Medellín,1,Equipo de Transporte,historico,13755615.0,140112.0,13615503.0
2024-05-01,Medellín,1,Food,historico,803988348.78,52424298.2,751564050.58
2024-05-01,Medellín,1,Health/Social,historico,7132393.0,319635.0,6812758.0
2024-05-01,Medellín,1,Hidrocarburo,historico,186439353.52,13165997.56,173273355.96
2024-05-01,Medellín,1,IT/Communication,historico,2321308.0,624000.0,1697308.0
2024-05-01,Medellín,1,Industria,historico,878691213.6,8336943.92,870354269.68
2024-05-01,Medellín,1,Madera y Papel,historico,129428604.0,28946261.0,100482343.0
2024-05-01,Medellín,1,Maquinaria y Afines,historico,78908104.96,448117.78,78459987.18
2024-05-01,Medellín,1,Mining,historico,621437816.7,20876515.0,600561301.7
2024-05-01,Medellín,1,Persona Natural,historico,5164929.0,0.0,5164929.0
2024-05-01,Medellín,1,Quimico,historico,296292973.54,2893813.0,293399160.54
2024-05-01,Medellín,1,Servicio de apoyo empresarial,historico,52304026.0,776440.0,51527586.0
2024-05-01,Medellín,1,Servicios Publicos,historico,333565333.04,8085750.0,325479583.04
2024-05-01,Medellín,1,"Textiles, Confecciones y Cuero",historico,119734990.0,566680.0,119168310.0
2024-05-01,Medellín,1,Transporte y Logistica,historico,217748225.0,3729822.0,214018403.0
2024-05-01,Bogotá,2,0,historico,104262093.0,506760.0,103755333.0
2024-05-01,Bogotá,2,Agricultura,historico,151099682.0,14934842.0,136164840.0
2024-05-01,Bogotá,2,Articulos Para el Hogar y la Oficina,historico,29347858.0,592080.0,28755778.0
2024-05-01,Bogotá,2,Caucho y Plasticos,historico,20679994.0,0.0,20679994.0
2024-05-01,Bogotá,2,Comercio,historico,2009295628.5,33953587.0,1975342041.5
2024-05-01,Bogotá,2,Construction,historico,133498756.0,0.0,133498756.0
2024-05-01,Bogotá,2,Education,historico,49446144.0,0.0,49446144.0
2024-05-01,Bogotá,2,Empleados,historico,6337791.92,0.0,6337791.92
2024-05-01,Bogotá,2,Equipo de Transporte,historico,327037491.0,127264962.0,199772529.0
2024-05-01,Bogotá,2,Food,historico,1120562445.96,43185402.0,1077377043.96
2024-05-01,Bogotá,2,Health/Social,historico,10429444.0,276440.0,10153004.0
2024-05-01,Bogotá,2,Hidrocarburo,historico,228810138.1,23842324.0,204967814.1
2024-05-01,Bogotá,2,IT/Communication,historico,5105376.0,0.0,5105376.0
2024-05-01,Bogotá,2,Industria,historico,619758804.88,46020087.0,573738717.88
2024-05-01,Bogotá,2,Madera y Papel,historico,97712721.0,284028.0,97428693.0
2024-05-01,Bogotá,2,Maquinaria y Afines,historico,135510382.0,2740046.0,132770336.0
2024-05-01,Bogotá,2,Mining,historico,1063482582.92,47598677.0,1015883905.92
2024-05-01,Bogotá,2,Quimico,historico,462895294.0,16055025.0,446840269.0
2024-05-01,Bogotá,2,Servicio de apoyo empresarial,historico,35633962.0,0.0,35633962.0
2024-05-01,Bogotá,2,Servicios Publicos,historico,42683198.55,0.0,42683198.55
2024-05-01,Bogotá,2,"Textiles, Confecciones y Cuero",historico,50838673.0,205548.0,50633125.0
2024-05-01,Bogotá,2,Transporte y Logistica,historico,198359774.0,1477885.0,196881889.0
2024-05-01,Bogotá,2,Turistico,historico,5588942.0,789500.0,4799442.0
2024-05-01,Cali,3,0,historico,35008318.0,493825.0,34514493.0
2024-05-01,Cali,3,Agricultura,historico,11367170.0,1621200.0,9745970.0
2024-05-01,Cali,3,Articulos Para el Hogar y la Oficina,historico,22367392.0,81550.0,22285842.0
2024-05-01,Cali,3,Caucho y Plasticos,historico,65976660.0,0.0,65976660.0
2024-05-01,Cali,3,Comercio,historico,630313329.01,5207063.0,625106266.01
2024-05-01,Cali,3,Construction,historico,27901893.0,418950.0,27482943.0
2024-05-01,Cali,3,Education,historico,101790.0,0.0,101790.0
2024-05-01,Cali,3,Empleados,historico,698698.0,0.0,698698.0
2024-05-01,Cali,3,Equipo de Transporte,historico,59632444.0,8697095.0,50935349.0
2024-05-01,Cali,3,Food,historico,1068945437.68,23503980.0,1045441457.68
2024-05-01,Cali,3,Health/Social,historico,616287.0,0.0,616287.0
2024-05-01,Cali,3,Hidrocarburo,historico,41909909.0,0.0,41909909.0
2024-05-01,Cali,3,IT/Communication,historico,5300452.0,0.0,5300452.0
2024-05-01,Cali,3,Industria,historico,181740992.75,4828300.0,176912692.75
2024-05-01,Cali,3,Madera y Papel,historico,114242811.11,6023739.0,108219072.11
2024-05-01,Cali,3,Maquinaria y Afines,historico,44200441.4,5064335.0,39136106.4
2024-05-01,Cali,3,Mining,historico,104052209.0,1326900.0,102725309.0
2024-05-01,Cali,3,Persona Natural,historico,409575.0,0.0,409575.0
2024-05-01,Cali,3,Quimico,historico,419715287.62,2376110.0,417339177.62
2024-05-01,Cali,3,Servicio de apoyo empresarial,historico,689570.0,0.0,689570.0
2024-05-01,Cali,3,Servicios Publicos,historico,82881115.0,0.0,82881115.0
2024-05-01,Cali,3,"Textiles, Confecciones y Cuero",historico,17939700.0,67797.0,17871903.0
2024-05-01,Cali,3,Transporte y Logistica,historico,10340970.0,0.0,10340970.0
2024-05-01,Cali,3,Turistico,historico,236880.0,0.0,236880.0
2024-05-01,Barranquilla,4,0,historico,44406487.64,695178.0,43711309.64
2024-05-01,Barranquilla,4,Agricultura,historico,11461480.0,0.0,11461480.0
2024-05-01,Barranquilla,4,Articulos Para el Hogar y la Oficina,historico,4226644.0,0.0,4226644.0
2024-05-01,Barranquilla,4,Caucho y Plasticos,historico,13074672.0,0.0,13074672.0
2024-05-01,Barranquilla,4,Comercio,historico,482880858.35,17282365.0,465598493.35
2024-05-01,Barranquilla,4,Construction,historico,147761005.5,6445441.0,141315564.5
2024-05-01,Barranquilla,4,Education,historico,445500.0,0.0,445500.0
2024-05-01,Barranquilla,4,Empleados,historico,12650.0,33638.0,-20988.0
2024-05-01,Barranquilla,4,Equipo de Transporte,historico,3054450.0,0.0,3054450.0
2024-05-01,Barranquilla,4,Food,historico,287625786.59000003,9625229.0,278000557.59000003
2024-05-01,Barranquilla,4,Health/Social,historico,2728935.0,0.0,2728935.0
2024-05-01,Barranquilla,4,Hidrocarburo,historico,41990033.0,0.0,41990033.0
2024-05-01,Barranquilla,4,IT/Communication,historico,2345588.0,0.0,2345588.0
2024-05-01,Barranquilla,4,Industria,historico,689974399.5,83155602.0,606818797.5
2024-05-01,Barranquilla,4,Madera y Papel,historico,27579256.0,342000.0,27237256.0
2024-05-01,Barranquilla,4,Maquinaria y Afines,historico,118288297.0,50000.0,118238297.0
2024-05-01,Barranquilla,4,Mining,historico,952412388.5699999,60000.0,952352388.5699999
2024-05-01,Barranquilla,4,Persona Natural,historico,1199400.0,0.0,1199400.0
2024-05-01,Barranquilla,4,Quimico,historico,143915342.0,3221512.0,140693830.0
2024-05-01,Barranquilla,4,Servicios Publicos,historico,30556553.2,0.0,30556553.2
2024-05-01,Barranquilla,4,"Textiles, Confecciones y Cuero",historico,14494741.0,0.0,14494741.0
2024-05-01,Barranquilla,4,Transporte y Logistica,historico,25724700.0,0.0,25724700.0
2024-05-01,Cartagena,5,0,historico,25451851.0,557696.0,24894155.0
2024-05-01,Cartagena,5,Caucho y Plasticos,historico,1375559.0,0.0,1375559.0
2024-05-01,Cartagena,5,Comercio,historico,331252585.5,1186969.0,330065616.5
2024-05-01,Cartagena,5,Construction,historico,256054972.8,3495900.0,252559072.8
2024-05-01,Cartagena,5,Empleados,historico,818346.0,0.0,818346.0
2024-05-01,Cartagena,5,Food,historico,124358124.4,1831187.0,122526937.4
2024-05-01,Cartagena,5,Health/Social,historico,14027347.0,0.0,14027347.0
2024-05-01,Cartagena,5,Hidrocarburo,historico,589194454.0799999,5379162.0,583815292.0799999
2024-05-01,Cartagena,5,Industria,historico,335153678.5,0.0,335153678.5
2024-05-01,Cartagena,5,Madera y Papel,historico,78110126.0,0.0,78110126.0
2024-05-01,Cartagena,5,Maquinaria y Afines,historico,32211522.5,0.0,32211522.5
2024-05-01,Cartagena,5,Mining,historico,150167797.0,130698.0,150037099.0
2024-05-01,Cartagena,5,Persona Natural,historico,1519176.0,0.0,1519176.0
2024-05-01,Cartagena,5,Public Administration,historico,43610.0,0.0,43610.0
2024-05-01,Cartagena,5,Quimico,historico,225219979.0,793150.0,224426829.0
2024-05-01,Cartagena,5,Servicio de apoyo empresarial,historico,11109288.0,0.0,11109288.0
2024-05-01,Cartagena,5,Servicios Publicos,historico,164080289.0,0.0,164080289.0
2024-05-01,Cartagena,5,Transporte y Logistica,historico,58338959.0,5516890.0,52822069.0
2024-05-01,Cartagena,5,Turistico,historico,352500.0,0.0,352500.0
2024-06-01,Medellín,1,0,historico,50795906.6,4891570.0,45904336.6
2024-06-01,Medellín,1,Agricultura,historico,170781659.0,4453144.0,166328515.0
2024-06-01,Medellín,1,Articulos Para el Hogar y la Oficina,historico,4544685.0,0.0,4544685.0
2024-06-01,Medellín,1,Caucho y Plasticos,historico,66615393.96,604070.0,66011323.96
2024-06-01,Medellín,1,Comercio,historico,1205239079.95,147350627.0,1057888452.95
2024-06-01,Medellín,1,Construction,historico,396414875.4,14594000.0,381820875.4
2024-06-01,Medellín,1,Education,historico,35500.0,0.0,35500.0
2024-06-01,Medellín,1,Empleados,historico,1890296.49,0.0,1890296.49
2024-06-01,Medellín,1,Equipo de Transporte,historico,10122602.0,375141.0,9747461.0
2024-06-01,Medellín,1,Food,historico,758806434.02,30002443.17,728803990.85
2024-06-01,Medellín,1,Health/Social,historico,14792430.0,87900.0,14704530.0
2024-06-01,Medellín,1,Hidrocarburo,historico,365405014.15000004,335600.0,365069414.15000004
2024-06-01,Medellín,1,IT/Communication,historico,5587325.0,0.0,5587325.0
2024-06-01,Medellín,1,Industria,historico,700077584.63,6880660.0,693196924.63
2024-06-01,Medellín,1,Madera y Papel,historico,85103846.0,1877600.0,83226246.0
2024-06-01,Medellín,1,Maquinaria y Afines,historico,73924341.76,2479901.59,71444440.17
2024-06-01,Medellín,1,Mining,historico,323534779.74,4196690.0,319338089.74
2024-06-01,Medellín,1,Persona Natural,historico,3294169.0,0.0,3294169.0
2024-06-01,Medellín,1,Quimico,historico,344635543.8,68449582.0,276185961.8
2024-06-01,Medellín,1,Servicio de apoyo empresarial,historico,186078324.0,739780.0,185338544.0
2024-06-01,Medellín,1,Servicios Publicos,historico,222838273.04,26285018.04,196553255.0
2024-06-01,Medellín,1,"Textiles, Confecciones y Cuero",historico,91397427.0,637312.0,90760115.0
2024-06-01,Medellín,1,Transporte y Logistica,historico,175129658.0,3185220.0,171944438.0
2024-06-01,Bogotá,2,0,historico,98331040.8,9336346.0,88994694.8
2024-06-01,Bogotá,2,Agricultura,historico,98473010.0,2451552.0,96021458.0
2024-06-01,Bogotá,2,Articulos Para el Hogar y la Oficina,historico,77317424.0,0.0,77317424.0
2024-06-01,Bogotá,2,Caucho y Plasticos,historico,40012885.0,599130.0,39413755.0
2024-06-01,Bogotá,2,Comercio,historico,1838889734.78,49863536.56,1789026198.22
2024-06-01,Bogotá,2,Construction,historico,99140219.0,14622342.0,84517877.0
2024-06-01,Bogotá,2,Education,historico,19674145.0,0.0,19674145.0
2024-06-01,Bogotá,2,Empleados,historico,2785940.34,382860.0,2403080.34
2024-06-01,Bogotá,2,Equipo de Transporte,historico,172356084.0,1974240.0,170381844.0
2024-06-01,Bogotá,2,Food,historico,1219194855.58,13920679.0,1205274176.58
2024-06-01,Bogotá,2,Health/Social,historico,15137316.0,1414400.0,13722916.0
2024-06-01,Bogotá,2,Hidrocarburo,historico,274075024.4,33305278.0,240769746.4
2024-06-01,Bogotá,2,IT/Communication,historico,8604430.0,0.0,8604430.0
2024-06-01,Bogotá,2,Industria,historico,594369791.96,8840970.0,585528821.96
2024-06-01,Bogotá,2,Madera y Papel,historico,82844007.0,620496.0,82223511.0
2024-06-01,Bogotá,2,Maquinaria y Afines,historico,116630085.03,0.0,116630085.03
2024-06-01,Bogotá,2,Mining,historico,1021037034.29,4536006.0,1016501028.29
2024-06-01,Bogotá,2,Persona Natural,historico,4171171.0,0.0,4171171.0
2024-06-01,Bogotá,2,Quimico,historico,509962225.0,8987000.0,500975225.0
2024-06-01,Bogotá,2,Servicio de apoyo empresarial,historico,23612954.0,0.0,23612954.0
2024-06-01,Bogotá,2,Servicios Publicos,historico,53468393.9,1645835.0,51822558.9
2024-06-01,Bogotá,2,"Textiles, Confecciones y Cuero",historico,57179906.0,280800.0,56899106.0
2024-06-01,Bogotá,2,Transporte y Logistica,historico,119716660.0,3169282.0,116547378.0
2024-06-01,Bogotá,2,Turistico,historico,6135059.0,789500.0,5345559.0
2024-06-01,Cali,3,0,historico,28630760.8,128684.0,28502076.8
2024-06-01,Cali,3,Agricultura,historico,10072815.0,68400.0,10004415.0
2024-06-01,Cali,3,Articulos Para el Hogar y la Oficina,historico,38994496.0,0.0,38994496.0
2024-06-01,Cali,3,Caucho y Plasticos,historico,85359654.0,1752000.0,83607654.0
2024-06-01,Cali,3,Comercio,historico,521758788.79,16903216.0,504855572.79
2024-06-01,Cali,3,Construction,historico,32560414.0,0.0,32560414.0
2024-06-01,Cali,3,Education,historico,4557052.0,0.0,4557052.0
2024-06-01,Cali,3,Empleados,historico,792308.0,0.0,792308.0
2024-06-01,Cali,3,Equipo de Transporte,historico,32715102.0,0.0,32715102.0
2024-06-01,Cali,3,Food,historico,892542269.54,11190572.0,881351697.54
2024-06-01,Cali,3,Health/Social,historico,322100.0,0.0,322100.0
2024-06-01,Cali,3,Hidrocarburo,historico,33198995.0,0.0,33198995.0
2024-06-01,Cali,3,IT/Communication,historico,8535568.0,0.0,8535568.0
2024-06-01,Cali,3,Industria,historico,151800656.8,1300290.0,150500366.8
2024-06-01,Cali,3,Madera y Papel,historico,120386749.96000001,9778952.85,110607797.11
2024-06-01,Cali,3,Maquinaria y Afines,historico,28570028.0,421407.0,28148621.0
2024-06-01,Cali,3,Mining,historico,125873876.0,571200.0,125302676.0
2024-06-01,Cali,3,Persona Natural,historico,135387.0,0.0,135387.0
2024-06-01,Cali,3,Quimico,historico,526594595.75,4282490.0,522312105.75
2024-06-01,Cali,3,Servicio de apoyo empresarial,historico,6101508.0,0.0,6101508.0
2024-06-01,Cali,3,Servicios Publicos,historico,41609893.0,52100.0,41557793.0
2024-06-01,Cali,3,"Textiles, Confecciones y Cuero",historico,22001567.0,0.0,22001567.0
2024-06-01,Cali,3,Transporte y Logistica,historico,16273885.0,176604.0,16097281.0
2024-06-01,Cali,3,Turistico,historico,135360.0,0.0,135360.0
2024-06-01,Barranquilla,4,0,historico,33313108.2,273300.0,33039808.2
2024-06-01,Barranquilla,4,Agricultura,historico,6685179.0,0.0,6685179.0
2024-06-01,Barranquilla,4,Articulos Para el Hogar y la Oficina,historico,11923833.0,0.0,11923833.0
2024-06-01,Barranquilla,4,Caucho y Plasticos,historico,11842330.0,0.0,11842330.0
2024-06-01,Barranquilla,4,Comercio,historico,386733550.38,2956240.0,383777310.38
2024-06-01,Barranquilla,4,Construction,historico,154257924.0,156600.0,154101324.0
2024-06-01,Barranquilla,4,Education,historico,201840.0,0.0,201840.0
2024-06-01,Barranquilla,4,Empleados,historico,103381.0,288057.0,-184676.0
2024-06-01,Barranquilla,4,Equipo de Transporte,historico,2942892.0,200000.0,2742892.0
2024-06-01,Barranquilla,4,Food,historico,264763523.17000002,1451978.0,263311545.17000002
2024-06-01,Barranquilla,4,Health/Social,historico,4456167.0,0.0,4456167.0
2024-06-01,Barranquilla,4,Hidrocarburo,historico,58958066.0,72300.0,58885766.0
2024-06-01,Barranquilla,4,IT/Communication,historico,2359320.0,0.0,2359320.0
2024-06-01,Barranquilla,4,Industria,historico,410735858.0,658268.0,410077590.0
2024-06-01,Barranquilla,4,Madera y Papel,historico,39675771.0,0.0,39675771.0
2024-06-01,Barranquilla,4,Maquinaria y Afines,historico,78411052.0,0.0,78411052.0
2024-06-01,Barranquilla,4,Mining,historico,752310590.48,0.0,752310590.48
2024-06-01,Barranquilla,4,Persona Natural,historico,392650.0,0.0,392650.0
2024-06-01,Barranquilla,4,Quimico,historico,141117172.5,134665.0,140982507.5
2024-06-01,Barranquilla,4,Servicio de apoyo empresarial,historico,12908100.0,0.0,12908100.0
2024-06-01,Barranquilla,4,Servicios Publicos,historico,119677866.0,0.0,119677866.0
2024-06-01,Barranquilla,4,"Textiles, Confecciones y Cuero",historico,12792811.0,767375.0,12025436.0
2024-06-01,Barranquilla,4,Transporte y Logistica,historico,20442491.0,130680.0,20311811.0
2024-06-01,Barranquilla,4,Wholesale/Retail,historico,500434.0,0.0,500434.0
2024-06-01,Cartagena,5,0,historico,36405334.7,220035.0,36185299.7
2024-06-01,Cartagena,5,Caucho y Plasticos,historico,600525.0,0.0,600525.0
2024-06-01,Cartagena,5,Comercio,historico,306083247.1,6624280.0,299458967.1
2024-06-01,Cartagena,5,Construction,historico,160996549.0,2241624.0,158754925.0
2024-06-01,Cartagena,5,Empleados,historico,462478.0,0.0,462478.0
2024-06-01,Cartagena,5,Food,historico,132611964.0,330000.0,132281964.0
2024-06-01,Cartagena,5,Health/Social,historico,21043765.0,0.0,21043765.0
2024-06-01,Cartagena,5,Hidrocarburo,historico,219687144.8,2137932.0,217549212.8
2024-06-01,Cartagena,5,IT/Communication,historico,112680.0,0.0,112680.0
2024-06-01,Cartagena,5,Industria,historico,296215310.9,6769932.0,289445378.9
2024-06-01,Cartagena,5,Madera y Papel,historico,84744022.0,0.0,84744022.0
2024-06-01,Cartagena,5,Maquinaria y Afines,historico,24505490.0,496350.0,24009140.0
2024-06-01,Cartagena,5,Mining,historico,195311776.0,15946000.0,179365776.0
2024-06-01,Cartagena,5,Persona Natural,historico,2130245.25,0.0,2130245.25
2024-06-01,Cartagena,5,Quimico,historico,196084978.0,1946790.0,194138188.0
2024-06-01,Cartagena,5,Servicio de apoyo empresarial,historico,16340364.0,0.0,16340364.0
2024-06-01,Cartagena,5,Servicios Publicos,historico,157257172.5,3963000.0,153294172.5
2024-06-01,Cartagena,5,Transporte y Logistica,historico,91605174.0,2256050.0,89349124.0
2024-06-01,Cartagena,5,Turistico,historico,1379088.0,0.0,1379088.0
2024-07-01,Medellín,1,0,historico,88765685.03,2335258.0,86430427.03
2024-07-01,Medellín,1,Agricultura,historico,176618014.2,37843839.0,138774175.2
2024-07-01,Medellín,1,Articulos Para el Hogar y la Oficina,historico,5273048.0,134900.0,5138148.0
2024-07-01,Medellín,1,Caucho y Plasticos,historico,75043566.0,5853120.0,69190446.0
2024-07-01,Medellín,1,Comercio,historico,1128867617.95,45565584.0,1083302033.95
2024-07-01,Medellín,1,Construction,historico,540099043.2,63583734.0,476515309.2
2024-07-01,Medellín,1,Education,historico,186505.0,0.0,186505.0
2024-07-01,Medellín,1,Empleados,historico,2172431.0,24320.0,2148111.0
2024-07-01,Medellín,1,Equipo de Transporte,historico,6345486.0,0.0,6345486.0
2024-07-01,Medellín,1,Food,historico,905271062.5,23248557.0,882022505.5
2024-07-01,Medellín,1,Health/Social,historico,17876003.0,176400.0,17699603.0
2024-07-01,Medellín,1,Hidrocarburo,historico,373724963.49,5184857.0,368540106.49
2024-07-01,Medellín,1,IT/Communication,historico,2286318.0,252864.0,2033454.0
2024-07-01,Medellín,1,Industria,historico,1022264153.62,212792170.0,809471983.62
2024-07-01,Medellín,1,Instituciones,historico,427710.0,0.0,427710.0
2024-07-01,Medellín,1,Madera y Papel,historico,93258456.0,10753278.0,82505178.0
2024-07-01,Medellín,1,Maquinaria y Afines,historico,82702385.22,2553510.0,80148875.22
2024-07-01,Medellín,1,Mining,historico,715656237.01,27621775.0,688034462.01
2024-07-01,Medellín,1,Persona Natural,historico,6459987.2,215160.0,6244827.2
2024-07-01,Medellín,1,Quimico,historico,269019678.0,2593112.0,266426566.0
2024-07-01,Medellín,1,Servicio de apoyo empresarial,historico,93079308.0,10021318.0,83057990.0
2024-07-01,Medellín,1,Servicios Publicos,historico,417010028.06,60467646.04,356542382.02
2024-07-01,Medellín,1,"Textiles, Confecciones y Cuero",historico,119391594.0,505500.0,118886094.0
2024-07-01,Medellín,1,Transporte y Logistica,historico,111727791.0,11991244.0,99736547.0
2024-07-01,Bogotá,2,0,historico,120364452.0,704750.0,119659702.0
2024-07-01,Bogotá,2,Agricultura,historico,170470689.96,9962608.0,160508081.96
2024-07-01,Bogotá,2,Articulos Para el Hogar y la Oficina,historico,74010432.0,19254600.0,54755832.0
2024-07-01,Bogotá,2,Caucho y Plasticos,historico,23920914.0,0.0,23920914.0
2024-07-01,Bogotá,2,Comercio,historico,2163594589.3,64574197.0,2099020392.3
2024-07-01,Bogotá,2,Construction,historico,123402116.0,2974720.0,120427396.0
2024-07-01,Bogotá,2,Education,historico,17959726.0,0.0,17959726.0
2024-07-01,Bogotá,2,Empleados,historico,474037.0,6845447.0,-6371410.0
2024-07-01,Bogotá,2,Equipo de Transporte,historico,319015303.0,17966586.0,301048717.0
2024-07-01,Bogotá,2,Finance/Insurance,historico,352800.0,0.0,352800.0
2024-07-01,Bogotá,2,Food,historico,991068344.54,26307387.0,964760957.54
2024-07-01,Bogotá,2,Health/Social,historico,17931026.0,841000.0,17090026.0
2024-07-01,Bogotá,2,Hidrocarburo,historico,248733616.0,15324800.0,233408816.0
2024-07-01,Bogotá,2,IT/Communication,historico,9272936.0,0.0,9272936.0
2024-07-01,Bogotá,2,Industria,historico,510314390.32,36519230.0,473795160.32
2024-07-01,Bogotá,2,Madera y Papel,historico,72051160.0,187548.0,71863612.0
2024-07-01,Bogotá,2,Maquinaria y Afines,historico,94169880.4,544171.0,93625709.4
2024-07-01,Bogotá,2,Mining,historico,1160916743.48,79264516.0,1081652227.48
2024-07-01,Bogotá,2,Persona Natural,historico,652600.0,0.0,652600.0
2024-07-01,Bogotá,2,Quimico,historico,500668674.0,61004125.0,439664549.0
2024-07-01,Bogotá,2,Servicio de apoyo empresarial,historico,9821662.0,0.0,9821662.0
2024-07-01,Bogotá,2,Servicios Publicos,historico,70240179.0,0.0,70240179.0
2024-07-01,Bogotá,2,"Textiles, Confecciones y Cuero",historico,75943410.0,2598750.0,73344660.0
2024-07-01,Bogotá,2,Transporte y Logistica,historico,77900335.0,1059074.0,76841261.0
2024-07-01,Bogotá,2,Turistico,historico,7177234.0,0.0,7177234.0
2024-07-01,Cali,3,0,historico,33869811.1,0.0,33869811.1
2024-07-01,Cali,3,Agricultura,historico,46618930.0,850000.0,45768930.0
2024-07-01,Cali,3,Articulos Para el Hogar y la Oficina,historico,29738546.0,0.0,29738546.0
2024-07-01,Cali,3,Caucho y Plasticos,historico,59764947.0,3993690.0,55771257.0
2024-07-01,Cali,3,Comercio,historico,594610569.5,11151959.75,583458609.75
2024-07-01,Cali,3,Construction,historico,17551273.0,144000.0,17407273.0
2024-07-01,Cali,3,Education,historico,3446922.0,0.0,3446922.0
2024-07-01,Cali,3,Empleados,historico,340138.4,0.0,340138.4
2024-07-01,Cali,3,Equipo de Transporte,historico,71887888.0,0.0,71887888.0
2024-07-01,Cali,3,Food,historico,1102656719.75,27499182.97,1075157536.78
2024-07-01,Cali,3,Health/Social,historico,701320.0,0.0,701320.0
2024-07-01,Cali,3,Hidrocarburo,historico,23952074.0,0.0,23952074.0
2024-07-01,Cali,3,IT/Communication,historico,4715016.0,0.0,4715016.0
2024-07-01,Cali,3,Industria,historico,195877332.55,290070.0,195587262.55
2024-07-01,Cali,3,Madera y Papel,historico,227304266.8,1278114.02,226026152.78
2024-07-01,Cali,3,Maquinaria y Afines,historico,40218542.0,422720.0,39795822.0
2024-07-01,Cali,3,Mining,historico,97002311.0,343744.0,96658567.0
2024-07-01,Cali,3,Persona Natural,historico,191000.0,0.0,191000.0
2024-07-01,Cali,3,Quimico,historico,417065853.0,4104290.0,412961563.0
2024-07-01,Cali,3,Servicio de apoyo empresarial,historico,4070307.0,0.0,4070307.0
2024-07-01,Cali,3,Servicios Publicos,historico,35627958.0,196708.0,35431250.0
2024-07-01,Cali,3,"Textiles, Confecciones y Cuero",historico,16427239.0,107192.0,16320047.0
2024-07-01,Cali,3,Transporte y Logistica,historico,16555385.0,0.0,16555385.0
2024-07-01,Barranquilla,4,0,historico,49222219.86,743740.0,48478479.86
2024-07-01,Barranquilla,4,Agricultura,historico,5260620.0,2080000.0,3180620.0
2024-07-01,Barranquilla,4,Articulos Para el Hogar y la Oficina,historico,6974596.0,260640.0,6713956.0
2024-07-01,Barranquilla,4,Caucho y Plasticos,historico,12891258.0,170000.0,12721258.0
2024-07-01,Barranquilla,4,Comercio,historico,230833149.0,3580415.0,227252734.0
2024-07-01,Barranquilla,4,Construction,historico,130385065.1,4550038.0,125835027.1
2024-07-01,Barranquilla,4,Education,historico,16830.0,0.0,16830.0
2024-07-01,Barranquilla,4,Empleados,historico,241166.0,0.0,241166.0
2024-07-01,Barranquilla,4,Equipo de Transporte,historico,4996187.8,0.0,4996187.8
2024-07-01,Barranquilla,4,Food,historico,283339088.57,2563221.0,280775867.57
2024-07-01,Barranquilla,4,Health/Social,historico,1728099.0,0.0,1728099.0
2024-07-01,Barranquilla,4,Hidrocarburo,historico,66706464.0,3853500.0,62852964.0
2024-07-01,Barranquilla,4,IT/Communication,historico,3005690.0,0.0,3005690.0
2024-07-01,Barranquilla,4,Industria,historico,580080442.96,2609602.0,577470840.96
2024-07-01,Barranquilla,4,Madera y Papel,historico,55071905.4,953690.0,54118215.4
2024-07-01,Barranquilla,4,Maquinaria y Afines,historico,84927090.52,0.0,84927090.52
2024-07-01,Barranquilla,4,Mining,historico,1198475173.14,310000.0,1198165173.14
2024-07-01,Barranquilla,4,Persona Natural,historico,210800.0,0.0,210800.0
2024-07-01,Barranquilla,4,Quimico,historico,158869281.0,4918320.0,153950961.0
2024-07-01,Barranquilla,4,Servicio de apoyo empresarial,historico,5308094.0,0.0,5308094.0
2024-07-01,Barranquilla,4,Servicios Publicos,historico,55064323.2,1034800.0,54029523.2
2024-07-01,Barranquilla,4,"Textiles, Confecciones y Cuero",historico,22631972.0,0.0,22631972.0
2024-07-01,Barranquilla,4,Transporte y Logistica,historico,48050702.0,1481818.0,46568884.0
2024-07-01,Barranquilla,4,Wholesale/Retail,historico,500434.0,0.0,500434.0
2024-07-01,Cartagena,5,0,historico,30030439.6,664864.0,29365575.6
2024-07-01,Cartagena,5,Caucho y Plasticos,historico,2482947.0,4724.0,2478223.0
2024-07-01,Cartagena,5,Comercio,historico,367704667.0,45807970.0,321896697.0
2024-07-01,Cartagena,5,Construction,historico,199679248.2,145637.0,199533611.2
2024-07-01,Cartagena,5,Empleados,historico,652021.0,0.0,652021.0
2024-07-01,Cartagena,5,Equipo de Transporte,historico,26300000.0,0.0,26300000.0
2024-07-01,Cartagena,5,Food,historico,196072171.0,12481600.0,183590571.0
2024-07-01,Cartagena,5,Health/Social,historico,10806976.0,0.0,10806976.0
2024-07-01,Cartagena,5,Hidrocarburo,historico,353708937.46,4026560.0,349682377.46
2024-07-01,Cartagena,5,Industria,historico,214924269.88,45961857.0,168962412.88
2024-07-01,Cartagena,5,Madera y Papel,historico,82243006.0,1414000.0,80829006.0
2024-07-01,Cartagena,5,Maquinaria y Afines,historico,29906710.0,46000.0,29860710.0
2024-07-01,Cartagena,5,Mining,historico,102850929.0,144000.0,102706929.0
2024-07-01,Cartagena,5,Persona Natural,historico,1725018.68,0.0,1725018.68
2024-07-01,Cartagena,5,Quimico,historico,243693930.0,3240503.0,240453427.0
2024-07-01,Cartagena,5,Servicio de apoyo empresarial,historico,30967799.0,0.0,30967799.0
2024-07-01,Cartagena,5,Servicios Publicos,historico,299923708.0,0.0,299923708.0
2024-07-01,Cartagena,5,Transporte y Logistica,historico,115029417.0,11851200.0,103178217.0
2024-08-01,Medellín,1,0,historico,91790864.7,769490.0,91021374.7
2024-08-01,Medellín,1,Agricultura,historico,163022948.56,7562264.0,155460684.56
2024-08-01,Medellín,1,Articulos Para el Hogar y la Oficina,historico,6317770.0,0.0,6317770.0
2024-08-01,Medellín,1,Caucho y Plasticos,historico,48385905.0,4547400.0,43838505.0
2024-08-01,Medellín,1,Comercio,historico,1282343958.7,30822385.0,1251521573.7
2024-08-01,Medellín,1,Construction,historico,428701618.27,8073440.0,420628178.27
2024-08-01,Medellín,1,Education,historico,4409470.0,0.0,4409470.0
2024-08-01,Medellín,1,Empleados,historico,4846224.0,1268600.0,3577624.0
2024-08-01,Medellín,1,Equipo de Transporte,historico,7364296.0,0.0,7364296.0
2024-08-01,Medellín,1,Food,historico,798291250.98,32370170.0,765921080.98
2024-08-01,Medellín,1,Health/Social,historico,16353829.0,0.0,16353829.0
2024-08-01,Medellín,1,Hidrocarburo,historico,216240648.92,9437009.34,206803639.58
2024-08-01,Medellín,1,IT/Communication,historico,2740680.0,0.0,2740680.0
2024-08-01,Medellín,1,Industria,historico,912721558.08,45715480.0,867006078.08
2024-08-01,Medellín,1,Madera y Papel,historico,78752282.0,3341664.0,75410618.0
2024-08-01,Medellín,1,Maquinaria y Afines,historico,267458971.2,258978.83000000002,267199992.37
2024-08-01,Medellín,1,Mining,historico,663524015.67,10769832.0,652754183.67
2024-08-01,Medellín,1,Persona Natural,historico,3019232.0,93500.0,2925732.0
2024-08-01,Medellín,1,Quimico,historico,272108473.61,3170639.0,268937834.61
2024-08-01,Medellín,1,Servicio de apoyo empresarial,historico,281343426.0,7287612.0,274055814.0
2024-08-01,Medellín,1,Servicios Publicos,historico,449036284.0,2154372.0,446881912.0
2024-08-01,Medellín,1,"Textiles, Confecciones y Cuero",historico,123086696.0,2170716.0,120915980.0
2024-08-01,Medellín,1,Transporte y Logistica,historico,322735355.7,0.0,322735355.7
2024-08-01,Medellín,1,Turistico,historico,13580000.0,0.0,13580000.0
2024-08-01,Bogotá,2,0,historico,117400740.75,596245.0,116804495.75
2024-08-01,Bogotá,2,Agricultura,historico,108437225.0,1058480.0,107378745.0
2024-08-01,Bogotá,2,Articulos Para el Hogar y la Oficina,historico,64181725.0,128700.0,64053025.0
2024-08-01,Bogotá,2,Caucho y Plasticos,historico,29217918.0,1957500.0,27260418.0
2024-08-01,Bogotá,2,Comercio,historico,2344008578.34,48541119.4,2295467458.94
2024-08-01,Bogotá,2,Construction,historico,136230819.0,0.0,136230819.0
2024-08-01,Bogotá,2,Education,historico,1521240.0,0.0,1521240.0
2024-08-01,Bogotá,2,Empleados,historico,931142.0,64100.0,867042.0
2024-08-01,Bogotá,2,Equipo de Transporte,historico,279985099.0,6158708.0,273826391.0
2024-08-01,Bogotá,2,Food,historico,1197425979.77,21358342.8,1176067636.97
2024-08-01,Bogotá,2,Health/Social,historico,14351266.0,0.0,14351266.0
2024-08-01,Bogotá,2,Hidrocarburo,historico,253923481.06,39342929.0,214580552.06
2024-08-01,Bogotá,2,IT/Communication,historico,3805416.0,308000.0,3497416.0
2024-08-01,Bogotá,2,Industria,historico,527550426.2,10438675.0,517111751.2
2024-08-01,Bogotá,2,Madera y Papel,historico,56999562.0,15390.0,56984172.0
2024-08-01,Bogotá,2,Maquinaria y Afines,historico,100307159.2,2368710.0,97938449.2
2024-08-01,Bogotá,2,Mining,historico,868403618.92,3338971.0,865064647.92
2024-08-01,Bogotá,2,Persona Natural,historico,6970209.0,0.0,6970209.0
2024-08-01,Bogotá,2,Quimico,historico,615835451.3,4232762.0,611602689.3
2024-08-01,Bogotá,2,Servicio de apoyo empresarial,historico,17942668.0,0.0,17942668.0
2024-08-01,Bogotá,2,Servicios Publicos,historico,64477112.01,0.0,64477112.01
2024-08-01,Bogotá,2,"Textiles, Confecciones y Cuero",historico,47842300.0,28201315.0,19640985.0
2024-08-01,Bogotá,2,Transporte y Logistica,historico,170815557.0,0.0,170815557.0
2024-08-01,Bogotá,2,Turistico,historico,7375236.0,1025100.0,6350136.0
2024-08-01,Cali,3,0,historico,25828802.0,68510.0,25760292.0
2024-08-01,Cali,3,Agricultura,historico,10855144.0,0.0,10855144.0
2024-08-01,Cali,3,Articulos Para el Hogar y la Oficina,historico,41439450.0,827650.0,40611800.0
2024-08-01,Cali,3,Caucho y Plasticos,historico,70705214.03,3225000.0,67480214.03
2024-08-01,Cali,3,Comercio,historico,662986713.06,13511726.0,649474987.06
2024-08-01,Cali,3,Construction,historico,39486021.0,0.0,39486021.0
2024-08-01,Cali,3,Empleados,historico,180518.0,0.0,180518.0
2024-08-01,Cali,3,Equipo de Transporte,historico,58916469.0,0.0,58916469.0
2024-08-01,Cali,3,Food,historico,854723452.61,44729446.370000005,809994006.24
2024-08-01,Cali,3,Health/Social,historico,2422944.0,0.0,2422944.0
2024-08-01,Cali,3,Hidrocarburo,historico,17996312.0,0.0,17996312.0
2024-08-01,Cali,3,IT/Communication,historico,3690288.0,0.0,3690288.0
2024-08-01,Cali,3,Industria,historico,179661462.5,1384231.0,178277231.5
2024-08-01,Cali,3,Madera y Papel,historico,103604585.23,4720000.0,98884585.23
2024-08-01,Cali,3,Maquinaria y Afines,historico,67941600.0,11963589.0,55978011.0
2024-08-01,Cali,3,Mining,historico,126723911.98,0.0,126723911.98
2024-08-01,Cali,3,Persona Natural,historico,194500.0,0.0,194500.0
2024-08-01,Cali,3,Quimico,historico,438622705.96,39568568.0,399054137.96
2024-08-01,Cali,3,Servicio de apoyo empresarial,historico,11314765.0,7572240.0,3742525.0
2024-08-01,Cali,3,Servicios Publicos,historico,54670992.0,0.0,54670992.0
2024-08-01,Cali,3,"Textiles, Confecciones y Cuero",historico,12839862.0,0.0,12839862.0
2024-08-01,Cali,3,Transporte y Logistica,historico,20345492.0,0.0,20345492.0
2024-08-01,Barranquilla,4,0,historico,42438134.33,579460.0,41858674.33
2024-08-01,Barranquilla,4,Agricultura,historico,32222480.0,0.0,32222480.0
2024-08-01,Barranquilla,4,Articulos Para el Hogar y la Oficina,historico,12581922.0,0.0,12581922.0
2024-08-01,Barranquilla,4,Caucho y Plasticos,historico,17142070.0,1080000.0,16062070.0
2024-08-01,Barranquilla,4,Comercio,historico,382507548.39,4516265.0,377991283.39
2024-08-01,Barranquilla,4,Construction,historico,170876277.2,2013320.0,168862957.2
2024-08-01,Barranquilla,4,Empleados,historico,20727.0,0.0,20727.0
2024-08-01,Barranquilla,4,Equipo de Transporte,historico,5931938.0,69150.0,5862788.0
2024-08-01,Barranquilla,4,Food,historico,303301070.96,1378780.0,301922290.96
2024-08-01,Barranquilla,4,Health/Social,historico,2626011.0,0.0,2626011.0
2024-08-01,Barranquilla,4,Hidrocarburo,historico,37572809.5,0.0,37572809.5
2024-08-01,Barranquilla,4,IT/Communication,historico,2189220.0,0.0,2189220.0
2024-08-01,Barranquilla,4,Industria,historico,699171046.44,6506845.0,692664201.44
2024-08-01,Barranquilla,4,Madera y Papel,historico,32039452.1,0.0,32039452.1
2024-08-01,Barranquilla,4,Maquinaria y Afines,historico,111393850.5,0.0,111393850.5
2024-08-01,Barranquilla,4,Mining,historico,895059391.0,225000.0,894834391.0
2024-08-01,Barranquilla,4,Persona Natural,historico,235516.5,0.0,235516.5
2024-08-01,Barranquilla,4,Quimico,historico,145829804.75,13182704.0,132647100.75
2024-08-01,Barranquilla,4,Servicio de apoyo empresarial,historico,1706466.0,0.0,1706466.0
2024-08-01,Barranquilla,4,Servicios Publicos,historico,62835833.0,865000.0,61970833.0
2024-08-01,Barranquilla,4,"Textiles, Confecciones y Cuero",historico,17053485.0,0.0,17053485.0
2024-08-01,Barranquilla,4,Transporte y Logistica,historico,34789945.0,1176620.0,33613325.0
2024-08-01,Cartagena,5,0,historico,36311268.5,623900.0,35687368.5
2024-08-01,Cartagena,5,Caucho y Plasticos,historico,1239816.0,0.0,1239816.0
2024-08-01,Cartagena,5,Comercio,historico,329658180.5,2129196.0,327528984.5
2024-08-01,Cartagena,5,Construction,historico,169018997.0,4709400.0,164309597.0
2024-08-01,Cartagena,5,Empleados,historico,868216.0,0.0,868216.0
2024-08-01,Cartagena,5,Equipo de Transporte,historico,8500000.0,0.0,8500000.0
2024-08-01,Cartagena,5,Food,historico,152955506.0,384000.0,152571506.0
2024-08-01,Cartagena,5,Health/Social,historico,14076406.0,0.0,14076406.0
2024-08-01,Cartagena,5,Hidrocarburo,historico,498370762.14,37676310.0,460694452.14
2024-08-01,Cartagena,5,IT/Communication,historico,98280.0,0.0,98280.0
2024-08-01,Cartagena,5,Industria,historico,385891034.56,12058060.0,373832974.56
2024-08-01,Cartagena,5,Madera y Papel,historico,105795663.0,0.0,105795663.0
2024-08-01,Cartagena,5,Maquinaria y Afines,historico,21483437.0,0.0,21483437.0
2024-08-01,Cartagena,5,Mining,historico,190436857.0,847265.0,189589592.0
2024-08-01,Cartagena,5,Persona Natural,historico,1397168.0,0.0,1397168.0
2024-08-01,Cartagena,5,Quimico,historico,229027854.0,611290.0,228416564.0
2024-08-01,Cartagena,5,Servicio de apoyo empresarial,historico,1016300.0,0.0,1016300.0
2024-08-01,Cartagena,5,Servicios Publicos,historico,306462248.0,696795.0,305765453.0
2024-08-01,Cartagena,5,Transporte y Logistica,historico,91649837.0,782810.0,90867027.0
2024-09-01,Medellín,1,0,historico,131055096.7,4177179.4,126877917.3
2024-09-01,Medellín,1,Agricultura,historico,391715267.5,12581216.0,379134051.5
2024-09-01,Medellín,1,Articulos Para el Hogar y la Oficina,historico,43210948.0,4706490.0,38504458.0
2024-09-01,Medellín,1,Caucho y Plasticos,historico,86831211.95,2562000.0,84269211.95
2024-09-01,Medellín,1,Comercio,historico,1384835333.96,51842617.8,1332992716.16
2024-09-01,Medellín,1,Construction,historico,328490190.4,53262638.0,275227552.4
2024-09-01,Medellín,1,Education,historico,1730000.0,0.0,1730000.0
2024-09-01,Medellín,1,Empleados,historico,2459234.0,0.0,2459234.0
2024-09-01,Medellín,1,Equipo de Transporte,historico,17993554.0,0.0,17993554.0
2024-09-01,Medellín,1,Food,historico,997407387.96,45865539.0,951541848.96
2024-09-01,Medellín,1,Health/Social,historico,13178916.0,3936175.0,9242741.0
2024-09-01,Medellín,1,Hidrocarburo,historico,181971147.9,43675556.97,138295590.93
2024-09-01,Medellín,1,IT/Communication,historico,1158570.0,131370.0,1027200.0
2024-09-01,Medellín,1,Industria,historico,1000881444.91,195639952.0,805241492.91
2024-09-01,Medellín,1,Madera y Papel,historico,84472725.0,33024.0,84439701.0
2024-09-01,Medellín,1,Maquinaria y Afines,historico,160626209.16,1297000.0,159329209.16
2024-09-01,Medellín,1,Mining,historico,535328348.98,27803194.0,507525154.98
2024-09-01,Medellín,1,Persona Natural,historico,12103310.0,0.0,12103310.0
2024-09-01,Medellín,1,Quimico,historico,355032369.6,1657398.0,353374971.6
2024-09-01,Medellín,1,Servicio de apoyo empresarial,historico,308760106.0,144852146.0,163907960.0
2024-09-01,Medellín,1,Servicios Publicos,historico,253343399.9,79403449.9,173939950.0
2024-09-01,Medellín,1,"Textiles, Confecciones y Cuero",historico,109478070.0,455850.0,109022220.0
2024-09-01,Medellín,1,Transporte y Logistica,historico,97028774.4,286860.0,96741914.4
2024-09-01,Bogotá,2,0,historico,65357956.0,1700400.0,63657556.0
2024-09-01,Bogotá,2,Agricultura,historico,188093290.4,31356812.0,156736478.4
2024-09-01,Bogotá,2,Articulos Para el Hogar y la Oficina,historico,61617912.0,852588.0,60765324.0
2024-09-01,Bogotá,2,Caucho y Plasticos,historico,55862785.0,6400850.0,49461935.0
2024-09-01,Bogotá,2,Comercio,historico,2339526355.0,61824308.0,2277702047.0
2024-09-01,Bogotá,2,Construction,historico,134998080.0,3290994.0,131707086.0
2024-09-01,Bogotá,2,Education,historico,3788551.0,0.0,3788551.0
2024-09-01,Bogotá,2,Empleados,historico,1492692.85,0.0,1492692.85
2024-09-01,Bogotá,2,Equipo de Transporte,historico,261518791.4,1319490.0,260199301.4
2024-09-01,Bogotá,2,Food,historico,1150108996.26,31353134.0,1118755862.26
2024-09-01,Bogotá,2,Health/Social,historico,11262382.0,0.0,11262382.0
2024-09-01,Bogotá,2,Hidrocarburo,historico,283175174.0,27778792.0,255396382.0
2024-09-01,Bogotá,2,IT/Communication,historico,6512920.0,0.0,6512920.0
2024-09-01,Bogotá,2,Industria,historico,489683401.78,5512945.0,484170456.78
2024-09-01,Bogotá,2,Madera y Papel,historico,60384039.0,5151547.0,55232492.0
2024-09-01,Bogotá,2,Maquinaria y Afines,historico,131748508.0,5709005.0,126039503.0
2024-09-01,Bogotá,2,Mining,historico,1073143995.0,17992906.0,1055151089.0
2024-09-01,Bogotá,2,Persona Natural,historico,2640856.0,0.0,2640856.0
2024-09-01,Bogotá,2,Quimico,historico,439172540.84,42927258.0,396245282.84
2024-09-01,Bogotá,2,Servicio de apoyo empresarial,historico,842191.0,0.0,842191.0
2024-09-01,Bogotá,2,Servicios Publicos,historico,46498114.4,4003682.0,42494432.4
2024-09-01,Bogotá,2,"Textiles, Confecciones y Cuero",historico,27412772.0,240780.0,27171992.0
2024-09-01,Bogotá,2,Transporte y Logistica,historico,80786493.0,542388.0,80244105.0
2024-09-01,Bogotá,2,Turistico,historico,6860010.0,0.0,6860010.0
2024-09-01,Cali,3,0,historico,26058846.5,129784.0,25929062.5
2024-09-01,Cali,3,Agricultura,historico,19054427.0,232512.0,18821915.0
2024-09-01,Cali,3,Articulos Para el Hogar y la Oficina,historico,18625771.0,0.0,18625771.0
2024-09-01,Cali,3,Caucho y Plasticos,historico,166735463.0,22851320.0,143884143.0
2024-09-01,Cali,3,Comercio,historico,623465987.0,8974863.0,614491124.0
2024-09-01,Cali,3,Construction,historico,44765753.0,8848115.44,35917637.56
2024-09-01,Cali,3,Empleados,historico,363989.0,0.0,363989.0
2024-09-01,Cali,3,Equipo de Transporte,historico,21216468.0,0.0,21216468.0
2024-09-01,Cali,3,Food,historico,754604414.36,5481550.0,749122864.36
2024-09-01,Cali,3,Health/Social,historico,1184700.0,0.0,1184700.0
2024-09-01,Cali,3,Hidrocarburo,historico,32238682.0,0.0,32238682.0
2024-09-01,Cali,3,IT/Communication,historico,10242324.0,147900.0,10094424.0
2024-09-01,Cali,3,Industria,historico,218213629.55,120300.0,218093329.55
2024-09-01,Cali,3,Instituciones,historico,6452990.0,0.0,6452990.0
2024-09-01,Cali,3,Madera y Papel,historico,123490298.71,23102228.07,100388070.64
2024-09-01,Cali,3,Maquinaria y Afines,historico,44690003.0,408225.0,44281778.0
2024-09-01,Cali,3,Mining,historico,74995696.0,1074180.0,73921516.0
2024-09-01,Cali,3,Quimico,historico,561883683.61,2858290.0,559025393.61
2024-09-01,Cali,3,Servicio de apoyo empresarial,historico,4015241.0,0.0,4015241.0
2024-09-01,Cali,3,Servicios Publicos,historico,75369591.0,1976896.0,73392695.0
2024-09-01,Cali,3,"Textiles, Confecciones y Cuero",historico,21538349.0,1570000.0,19968349.0
2024-09-01,Cali,3,Transporte y Logistica,historico,1266228.0,0.0,1266228.0
2024-09-01,Cali,3,Turistico,historico,169200.0,0.0,169200.0
2024-09-01,Barranquilla,4,0,historico,54256498.97,0.0,54256498.97
2024-09-01,Barranquilla,4,Agricultura,historico,15907480.0,0.0,15907480.0
2024-09-01,Barranquilla,4,Articulos Para el Hogar y la Oficina,historico,18488381.0,1050000.0,17438381.0
2024-09-01,Barranquilla,4,Caucho y Plasticos,historico,28772364.0,53500.0,28718864.0
2024-09-01,Barranquilla,4,Comercio,historico,441941816.42,3293330.0,438648486.42
2024-09-01,Barranquilla,4,Construction,historico,174666479.4,211250.0,174455229.4
2024-09-01,Barranquilla,4,Education,historico,22000.0,0.0,22000.0
2024-09-01,Barranquilla,4,Empleados,historico,371634.0,0.0,371634.0
2024-09-01,Barranquilla,4,Equipo de Transporte,historico,1211632.0,0.0,1211632.0
2024-09-01,Barranquilla,4,Food,historico,336097195.78,2070535.0,334026660.78
2024-09-01,Barranquilla,4,Health/Social,historico,4563768.0,0.0,4563768.0
2024-09-01,Barranquilla,4,Hidrocarburo,historico,16601047.0,541200.0,16059847.0
2024-09-01,Barranquilla,4,IT/Communication,historico,2410500.0,0.0,2410500.0
2024-09-01,Barranquilla,4,Industria,historico,930027935.0,1469628.0,928558307.0
2024-09-01,Barranquilla,4,Madera y Papel,historico,18236986.0,823200.0,17413786.0
2024-09-01,Barranquilla,4,Maquinaria y Afines,historico,118969348.0,594108.0,118375240.0
2024-09-01,Barranquilla,4,Mining,historico,734994136.9,0.0,734994136.9
2024-09-01,Barranquilla,4,Persona Natural,historico,236760.0,0.0,236760.0
2024-09-01,Barranquilla,4,Quimico,historico,165484711.0,1763880.0,163720831.0
2024-09-01,Barranquilla,4,Servicio de apoyo empresarial,historico,10372288.0,0.0,10372288.0
2024-09-01,Barranquilla,4,Servicios Publicos,historico,108472049.0,2965797.0,105506252.0
2024-09-01,Barranquilla,4,"Textiles, Confecciones y Cuero",historico,6638321.99,0.0,6638321.99
2024-09-01,Barranquilla,4,Transporte y Logistica,historico,27540111.0,1260000.0,26280111.0
2024-09-01,Cartagena,5,0,historico,35287724.89,697212.0,34590512.89
2024-09-01,Cartagena,5,Caucho y Plasticos,historico,2770108.0,0.0,2770108.0
2024-09-01,Cartagena,5,Comercio,historico,347103215.6,6366223.0,340736992.6
2024-09-01,Cartagena,5,Construction,historico,213189173.7,13059999.0,200129174.7
2024-09-01,Cartagena,5,Empleados,historico,288356.0,0.0,288356.0
2024-09-01,Cartagena,5,Equipo de Transporte,historico,17000000.0,0.0,17000000.0
2024-09-01,Cartagena,5,Food,historico,165072668.64,6029044.0,159043624.64
2024-09-01,Cartagena,5,Health/Social,historico,15939468.0,0.0,15939468.0
2024-09-01,Cartagena,5,Hidrocarburo,historico,159505917.72,544000.0,158961917.72
2024-09-01,Cartagena,5,Industria,historico,293666844.8,2080000.0,291586844.8
2024-09-01,Cartagena,5,Madera y Papel,historico,76475178.2,0.0,76475178.2
2024-09-01,Cartagena,5,Maquinaria y Afines,historico,33520415.0,2241950.0,31278465.0
2024-09-01,Cartagena,5,Mining,historico,139905110.0,899850.0,139005260.0
2024-09-01,Cartagena,5,Persona Natural,historico,1721753.0,0.0,1721753.0
2024-09-01,Cartagena,5,Quimico,historico,300860694.0,687880.0,300172814.0
2024-09-01,Cartagena,5,Servicio de apoyo empresarial,historico,6096600.0,653460.0,5443140.0
2024-09-01,Cartagena,5,Servicios Publicos,historico,1592579159.0,1395000.0,1591184159.0
2024-09-01,Cartagena,5,Transporte y Logistica,historico,106787634.8,647535.0,106140099.8
2024-09-01,Cartagena,5,Turistico,historico,578508.0,0.0,578508.0
2024-10-01,Medellín,1,0,historico,83956042.49,2559914.83,81396127.66
2024-10-01,Medellín,1,Agricultura,historico,228704326.0,1231653.0,227472673.0
2024-10-01,Medellín,1,Articulos Para el Hogar y la Oficina,historico,14166941.0,0.0,14166941.0
2024-10-01,Medellín,1,Caucho y Plasticos,historico,64573606.5,5898540.0,58675066.5
2024-10-01,Medellín,1,Comercio,historico,1320950010.82,23827853.0,1297122157.82
2024-10-01,Medellín,1,Construction,historico,431707506.69,27892267.990000002,403815238.7
2024-10-01,Medellín,1,Education,historico,9170580.0,3393800.0,5776780.0
2024-10-01,Medellín,1,Empleados,historico,16921305.89,1105401.43,15815904.46
2024-10-01,Medellín,1,Equipo de Transporte,historico,68734825.0,245800.0,68489025.0
2024-10-01,Medellín,1,Food,historico,789985142.82,21738225.0,768246917.82
2024-10-01,Medellín,1,Health/Social,historico,12886858.0,255780.0,12631078.0
2024-10-01,Medellín,1,Hidrocarburo,historico,46246963.85,4234470.0,42012493.85
2024-10-01,Medellín,1,IT/Communication,historico,1246445.0,0.0,1246445.0
2024-10-01,Medellín,1,Industria,historico,1063565162.6,154138612.0,909426550.6
2024-10-01,Medellín,1,Madera y Papel,historico,111128847.0,1684650.0,109444197.0
2024-10-01,Medellín,1,Maquinaria y Afines,historico,154008392.26,16692376.0,137316016.26
2024-10-01,Medellín,1,Mining,historico,491832186.87,40079571.0,451752615.87
2024-10-01,Medellín,1,Persona Natural,historico,2693808.0,0.0,2693808.0
2024-10-01,Medellín,1,Quimico,historico,353024378.76,11385497.379999999,341638881.38
2024-10-01,Medellín,1,Servicio de apoyo empresarial,historico,98630569.0,9489255.0,89141314.0
2024-10-01,Medellín,1,Servicios Publicos,historico,313699269.6,148031289.58,165667980.02
2024-10-01,Medellín,1,"Textiles, Confecciones y Cuero",historico,108341702.0,2901770.0,105439932.0
2024-10-01,Medellín,1,Transporte y Logistica,historico,92149763.7,1902884.0,90246879.7
2024-10-01,Medellín,1,Turistico,historico,8400000.0,0.0,8400000.0
2024-10-01,Bogotá,2,0,historico,113416898.05,1484800.0,111932098.05
2024-10-01,Bogotá,2,Agricultura,historico,306890163.0,12545720.0,294344443.0
2024-10-01,Bogotá,2,Articulos Para el Hogar y la Oficina,historico,49546760.0,0.0,49546760.0
2024-10-01,Bogotá,2,Caucho y Plasticos,historico,27999714.0,107500.0,27892214.0
2024-10-01,Bogotá,2,Comercio,historico,2186036657.16,22157980.0,2163878677.16
2024-10-01,Bogotá,2,Construction,historico,156864262.0,8079660.0,148784602.0
2024-10-01,Bogotá,2,Education,historico,2382904.0,386410.0,1996494.0
2024-10-01,Bogotá,2,Empleados,historico,26940893.11,5667956.43,21272936.68
2024-10-01,Bogotá,2,Equipo de Transporte,historico,322663757.0,2306500.0,320357257.0
2024-10-01,Bogotá,2,Food,historico,1162740527.82,11986558.0,1150753969.82
2024-10-01,Bogotá,2,Health/Social,historico,18964588.0,0.0,18964588.0
2024-10-01,Bogotá,2,Hidrocarburo,historico,432719648.0,5073900.0,427645748.0
2024-10-01,Bogotá,2,IT/Communication,historico,22615430.0,0.0,22615430.0
2024-10-01,Bogotá,2,Industria,historico,548783879.06,108985419.2,439798459.86
2024-10-01,Bogotá,2,Madera y Papel,historico,71578752.0,1960800.0,69617952.0
2024-10-01,Bogotá,2,Maquinaria y Afines,historico,148685932.0,4539560.0,144146372.0
2024-10-01,Bogotá,2,Mining,historico,1066409902.9,487610.0,1065922292.9
2024-10-01,Bogotá,2,Persona Natural,historico,7351626.0,0.0,7351626.0
2024-10-01,Bogotá,2,Quimico,historico,542804012.0,571990.0,542232022.0
2024-10-01,Bogotá,2,Servicio de apoyo empresarial,historico,10573829.0,0.0,10573829.0
2024-10-01,Bogotá,2,Servicios Publicos,historico,61075132.0,2486328.0,58588804.0
2024-10-01,Bogotá,2,"Textiles, Confecciones y Cuero",historico,27835420.0,0.0,27835420.0
2024-10-01,Bogotá,2,Transporte y Logistica,historico,217106879.0,8132150.0,208974729.0
2024-10-01,Bogotá,2,Turistico,historico,1909488.0,0.0,1909488.0
2024-10-01,Cali,3,0,historico,42108379.37,77580.0,42030799.37
2024-10-01,Cali,3,Agricultura,historico,21051159.0,0.0,21051159.0
2024-10-01,Cali,3,Articulos Para el Hogar y la Oficina,historico,36587326.0,59753.0,36527573.0
2024-10-01,Cali,3,Caucho y Plasticos,historico,122492246.0,177258.0,122314988.0
2024-10-01,Cali,3,Comercio,historico,586790723.54,6299083.0,580491640.54
2024-10-01,Cali,3,Construction,historico,22349795.0,2436420.0,19913375.0
2024-10-01,Cali,3,Education,historico,3284098.0,0.0,3284098.0
2024-10-01,Cali,3,Empleados,historico,1818479.91,0.0,1818479.91
2024-10-01,Cali,3,Equipo de Transporte,historico,37250944.0,0.0,37250944.0
2024-10-01,Cali,3,Food,historico,918320679.68,13116871.0,905203808.68
2024-10-01,Cali,3,Health/Social,historico,103200.0,0.0,103200.0
2024-10-01,Cali,3,Hidrocarburo,historico,9793815.0,0.0,9793815.0
2024-10-01,Cali,3,IT/Communication,historico,12476929.0,0.0,12476929.0
2024-10-01,Cali,3,Industria,historico,227296767.0,4934778.0,222361989.0
2024-10-01,Cali,3,Madera y Papel,historico,156964217.51,1469934.0,155494283.51
2024-10-01,Cali,3,Maquinaria y Afines,historico,34149825.0,787842.0,33361983.0
2024-10-01,Cali,3,Mining,historico,155092321.0,0.0,155092321.0
2024-10-01,Cali,3,Persona Natural,historico,842688.0,0.0,842688.0
2024-10-01,Cali,3,Quimico,historico,334135878.19,44383192.0,289752686.19
2024-10-01,Cali,3,Servicio de apoyo empresarial,historico,7178252.0,130320.0,7047932.0
2024-10-01,Cali,3,Servicios Publicos,historico,137419821.95,64355.0,137355466.95
2024-10-01,Cali,3,"Textiles, Confecciones y Cuero",historico,22406311.0,0.0,22406311.0
2024-10-01,Cali,3,Transporte y Logistica,historico,20941506.6,659500.0,20282006.6
2024-10-01,Cali,3,Turistico,historico,101520.0,0.0,101520.0
2024-10-01,Barranquilla,4,0,historico,67646194.64,280050.0,67366144.64
2024-10-01,Barranquilla,4,Agricultura,historico,18903612.0,995000.0,17908612.0
2024-10-01,Barranquilla,4,Articulos Para el Hogar y la Oficina,historico,18586050.0,0.0,18586050.0
2024-10-01,Barranquilla,4,Caucho y Plasticos,historico,10370684.0,0.0,10370684.0
2024-10-01,Barranquilla,4,Comercio,historico,286492055.0,2504436.0,283987619.0
2024-10-01,Barranquilla,4,Construction,historico,120986313.0,7001146.0,113985167.0
2024-10-01,Barranquilla,4,Empleados,historico,3027190.5,0.0,3027190.5
2024-10-01,Barranquilla,4,Equipo de Transporte,historico,10033256.0,134700.0,9898556.0
2024-10-01,Barranquilla,4,Food,historico,362464379.11,18454410.0,344009969.11
2024-10-01,Barranquilla,4,Health/Social,historico,1759932.0,0.0,1759932.0
2024-10-01,Barranquilla,4,Hidrocarburo,historico,15430625.0,0.0,15430625.0
2024-10-01,Barranquilla,4,Industria,historico,849436417.0,19147093.0,830289324.0
2024-10-01,Barranquilla,4,Madera y Papel,historico,42464120.0,1061928.0,41402192.0
2024-10-01,Barranquilla,4,Maquinaria y Afines,historico,148840563.0,30655933.0,118184630.0
2024-10-01,Barranquilla,4,Mining,historico,1137869060.0,59537714.0,1078331346.0
2024-10-01,Barranquilla,4,Persona Natural,historico,637130.0,0.0,637130.0
2024-10-01,Barranquilla,4,Quimico,historico,198964353.0,4520000.0,194444353.0
2024-10-01,Barranquilla,4,Servicio de apoyo empresarial,historico,1330432.0,0.0,1330432.0
2024-10-01,Barranquilla,4,Servicios Publicos,historico,105299944.0,0.0,105299944.0
2024-10-01,Barranquilla,4,"Textiles, Confecciones y Cuero",historico,23896570.0,0.0,23896570.0
2024-10-01,Barranquilla,4,Transporte y Logistica,historico,79179440.0,299200.0,78880240.0
2024-10-01,Cartagena,5,0,historico,40619264.85,529390.0,40089874.85
2024-10-01,Cartagena,5,Agricultura,historico,5206075.0,0.0,5206075.0
2024-10-01,Cartagena,5,Caucho y Plasticos,historico,732055.0,0.0,732055.0
2024-10-01,Cartagena,5,Comercio,historico,291811629.45,3668812.0,288142817.45
2024-10-01,Cartagena,5,Construction,historico,170885831.6,58120000.0,112765831.6
2024-10-01,Cartagena,5,Empleados,historico,3672961.64,515114.64,3157847.0
2024-10-01,Cartagena,5,Equipo de Transporte,historico,12209460.0,0.0,12209460.0
2024-10-01,Cartagena,5,Food,historico,144500767.3,5378257.0,139122510.3
2024-10-01,Cartagena,5,Health/Social,historico,12704392.0,0.0,12704392.0
2024-10-01,Cartagena,5,Hidrocarburo,historico,322948575.6,1537462.0,321411113.6
2024-10-01,Cartagena,5,IT/Communication,historico,145600.0,0.0,145600.0
2024-10-01,Cartagena,5,Industria,historico,258350462.4,15784844.0,242565618.4
2024-10-01,Cartagena,5,Madera y Papel,historico,87081569.0,517600.0,86563969.0
2024-10-01,Cartagena,5,Maquinaria y Afines,historico,45894919.0,0.0,45894919.0
2024-10-01,Cartagena,5,Mining,historico,90218018.0,1224000.0,88994018.0
2024-10-01,Cartagena,5,Persona Natural,historico,4538112.7,0.0,4538112.7
2024-10-01,Cartagena,5,Quimico,historico,405564252.8,3709100.0,401855152.8
2024-10-01,Cartagena,5,Servicio de apoyo empresarial,historico,1823438.0,1049620.0,773818.0
2024-10-01,Cartagena,5,Servicios Publicos,historico,1566471580.3,12707000.0,1553764580.3
2024-10-01,Cartagena,5,Transporte y Logistica,historico,106259879.0,2060050.0,104199829.0
2024-10-01,Cartagena,5,Turistico,historico,3425310.0,0.0,3425310.0
2024-11-01,Medellín,1,0,historico,86254468.7,6961756.2299999995,79292712.47
2024-11-01,Medellín,1,Agricultura,historico,287158960.0,30402462.0,256756498.0
2024-11-01,Medellín,1,Articulos Para el Hogar y la Oficina,historico,23683591.0,0.0,23683591.0
2024-11-01,Medellín,1,Caucho y Plasticos,historico,116463750.3,849600.0,115614150.3
2024-11-01,Medellín,1,Comercio,historico,1262417349.1,26045706.0,1236371643.1
2024-11-01,Medellín,1,Construction,historico,411068253.99,45288482.0,365779771.99
2024-11-01,Medellín,1,Education,historico,13285180.0,0.0,13285180.0
2024-11-01,Medellín,1,Empleados,historico,7600626.0,4021248.6599999997,3579377.3400000003
2024-11-01,Medellín,1,Equipo de Transporte,historico,7633500.0,1013760.0,6619740.0
2024-11-01,Medellín,1,Food,historico,749896233.64,18034392.0,731861841.64
2024-11-01,Medellín,1,Health/Social,historico,33147047.0,0.0,33147047.0
2024-11-01,Medellín,1,Hidrocarburo,historico,111450946.36,23356305.54,88094640.82
2024-11-01,Medellín,1,IT/Communication,historico,1801058.0,0.0,1801058.0
2024-11-01,Medellín,1,Industria,historico,721887215.6,3464510.0,718422705.6
2024-11-01,Medellín,1,Madera y Papel,historico,93261563.0,6045472.0,87216091.0
2024-11-01,Medellín,1,Maquinaria y Afines,historico,82134597.28,20264042.0,61870555.28
2024-11-01,Medellín,1,Mining,historico,471140578.87,33533062.0,437607516.87
2024-11-01,Medellín,1,Persona Natural,historico,2713576.4,0.0,2713576.4
2024-11-01,Medellín,1,Quimico,historico,294982176.14,3363489.6100000003,291618686.53000003
2024-11-01,Medellín,1,Servicio de apoyo empresarial,historico,129652285.0,72313572.0,57338713.0
2024-11-01,Medellín,1,Servicios Publicos,historico,161090828.0,3017900.0,158072928.0
2024-11-01,Medellín,1,"Textiles, Confecciones y Cuero",historico,66366053.0,2407450.0,63958603.0
2024-11-01,Medellín,1,Transporte y Logistica,historico,57326294.0,934280.0,56392014.0
2024-11-01,Medellín,1,Turistico,historico,885600.0,0.0,885600.0
2024-11-01,Bogotá,2,0,historico,115975537.72,2329850.0,113645687.72
2024-11-01,Bogotá,2,Agricultura,historico,339426735.0,5383126.0,334043609.0
2024-11-01,Bogotá,2,Articulos Para el Hogar y la Oficina,historico,68061635.0,9999200.0,58062435.0
2024-11-01,Bogotá,2,Caucho y Plasticos,historico,33836966.0,28851200.0,4985766.0
2024-11-01,Bogotá,2,Comercio,historico,2086914635.7,43206008.0,2043708627.7
2024-11-01,Bogotá,2,Construction,historico,99190310.0,1309680.0,97880630.0
2024-11-01,Bogotá,2,Education,historico,98480.0,0.0,98480.0
2024-11-01,Bogotá,2,Empleados,historico,1759371.0,4096885.7,-2337514.7
2024-11-01,Bogotá,2,Equipo de Transporte,historico,193729248.0,62000.0,193667248.0
2024-11-01,Bogotá,2,Food,historico,1128905371.56,29680243.0,1099225128.56
2024-11-01,Bogotá,2,Health/Social,historico,15021972.0,0.0,15021972.0
2024-11-01,Bogotá,2,Hidrocarburo,historico,402897303.68,87613813.0,315283490.68
2024-11-01,Bogotá,2,IT/Communication,historico,10063250.0,0.0,10063250.0
2024-11-01,Bogotá,2,Industria,historico,470678662.68,13992174.0,456686488.68
2024-11-01,Bogotá,2,Madera y Papel,historico,117019529.0,11056000.0,105963529.0
2024-11-01,Bogotá,2,Maquinaria y Afines,historico,119705763.12,763775.0,118941988.12
2024-11-01,Bogotá,2,Mining,historico,898218733.93,87641478.0,810577255.93
2024-11-01,Bogotá,2,Persona Natural,historico,2295026.0,0.0,2295026.0
2024-11-01,Bogotá,2,Quimico,historico,431759425.16,6806790.0,424952635.16
2024-11-01,Bogotá,2,Servicio de apoyo empresarial,historico,6667278.0,127424.0,6539854.0
2024-11-01,Bogotá,2,Servicios Publicos,historico,40001962.0,162000.0,39839962.0
2024-11-01,Bogotá,2,"Textiles, Confecciones y Cuero",historico,25961784.0,630500.0,25331284.0
2024-11-01,Bogotá,2,Transporte y Logistica,historico,68524601.0,4979714.0,63544887.0
2024-11-01,Bogotá,2,Turistico,historico,8899828.0,0.0,8899828.0
2024-11-01,Cali,3,0,historico,43999899.6,134664.0,43865235.6
2024-11-01,Cali,3,Agricultura,historico,34464545.0,0.0,34464545.0
2024-11-01,Cali,3,Articulos Para el Hogar y la Oficina,historico,17326498.0,0.0,17326498.0
2024-11-01,Cali,3,Caucho y Plasticos,historico,105547476.0,578575.0,104968901.0
2024-11-01,Cali,3,Comercio,historico,630102060.49,2962460.0,627139600.49
2024-11-01,Cali,3,Construction,historico,39212726.0,707850.0,38504876.0
2024-11-01,Cali,3,Education,historico,1064900.0,0.0,1064900.0
2024-11-01,Cali,3,Empleados,historico,1715071.0,512859.91000000003,1202211.09
2024-11-01,Cali,3,Equipo de Transporte,historico,39839498.0,112800.0,39726698.0
2024-11-01,Cali,3,Food,historico,1065595164.42,40341896.4,1025253268.02
2024-11-01,Cali,3,Health/Social,historico,362739.0,0.0,362739.0
2024-11-01,Cali,3,Hidrocarburo,historico,42546581.0,920460.0,41626121.0
2024-11-01,Cali,3,IT/Communication,historico,14916422.0,0.0,14916422.0
2024-11-01,Cali,3,Industria,historico,250419873.0,5381997.0,245037876.0
2024-11-01,Cali,3,Madera y Papel,historico,149251379.36,4550005.64,144701373.72
2024-11-01,Cali,3,Maquinaria y Afines,historico,64514291.0,534030.0,63980261.0
2024-11-01,Cali,3,Mining,historico,145205329.0,0.0,145205329.0
2024-11-01,Cali,3,Quimico,historico,637086629.2,6381913.0,630704716.2
2024-11-01,Cali,3,Servicio de apoyo empresarial,historico,13304624.0,0.0,13304624.0
2024-11-01,Cali,3,Servicios Publicos,historico,69457656.0,1282377.0,68175279.0
2024-11-01,Cali,3,"Textiles, Confecciones y Cuero",historico,42532998.0,889797.0,41643201.0
2024-11-01,Cali,3,Transporte y Logistica,historico,10271335.0,74800.0,10196535.0
2024-11-01,Barranquilla,4,0,historico,51058927.65,1597504.0,49461423.65
2024-11-01,Barranquilla,4,Agricultura,historico,4863564.0,0.0,4863564.0
2024-11-01,Barranquilla,4,Articulos Para el Hogar y la Oficina,historico,7757767.0,919800.0,6837967.0
2024-11-01,Barranquilla,4,Caucho y Plasticos,historico,15008987.0,0.0,15008987.0
2024-11-01,Barranquilla,4,Comercio,historico,557294114.0,4186104.0,553108010.0
2024-11-01,Barranquilla,4,Construction,historico,99248695.0,5043606.0,94205089.0
2024-11-01,Barranquilla,4,Education,historico,974784.0,0.0,974784.0
2024-11-01,Barranquilla,4,Empleados,historico,385040.0,0.0,385040.0
2024-11-01,Barranquilla,4,Equipo de Transporte,historico,7653076.0,379296.0,7273780.0
2024-11-01,Barranquilla,4,Food,historico,341646223.8,2117890.0,339528333.8
2024-11-01,Barranquilla,4,Health/Social,historico,3023248.0,0.0,3023248.0
2024-11-01,Barranquilla,4,Hidrocarburo,historico,30815868.0,7055920.0,23759948.0
2024-11-01,Barranquilla,4,IT/Communication,historico,2074190.0,0.0,2074190.0
2024-11-01,Barranquilla,4,Industria,historico,898198762.0,7007979.0,891190783.0
2024-11-01,Barranquilla,4,Madera y Papel,historico,48369552.0,0.0,48369552.0
2024-11-01,Barranquilla,4,Maquinaria y Afines,historico,95733491.5,5375920.0,90357571.5
2024-11-01,Barranquilla,4,Mining,historico,867769298.0,91395.0,867677903.0
2024-11-01,Barranquilla,4,Persona Natural,historico,649960.0,0.0,649960.0
2024-11-01,Barranquilla,4,Quimico,historico,210137699.0,32359800.0,177777899.0
2024-11-01,Barranquilla,4,Servicio de apoyo empresarial,historico,1727380.0,0.0,1727380.0
2024-11-01,Barranquilla,4,Servicios Publicos,historico,18119196.0,3750000.0,14369196.0
2024-11-01,Barranquilla,4,"Textiles, Confecciones y Cuero",historico,126923829.0,0.0,126923829.0
2024-11-01,Barranquilla,4,Transporte y Logistica,historico,123396685.83,35708976.0,87687709.83
2024-11-01,Barranquilla,4,Turistico,historico,270000.0,0.0,270000.0
2024-11-01,Cartagena,5,0,historico,29497793.5,378398.0,29119395.5
2024-11-01,Cartagena,5,Caucho y Plasticos,historico,969694.0,0.0,969694.0
2024-11-01,Cartagena,5,Comercio,historico,271236967.5,1073805.0,270163162.5
2024-11-01,Cartagena,5,Construction,historico,186172950.12,67352.0,186105598.12
2024-11-01,Cartagena,5,Empleados,historico,1500316.07,40428.0,1459888.07
2024-11-01,Cartagena,5,Equipo de Transporte,historico,1030000.0,0.0,1030000.0
2024-11-01,Cartagena,5,Food,historico,171717082.72,10417820.0,161299262.72
2024-11-01,Cartagena,5,Health/Social,historico,15929080.0,0.0,15929080.0
2024-11-01,Cartagena,5,Hidrocarburo,historico,208009841.82999998,21849806.0,186160035.82999998
2024-11-01,Cartagena,5,Industria,historico,242886040.5,539000.0,242347040.5
2024-11-01,Cartagena,5,Madera y Papel,historico,157318205.2,65000.0,157253205.2
2024-11-01,Cartagena,5,Maquinaria y Afines,historico,49428951.4,266900.0,49162051.4
2024-11-01,Cartagena,5,Mining,historico,84395922.98,129040.0,84266882.98
2024-11-01,Cartagena,5,Persona Natural,historico,1581758.4,38800.0,1542958.4
2024-11-01,Cartagena,5,Quimico,historico,314176966.02,5651386.0,308525580.02
2024-11-01,Cartagena,5,Servicio de apoyo empresarial,historico,401464.0,0.0,401464.0
2024-11-01,Cartagena,5,Servicios Publicos,historico,306831702.0,0.0,306831702.0
2024-11-01,Cartagena,5,Transporte y Logistica,historico,118339479.0,6256930.0,112082549.0
2024-12-01,Medellín,1,0,historico,154861778.58,5422274.04,149439504.54
2024-12-01,Medellín,1,Agricultura,historico,488924248.0,4469816.0,484454432.0
2024-12-01,Medellín,1,Articulos Para el Hogar y la Oficina,historico,5968821.0,3254178.0,2714643.0
2024-12-01,Medellín,1,Caucho y Plasticos,historico,62711171.24,1070028.0,61641143.24
2024-12-01,Medellín,1,Comercio,historico,1078879102.79,26900790.0,1051978312.79
2024-12-01,Medellín,1,Construction,historico,270177869.11,56046394.0,214131475.11
2024-12-01,Medellín,1,Education,historico,3822300.0,0.0,3822300.0
2024-12-01,Medellín,1,Empleados,historico,9917777.36,10072796.48,-155019.12
2024-12-01,Medellín,1,Equipo de Transporte,historico,28258667.27,90000.0,28168667.27
2024-12-01,Medellín,1,Food,historico,992746714.6,35875427.0,956871287.6
2024-12-01,Medellín,1,Health/Social,historico,21517774.0,0.0,21517774.0
2024-12-01,Medellín,1,Hidrocarburo,historico,144949265.64,11521505.34,133427760.3
2024-12-01,Medellín,1,IT/Communication,historico,663052.0,0.0,663052.0
2024-12-01,Medellín,1,Industria,historico,1032414910.68,128727871.0,903687039.68
2024-12-01,Medellín,1,Madera y Papel,historico,117869808.0,16692622.0,101177186.0
2024-12-01,Medellín,1,Maquinaria y Afines,historico,92914957.62,1450162.0,91464795.62
2024-12-01,Medellín,1,Mining,historico,467682209.83,100061187.7,367621022.13
2024-12-01,Medellín,1,Persona Natural,historico,1729699.0,0.0,1729699.0
2024-12-01,Medellín,1,Quimico,historico,344193950.8,93688050.0,250505900.8
2024-12-01,Medellín,1,Servicio de apoyo empresarial,historico,41811154.0,54192600.0,-12381446.0
2024-12-01,Medellín,1,Servicios Publicos,historico,287964078.0,22044364.0,265919714.0
2024-12-01,Medellín,1,"Textiles, Confecciones y Cuero",historico,73459505.2,4563500.0,68896005.2
2024-12-01,Medellín,1,Transporte y Logistica,historico,115897716.0,997000.0,114900716.0
2024-12-01,Medellín,1,Turistico,historico,345000.0,0.0,345000.0
2024-12-01,Bogotá,2,0,historico,110390478.64,2610293.0,107780185.64
2024-12-01,Bogotá,2,Agricultura,historico,540671686.0,31004388.0,509667298.0
2024-12-01,Bogotá,2,Articulos Para el Hogar y la Oficina,historico,117761486.0,78366522.0,39394964.0
2024-12-01,Bogotá,2,Caucho y Plasticos,historico,21925482.0,407170.0,21518312.0
2024-12-01,Bogotá,2,Comercio,historico,2068511184.14,94917776.0,1973593408.14
2024-12-01,Bogotá,2,Construction,historico,275416264.0,10192039.0,265224225.0
2024-12-01,Bogotá,2,Education,historico,6818302.0,2270000.0,4548302.0
2024-12-01,Bogotá,2,Empleados,historico,4182002.5,13997621.06,-9815618.56
2024-12-01,Bogotá,2,Energy supply,historico,8844948.0,3625518.0,5219430.0
2024-12-01,Bogotá,2,Equipo de Transporte,historico,306804277.0,18843441.0,287960836.0
2024-12-01,Bogotá,2,Food,historico,1004112414.78,24312026.0,979800388.78
2024-12-01,Bogotá,2,Health/Social,historico,11699547.0,0.0,11699547.0
2024-12-01,Bogotá,2,Hidrocarburo,historico,447037166.52,50748169.86,396288996.66
2024-12-01,Bogotá,2,IT/Communication,historico,6504700.0,68000.0,6436700.0
2024-12-01,Bogotá,2,Industria,historico,488613372.52,21987866.0,466625506.52
2024-12-01,Bogotá,2,Madera y Papel,historico,113181649.0,11822000.0,101359649.0
2024-12-01,Bogotá,2,Maquinaria y Afines,historico,116984794.27,2924150.0,114060644.27
2024-12-01,Bogotá,2,Mining,historico,588269077.95,1992695.0,586276382.95
2024-12-01,Bogotá,2,Persona Natural,historico,6840791.0,0.0,6840791.0
2024-12-01,Bogotá,2,Quimico,historico,542195436.0,32342412.0,509853024.0
2024-12-01,Bogotá,2,Servicio de apoyo empresarial,historico,5511340.0,0.0,5511340.0
2024-12-01,Bogotá,2,Servicios Publicos,historico,46869436.0,540000.0,46329436.0
2024-12-01,Bogotá,2,"Textiles, Confecciones y Cuero",historico,33514156.0,580605.0,32933551.0
2024-12-01,Bogotá,2,Transporte y Logistica,historico,107480076.0,12098182.0,95381894.0
2024-12-01,Bogotá,2,Turistico,historico,6075762.0,0.0,6075762.0
2024-12-01,Cali,3,0,historico,34717578.0,201075.0,34516503.0
2024-12-01,Cali,3,Agricultura,historico,20964519.0,0.0,20964519.0
2024-12-01,Cali,3,Articulos Para el Hogar y la Oficina,historico,39990336.0,0.0,39990336.0
2024-12-01,Cali,3,Caucho y Plasticos,historico,112981942.02,42136410.0,70845532.02
2024-12-01,Cali,3,Comercio,historico,614573213.76,6093341.0,608479872.76
2024-12-01,Cali,3,Construction,historico,10517474.0,2341504.56,8175969.4399999995
2024-12-01,Cali,3,Empleados,historico,478130.0,168675.0,309455.0
2024-12-01,Cali,3,Equipo de Transporte,historico,70935056.0,10961752.0,59973304.0
2024-12-01,Cali,3,Food,historico,1036031984.0,9177234.0,1026854750.0
2024-12-01,Cali,3,Hidrocarburo,historico,18295623.0,0.0,18295623.0
2024-12-01,Cali,3,IT/Communication,historico,9264855.0,0.0,9264855.0
2024-12-01,Cali,3,Industria,historico,171334949.4,622750.0,170712199.4
2024-12-01,Cali,3,Instituciones,historico,496384.0,0.0,496384.0
2024-12-01,Cali,3,Madera y Papel,historico,144753421.79,7085745.96,137667675.83
2024-12-01,Cali,3,Maquinaria y Afines,historico,83102275.0,12094827.0,71007448.0
2024-12-01,Cali,3,Mining,historico,92169776.0,1728690.0,90441086.0
2024-12-01,Cali,3,Persona Natural,historico,451840.0,0.0,451840.0
2024-12-01,Cali,3,Quimico,historico,338828593.0,22985145.0,315843448.0
2024-12-01,Cali,3,Servicio de apoyo empresarial,historico,1837865.0,0.0,1837865.0
2024-12-01,Cali,3,Servicios Publicos,historico,40652554.0,1743000.0,38909554.0
2024-12-01,Cali,3,"Textiles, Confecciones y Cuero",historico,31446464.0,0.0,31446464.0
2024-12-01,Cali,3,Transporte y Logistica,historico,20696167.0,2878350.0,17817817.0
2024-12-01,Barranquilla,4,0,historico,44907002.4,506800.0,44400202.4
2024-12-01,Barranquilla,4,Agricultura,historico,3930000.0,0.0,3930000.0
2024-12-01,Barranquilla,4,Articulos Para el Hogar y la Oficina,historico,11034419.0,0.0,11034419.0
2024-12-01,Barranquilla,4,Caucho y Plasticos,historico,26388172.0,45900.0,26342272.0
2024-12-01,Barranquilla,4,Comercio,historico,355921467.56,2840418.0,353081049.56
2024-12-01,Barranquilla,4,Construction,historico,117112812.0,759550.0,116353262.0
2024-12-01,Barranquilla,4,Education,historico,41192530.0,20400000.0,20792530.0
2024-12-01,Barranquilla,4,Empleados,historico,1106564.5,0.0,1106564.5
2024-12-01,Barranquilla,4,Equipo de Transporte,historico,3669879.0,0.0,3669879.0
2024-12-01,Barranquilla,4,Food,historico,213306638.32,3132294.0,210174344.32
2024-12-01,Barranquilla,4,Health/Social,historico,2101179.0,0.0,2101179.0
2024-12-01,Barranquilla,4,Hidrocarburo,historico,29692728.0,0.0,29692728.0
2024-12-01,Barranquilla,4,IT/Communication,historico,1473360.0,0.0,1473360.0
2024-12-01,Barranquilla,4,Industria,historico,544200172.0,37812430.0,506387742.0
2024-12-01,Barranquilla,4,Madera y Papel,historico,22721232.0,465480.0,22255752.0
2024-12-01,Barranquilla,4,Maquinaria y Afines,historico,124563204.0,5478543.0,119084661.0
2024-12-01,Barranquilla,4,Mining,historico,816397893.0,1204634.0,815193259.0
2024-12-01,Barranquilla,4,Persona Natural,historico,552340.0,0.0,552340.0
2024-12-01,Barranquilla,4,Quimico,historico,227771624.0,16551988.0,211219636.0
2024-12-01,Barranquilla,4,Servicio de apoyo empresarial,historico,2287975.0,0.0,2287975.0
2024-12-01,Barranquilla,4,Servicios Publicos,historico,165837024.0,74836614.0,91000410.0
2024-12-01,Barranquilla,4,"Textiles, Confecciones y Cuero",historico,12045277.01,0.0,12045277.01
2024-12-01,Barranquilla,4,Transporte y Logistica,historico,113139458.9,1794118.0,111345340.9
2024-12-01,Cartagena,5,0,historico,31906174.2,23000.0,31883174.2
2024-12-01,Cartagena,5,Agricultura,historico,426000.0,0.0,426000.0
2024-12-01,Cartagena,5,Caucho y Plasticos,historico,3777600.0,0.0,3777600.0
2024-12-01,Cartagena,5,Comercio,historico,281963353.0,3065895.0,278897458.0
2024-12-01,Cartagena,5,Construction,historico,112415217.2,471272.0,111943945.2
2024-12-01,Cartagena,5,Empleados,historico,29206064.2,14200000.0,15006064.2
2024-12-01,Cartagena,5,Equipo de Transporte,historico,1177057.0,0.0,1177057.0
2024-12-01,Cartagena,5,Food,historico,323681081.0,146019800.0,177661281.0
2024-12-01,Cartagena,5,Health/Social,historico,18410881.0,0.0,18410881.0
2024-12-01,Cartagena,5,Hidrocarburo,historico,176991179.14,14707485.6,162283693.54
2024-12-01,Cartagena,5,IT/Communication,historico,229500.0,0.0,229500.0
2024-12-01,Cartagena,5,Industria,historico,217048744.3,4646416.0,212402328.3
2024-12-01,Cartagena,5,Madera y Papel,historico,64324840.0,1950000.0,62374840.0
2024-12-01,Cartagena,5,Maquinaria y Afines,historico,19974374.8,844000.0,19130374.8
2024-12-01,Cartagena,5,Mining,historico,92077197.0,515000.0,91562197.0
2024-12-01,Cartagena,5,Persona Natural,historico,2647935.4,0.0,2647935.4
2024-12-01,Cartagena,5,Quimico,historico,192212529.0,2221600.0,189990929.0
2024-12-01,Cartagena,5,Servicio de apoyo empresarial,historico,3812802.0,0.0,3812802.0
2024-12-01,Cartagena,5,Servicios Publicos,historico,340730220.0,7356746.0,333373474.0
2024-12-01,Cartagena,5,"Textiles, Confecciones y Cuero",historico,882000.0,0.0,882000.0
2024-12-01,Cartagena,5,Transporte y Logistica,historico,129565551.8,31370777.0,98194774.8
2024-12-01,Cartagena,5,Turistico,historico,5136000.0,0.0,5136000.0
2025-01-01,Medellín,1,0,historico,124866506.81,7007853.8,117858653.01
2025-01-01,Medellín,1,Agricultura,historico,354339584.36,41334899.0,313004685.36
2025-01-01,Medellín,1,Articulos Para el Hogar y la Oficina,historico,17213272.0,0.0,17213272.0
2025-01-01,Medellín,1,Caucho y Plasticos,historico,41853483.35,38300.0,41815183.35
2025-01-01,Medellín,1,Comercio,historico,1225280582.62,9010526.0,1216270056.62
2025-01-01,Medellín,1,Construction,historico,278154612.03,2317993.0,275836619.03
2025-01-01,Medellín,1,Education,historico,1037200.0,0.0,1037200.0
2025-01-01,Medellín,1,Empleados,historico,6501141.0,3748938.0,2752203.0
2025-01-01,Medellín,1,Equipo de Transporte,historico,3620624.0,0.0,3620624.0
2025-01-01,Medellín,1,Food,historico,612106945.48,29162536.0,582944409.48
2025-01-01,Medellín,1,Health/Social,historico,3542689.0,0.0,3542689.0
2025-01-01,Medellín,1,Hidrocarburo,historico,229654848.35,10014956.0,219639892.35
2025-01-01,Medellín,1,IT/Communication,historico,1248345.0,0.0,1248345.0
2025-01-01,Medellín,1,Industria,historico,744840120.4,26846355.0,717993765.4
2025-01-01,Medellín,1,Madera y Papel,historico,80696501.0,3560000.0,77136501.0
2025-01-01,Medellín,1,Maquinaria y Afines,historico,86844368.2,17712000.0,69132368.2
2025-01-01,Medellín,1,Mining,historico,660597436.48,79600788.0,580996648.48
2025-01-01,Medellín,1,Persona Natural,historico,13943659.6,0.0,13943659.6
2025-01-01,Medellín,1,Quimico,historico,273928659.46,14097640.0,259831019.46
2025-01-01,Medellín,1,Servicio de apoyo empresarial,historico,73849783.0,1080720.0,72769063.0
2025-01-01,Medellín,1,Servicios Publicos,historico,114832757.0,614500.0,114218257.0
2025-01-01,Medellín,1,"Textiles, Confecciones y Cuero",historico,93292749.0,285000.0,93007749.0
2025-01-01,Medellín,1,Transporte y Logistica,historico,136487713.0,5346650.0,131141063.0
2025-01-01,Medellín,1,Turistico,historico,1201100.0,506000.0,695100.0
2025-01-01,Bogotá,2,0,historico,88552527.0,129600.0,88422927.0
2025-01-01,Bogotá,2,Agricultura,historico,469720079.0,1358000.0,468362079.0
2025-01-01,Bogotá,2,Articulos Para el Hogar y la Oficina,historico,63347630.0,2133800.0,61213830.0
2025-01-01,Bogotá,2,Caucho y Plasticos,historico,33391546.1,1456176.0,31935370.1
2025-01-01,Bogotá,2,Comercio,historico,2116001472.84,18655431.0,2097346041.84
2025-01-01,Bogotá,2,Construction,historico,122940126.0,762330.0,122177796.0
2025-01-01,Bogotá,2,Empleados,historico,14690002.5,5804965.62,8885036.879999999
2025-01-01,Bogotá,2,Energy supply,historico,6715788.0,0.0,6715788.0
2025-01-01,Bogotá,2,Entertainment,historico,26000.0,0.0,26000.0
2025-01-01,Bogotá,2,Equipo de Transporte,historico,249023250.0,3433685.0,245589565.0
2025-01-01,Bogotá,2,Food,historico,1044475276.4,30276268.0,1014199008.4
2025-01-01,Bogotá,2,Health/Social,historico,1928977.0,0.0,1928977.0
2025-01-01,Bogotá,2,Hidrocarburo,historico,364719837.57,7995802.0,356724035.57
2025-01-01,Bogotá,2,IT/Communication,historico,18168148.0,0.0,18168148.0
2025-01-01,Bogotá,2,Industria,historico,661921254.0,2272738.0,659648516.0
2025-01-01,Bogotá,2,Madera y Papel,historico,65476866.0,5028050.0,60448816.0
2025-01-01,Bogotá,2,Maquinaria y Afines,historico,100049200.2,1101200.0,98948000.2
2025-01-01,Bogotá,2,Mining,historico,764776543.89,49154017.0,715622526.89
2025-01-01,Bogotá,2,Persona Natural,historico,7919368.0,0.0,7919368.0
2025-01-01,Bogotá,2,Quimico,historico,380742557.5,30957073.5,349785484.0
2025-01-01,Bogotá,2,Servicio de apoyo empresarial,historico,17314644.0,4421301.0,12893343.0
2025-01-01,Bogotá,2,Servicios Publicos,historico,29772116.0,0.0,29772116.0
2025-01-01,Bogotá,2,"Textiles, Confecciones y Cuero",historico,33686359.0,1380000.0,32306359.0
2025-01-01,Bogotá,2,Transporte y Logistica,historico,65346964.5,657828.0,64689136.5
2025-01-01,Bogotá,2,Turistico,historico,7435144.0,144800.0,7290344.0
2025-01-01,Cali,3,0,historico,23333646.0,69600.0,23264046.0
2025-01-01,Cali,3,Agricultura,historico,9922451.0,0.0,9922451.0
2025-01-01,Cali,3,Articulos Para el Hogar y la Oficina,historico,16388944.0,0.0,16388944.0
2025-01-01,Cali,3,Caucho y Plasticos,historico,161074300.0,48500000.0,112574300.0
2025-01-01,Cali,3,Comercio,historico,550838138.52,8095116.0,542743022.52
2025-01-01,Cali,3,Construction,historico,93759188.0,112455.0,93646733.0
2025-01-01,Cali,3,Education,historico,9879726.0,0.0,9879726.0
2025-01-01,Cali,3,Empleados,historico,8079138.72,326700.0,7752438.72
2025-01-01,Cali,3,Equipo de Transporte,historico,21025409.0,0.0,21025409.0
2025-01-01,Cali,3,Food,historico,871290514.27,19961620.6,851328893.67
2025-01-01,Cali,3,Health/Social,historico,979233.0,0.0,979233.0
2025-01-01,Cali,3,Hidrocarburo,historico,29346651.0,0.0,29346651.0
2025-01-01,Cali,3,IT/Communication,historico,2328335.0,0.0,2328335.0
2025-01-01,Cali,3,Industria,historico,129951005.0,0.0,129951005.0
2025-01-01,Cali,3,Madera y Papel,historico,176557364.58,40230360.0,136327004.58
2025-01-01,Cali,3,Manufacturing,historico,92000.0,0.0,92000.0
2025-01-01,Cali,3,Maquinaria y Afines,historico,65628666.0,967610.0,64661056.0
2025-01-01,Cali,3,Mining,historico,154586801.0,2190692.0,152396109.0
2025-01-01,Cali,3,Persona Natural,historico,1877228.0,0.0,1877228.0
2025-01-01,Cali,3,Quimico,historico,373853612.95,5773520.0,368080092.95
2025-01-01,Cali,3,Servicio de apoyo empresarial,historico,7445141.0,65500.0,7379641.0
2025-01-01,Cali,3,Servicios Publicos,historico,10011779.0,7540229.0,2471550.0
2025-01-01,Cali,3,"Textiles, Confecciones y Cuero",historico,33238933.0,31320.0,33207613.0
2025-01-01,Cali,3,Transporte y Logistica,historico,8691820.0,0.0,8691820.0
2025-01-01,Cali,3,Turistico,historico,947520.0,0.0,947520.0
2025-01-01,Barranquilla,4,0,historico,46224496.3,0.0,46224496.3
2025-01-01,Barranquilla,4,Agricultura,historico,16114915.0,0.0,16114915.0
2025-01-01,Barranquilla,4,Agroindustria,historico,65824.0,0.0,65824.0
2025-01-01,Barranquilla,4,Articulos Para el Hogar y la Oficina,historico,9489374.0,435800.0,9053574.0
2025-01-01,Barranquilla,4,Caucho y Plasticos,historico,16597008.0,0.0,16597008.0
2025-01-01,Barranquilla,4,Comercio,historico,539014695.0,831998.0,538182697.0
2025-01-01,Barranquilla,4,Construction,historico,133887788.0,287020.0,133600768.0
2025-01-01,Barranquilla,4,Empleados,historico,806687.0,1876252.0,-1069565.0
2025-01-01,Barranquilla,4,Equipo de Transporte,historico,718378.0,262000.0,456378.0
2025-01-01,Barranquilla,4,Food,historico,318202894.5,1107080.0,317095814.5
2025-01-01,Barranquilla,4,Health/Social,historico,7568393.0,0.0,7568393.0
2025-01-01,Barranquilla,4,Hidrocarburo,historico,34545920.0,144800.0,34401120.0
2025-01-01,Barranquilla,4,IT/Communication,historico,100672.0,0.0,100672.0
2025-01-01,Barranquilla,4,Industria,historico,443599695.6,2646009.0,440953686.6
2025-01-01,Barranquilla,4,Madera y Papel,historico,38838050.4,1815540.0,37022510.4
2025-01-01,Barranquilla,4,Maquinaria y Afines,historico,77121507.0,160000.0,76961507.0
2025-01-01,Barranquilla,4,Mining,historico,1017020433.2,1392000.0,1015628433.2
2025-01-01,Barranquilla,4,Persona Natural,historico,2313702.75,33041.3,2280661.45
2025-01-01,Barranquilla,4,Quimico,historico,202797205.0,164000.0,202633205.0
2025-01-01,Barranquilla,4,Servicio de apoyo empresarial,historico,1141700.0,0.0,1141700.0
2025-01-01,Barranquilla,4,Servicios Publicos,historico,21781644.4,1465790.0,20315854.4
2025-01-01,Barranquilla,4,"Textiles, Confecciones y Cuero",historico,102688077.0,0.0,102688077.0
2025-01-01,Barranquilla,4,Transporte y Logistica,historico,40617282.4,0.0,40617282.4
2025-01-01,Cartagena,5,0,historico,25941810.05,281180.2,25660629.85
2025-01-01,Cartagena,5,Caucho y Plasticos,historico,3403355.0,0.0,3403355.0
2025-01-01,Cartagena,5,Comercio,historico,288904747.7,1841260.0,287063487.7
2025-01-01,Cartagena,5,Construction,historico,173165172.6,468050.0,172697122.6
2025-01-01,Cartagena,5,Empleados,historico,4955196.0,208017.0,4747179.0
2025-01-01,Cartagena,5,Equipo de Transporte,historico,1059554.0,0.0,1059554.0
2025-01-01,Cartagena,5,Food,historico,166270958.0,778875.0,165492083.0
2025-01-01,Cartagena,5,Health/Social,historico,14369515.0,0.0,14369515.0
2025-01-01,Cartagena,5,Hidrocarburo,historico,191888481.89000002,26646800.0,165241681.89000002
2025-01-01,Cartagena,5,Industria,historico,197828313.0,0.0,197828313.0
2025-01-01,Cartagena,5,Madera y Papel,historico,83781313.0,683496.0,83097817.0
2025-01-01,Cartagena,5,Maquinaria y Afines,historico,31412986.6,53784.0,31359202.6
2025-01-01,Cartagena,5,Mining,historico,68414157.6,124000.0,68290157.6
2025-01-01,Cartagena,5,Persona Natural,historico,5907162.350000001,0.0,5907162.350000001
2025-01-01,Cartagena,5,Quimico,historico,210930354.19,298830.0,210631524.19
2025-01-01,Cartagena,5,Servicio de apoyo empresarial,historico,23138056.0,1807688.0,21330368.0
2025-01-01,Cartagena,5,Servicios Publicos,historico,146597684.0,0.0,146597684.0
2025-01-01,Cartagena,5,"Textiles, Confecciones y Cuero",historico,12378000.0,0.0,12378000.0
2025-01-01,Cartagena,5,Transporte y Logistica,historico,223020086.0,4562050.0,218458036.0
2025-01-01,Cartagena,5,Turistico,historico,5463200.0,0.0,5463200.0
2025-02-01,Medellín,1,0,historico,95454159.7,4721419.0,90732740.7
2025-02-01,Medellín,1,Agricultura,historico,393745212.8,13891706.0,379853506.8
2025-02-01,Medellín,1,Agroindustria,historico,189000.0,0.0,189000.0
2025-02-01,Medellín,1,Articulos Para el Hogar y la Oficina,historico,10531962.0,0.0,10531962.0
2025-02-01,Medellín,1,Caucho y Plasticos,historico,46893936.46,476000.0,46417936.46
2025-02-01,Medellín,1,Comercio,historico,1611757179.83,24653586.0,1587103593.83
2025-02-01,Medellín,1,Construction,historico,876538114.41,24643372.0,851894742.41
2025-02-01,Medellín,1,Education,historico,2446560.0,0.0,2446560.0
2025-02-01,Medellín,1,Empleados,historico,6131983.0,4180819.0,1951164.0
2025-02-01,Medellín,1,Equipo de Transporte,historico,7616260.0,558172.0,7058088.0
2025-02-01,Medellín,1,Food,historico,773740724.92,19318412.0,754422312.92
2025-02-01,Medellín,1,Health/Social,historico,38966206.0,252777.0,38713429.0
2025-02-01,Medellín,1,Hidrocarburo,historico,131797175.12,6497755.0,125299420.12
2025-02-01,Medellín,1,Households,historico,335806.0,0.0,335806.0
2025-02-01,Medellín,1,IT/Communication,historico,4548880.0,0.0,4548880.0
2025-02-01,Medellín,1,Industria,historico,719491660.39,6163011.5,713328648.89
2025-02-01,Medellín,1,Madera y Papel,historico,94700984.8,626457.0,94074527.8
2025-02-01,Medellín,1,Maquinaria y Afines,historico,127120062.66,570256.3,126549806.36
2025-02-01,Medellín,1,Mining,historico,423990872.23,943470.0,423047402.23
2025-02-01,Medellín,1,Persona Natural,historico,14487394.6,0.0,14487394.6
2025-02-01,Medellín,1,Public Administration,historico,101000.0,0.0,101000.0
2025-02-01,Medellín,1,Quimico,historico,446349833.5,8725548.0,437624285.5
2025-02-01,Medellín,1,Real Estate,historico,55490.0,0.0,55490.0
2025-02-01,Medellín,1,Servicio de apoyo empresarial,historico,82307476.8,59971000.0,22336476.8
2025-02-01,Medellín,1,Servicios Publicos,historico,104840849.5,2512850.0,102327999.5
2025-02-01,Medellín,1,"Textiles, Confecciones y Cuero",historico,76801483.0,1557191.0,75244292.0
2025-02-01,Medellín,1,Transporte y Logistica,historico,82032839.0,836160.0,81196679.0
2025-02-01,Medellín,1,Turistico,historico,1634899.58,0.0,1634899.58
2025-02-01,Bogotá,2,0,historico,72253612.0,4883582.0,67370030.0
2025-02-01,Bogotá,2,Agricultura,historico,489153215.0,7498798.0,481654417.0
2025-02-01,Bogotá,2,Articulos Para el Hogar y la Oficina,historico,114007866.0,1171980.0,112835886.0
2025-02-01,Bogotá,2,Caucho y Plasticos,historico,16959205.0,1495957.1,15463247.9
2025-02-01,Bogotá,2,Comercio,historico,2129579041.49,37568001.0,2092011040.49
2025-02-01,Bogotá,2,Construction,historico,195951581.96,1600452.0,194351129.96
2025-02-01,Bogotá,2,Education,historico,38526.0,0.0,38526.0
2025-02-01,Bogotá,2,Empleados,historico,6565856.34,7657947.0,-1092090.6600000001
2025-02-01,Bogotá,2,Energy supply,historico,60262452.0,0.0,60262452.0
2025-02-01,Bogotá,2,Equipo de Transporte,historico,259245064.0,0.0,259245064.0
2025-02-01,Bogotá,2,Finance/Insurance,historico,119700.0,0.0,119700.0
2025-02-01,Bogotá,2,Food,historico,1042701599.32,33908446.0,1008793153.32
2025-02-01,Bogotá,2,Health/Social,historico,7523903.0,0.0,7523903.0
2025-02-01,Bogotá,2,Hidrocarburo,historico,316316931.4,11442683.0,304874248.4
2025-02-01,Bogotá,2,IT/Communication,historico,6255268.0,136000.0,6119268.0
2025-02-01,Bogotá,2,Industria,historico,482903408.36,8739387.0,474164021.36
2025-02-01,Bogotá,2,Madera y Papel,historico,63538249.0,155770.0,63382479.0
2025-02-01,Bogotá,2,Maquinaria y Afines,historico,89296141.0,2858537.0,86437604.0
2025-02-01,Bogotá,2,Mining,historico,933712827.44,81725666.0,851987161.44
2025-02-01,Bogotá,2,Persona Natural,historico,8228410.0,0.0,8228410.0
2025-02-01,Bogotá,2,Quimico,historico,485384136.2,3938109.0,481446027.2
2025-02-01,Bogotá,2,Servicio de apoyo empresarial,historico,66979617.9,0.0,66979617.9
2025-02-01,Bogotá,2,Servicios Publicos,historico,53609336.0,12100.0,53597236.0
2025-02-01,Bogotá,2,"Textiles, Confecciones y Cuero",historico,37055391.0,0.0,37055391.0
2025-02-01,Bogotá,2,Transporte y Logistica,historico,110080035.8,246672.0,109833363.8
2025-02-01,Bogotá,2,Turistico,historico,5953726.0,0.0,5953726.0
2025-02-01,Cali,3,0,historico,34821167.0,65610.0,34755557.0
2025-02-01,Cali,3,Agricultura,historico,39395029.0,636030.0,38758999.0
2025-02-01,Cali,3,Agroindustria,historico,168400.0,0.0,168400.0
2025-02-01,Cali,3,Articulos Para el Hogar y la Oficina,historico,37004006.0,4620000.0,32384006.0
2025-02-01,Cali,3,Caucho y Plasticos,historico,73694621.0,39424152.0,34270469.0
2025-02-01,Cali,3,Comercio,historico,653845988.65,3778915.0,650067073.65
2025-02-01,Cali,3,Construction,historico,25045684.0,46525.0,24999159.0
2025-02-01,Cali,3,Education,historico,4098800.0,49800.0,4049000.0
2025-02-01,Cali,3,Empleados,historico,1226653.0,3149754.0,-1923101.0
2025-02-01,Cali,3,Equipo de Transporte,historico,94938887.6,12990403.0,81948484.6
2025-02-01,Cali,3,Food,historico,941263838.24,10509644.0,930754194.24
2025-02-01,Cali,3,Health/Social,historico,202969.0,0.0,202969.0
2025-02-01,Cali,3,Hidrocarburo,historico,29298304.0,0.0,29298304.0
2025-02-01,Cali,3,IT/Communication,historico,6349000.0,0.0,6349000.0
2025-02-01,Cali,3,Industria,historico,220321223.0,21047452.0,199273771.0
2025-02-01,Cali,3,Madera y Papel,historico,120480249.44,217745.94,120262503.5
2025-02-01,Cali,3,Maquinaria y Afines,historico,31975748.0,37900.0,31937848.0
2025-02-01,Cali,3,Mining,historico,97468648.0,9121632.0,88347016.0
2025-02-01,Cali,3,Persona Natural,historico,24231025.31,0.0,24231025.31
2025-02-01,Cali,3,Quimico,historico,396178565.5,116095660.5,280082905.0
2025-02-01,Cali,3,Real Estate,historico,328440.0,0.0,328440.0
2025-02-01,Cali,3,Servicio de apoyo empresarial,historico,1917002.0,0.0,1917002.0
2025-02-01,Cali,3,Servicios Publicos,historico,23808025.0,238200.0,23569825.0
2025-02-01,Cali,3,"Textiles, Confecciones y Cuero",historico,34115857.0,535920.0,33579937.0
2025-02-01,Cali,3,Transporte y Logistica,historico,20648433.0,0.0,20648433.0
2025-02-01,Cali,3,Turistico,historico,333180.0,0.0,333180.0
2025-02-01,Barranquilla,4,0,historico,43829096.96,423600.0,43405496.96
2025-02-01,Barranquilla,4,Agricultura,historico,9147520.0,0.0,9147520.0
2025-02-01,Barranquilla,4,Articulos Para el Hogar y la Oficina,historico,8874572.0,77040.0,8797532.0
2025-02-01,Barranquilla,4,Caucho y Plasticos,historico,15612406.0,0.0,15612406.0
2025-02-01,Barranquilla,4,Comercio,historico,398876560.2,5142555.0,393734005.2
2025-02-01,Barranquilla,4,Construction,historico,126614003.0,0.0,126614003.0
2025-02-01,Barranquilla,4,Empleados,historico,153492.0,0.0,153492.0
2025-02-01,Barranquilla,4,Equipo de Transporte,historico,5505478.0,271188.0,5234290.0
2025-02-01,Barranquilla,4,Food,historico,360286932.28,5454200.0,354832732.28
2025-02-01,Barranquilla,4,Health/Social,historico,6099662.0,90150.0,6009512.0
2025-02-01,Barranquilla,4,Hidrocarburo,historico,21897719.7,0.0,21897719.7
2025-02-01,Barranquilla,4,IT/Communication,historico,107400.0,0.0,107400.0
2025-02-01,Barranquilla,4,Industria,historico,380002762.0,9224073.0,370778689.0
2025-02-01,Barranquilla,4,Madera y Papel,historico,42412837.0,0.0,42412837.0
2025-02-01,Barranquilla,4,Maquinaria y Afines,historico,103787511.0,5909138.0,97878373.0
2025-02-01,Barranquilla,4,Mining,historico,1054794134.0,1082787.0,1053711347.0
2025-02-01,Barranquilla,4,Persona Natural,historico,3173212.0,92310.0,3080902.0
2025-02-01,Barranquilla,4,Quimico,historico,222530117.8,2392526.0,220137591.8
2025-02-01,Barranquilla,4,Servicio de apoyo empresarial,historico,1695240.0,280000.0,1415240.0
2025-02-01,Barranquilla,4,Servicios Publicos,historico,66889560.2,11028000.0,55861560.2
2025-02-01,Barranquilla,4,"Textiles, Confecciones y Cuero",historico,68414634.0,0.0,68414634.0
2025-02-01,Barranquilla,4,Transporte y Logistica,historico,105168656.0,8887095.0,96281561.0
2025-02-01,Cartagena,5,0,historico,22143692.1,0.0,22143692.1
2025-02-01,Cartagena,5,Caucho y Plasticos,historico,3096371.52,0.0,3096371.52
2025-02-01,Cartagena,5,Comercio,historico,352566831.35,8448760.0,344118071.35
2025-02-01,Cartagena,5,Construction,historico,124418520.14,119691.0,124298829.14
2025-02-01,Cartagena,5,Empleados,historico,4456647.0,18297260.0,-13840613.0
2025-02-01,Cartagena,5,Equipo de Transporte,historico,9023970.0,0.0,9023970.0
2025-02-01,Cartagena,5,Food,historico,257053660.3,2094072.0,254959588.3
2025-02-01,Cartagena,5,Health/Social,historico,16612171.0,0.0,16612171.0
2025-02-01,Cartagena,5,Hidrocarburo,historico,305445572.94,24202180.0,281243392.94
2025-02-01,Cartagena,5,IT/Communication,historico,1200000.0,0.0,1200000.0
2025-02-01,Cartagena,5,Industria,historico,275893244.0,305328.0,275587916.0
2025-02-01,Cartagena,5,Madera y Papel,historico,89067558.2,0.0,89067558.2
2025-02-01,Cartagena,5,Maquinaria y Afines,historico,47501736.2,0.0,47501736.2
2025-02-01,Cartagena,5,Mining,historico,123260470.0,3408400.0,119852070.0
2025-02-01,Cartagena,5,Persona Natural,historico,5321799.45,0.0,5321799.45
2025-02-01,Cartagena,5,Quimico,historico,220532697.54,3827016.0,216705681.54
2025-02-01,Cartagena,5,Servicio de apoyo empresarial,historico,4457878.0,256800.0,4201078.0
2025-02-01,Cartagena,5,Servicios Publicos,historico,150802327.9,2473840.0,148328487.9
2025-02-01,Cartagena,5,"Textiles, Confecciones y Cuero",historico,2972250.0,0.0,2972250.0
2025-02-01,Cartagena,5,Transporte y Logistica,historico,171281965.0,12955600.0,158326365.0
2025-02-01,Cartagena,5,Turistico,historico,11958742.8,0.0,11958742.8
2025-03-01,Medellín,1,0,historico,95576487.92,2046125.0,93530362.92
2025-03-01,Medellín,1,Agricultura,historico,436974530.1,34167451.6,402807078.5
2025-03-01,Medellín,1,Articulos Para el Hogar y la Oficina,historico,13961014.0,0.0,13961014.0
2025-03-01,Medellín,1,Caucho y Plasticos,historico,59416546.4,0.0,59416546.4
2025-03-01,Medellín,1,Comercio,historico,1417654964.34,42672369.0,1374982595.34
2025-03-01,Medellín,1,Construction,historico,660215149.36,13328465.0,646886684.36
2025-03-01,Medellín,1,Education,historico,2167710.0,0.0,2167710.0
2025-03-01,Medellín,1,Empleados,historico,8346117.25,2382374.5,5963742.75
2025-03-01,Medellín,1,Energy supply,historico,146430.0,0.0,146430.0
2025-03-01,Medellín,1,Equipo de Transporte,historico,17369206.0,0.0,17369206.0
2025-03-01,Medellín,1,Food,historico,745881106.67,24332429.0,721548677.67
2025-03-01,Medellín,1,Health/Social,historico,15223054.0,2488414.0,12734640.0
2025-03-01,Medellín,1,Hidrocarburo,historico,951801302.0699999,12715950.0,939085352.0699999
2025-03-01,Medellín,1,Households,historico,219100.0,187000.0,32100.0
2025-03-01,Medellín,1,IT/Communication,historico,4277908.0,753500.0,3524408.0
2025-03-01,Medellín,1,Industria,historico,947582685.34,11630392.0,935952293.34
2025-03-01,Medellín,1,Instituciones,historico,488400.0,0.0,488400.0
2025-03-01,Medellín,1,Madera y Papel,historico,132941334.35,7086157.0,125855177.35
2025-03-01,Medellín,1,Maquinaria y Afines,historico,98928981.88,572662.0,98356319.88
2025-03-01,Medellín,1,Mining,historico,531029592.52,27098996.0,503930596.52
2025-03-01,Medellín,1,Persona Natural,historico,17826904.05,26100.0,17800804.05
2025-03-01,Medellín,1,Public Administration,historico,165388.0,0.0,165388.0
2025-03-01,Medellín,1,Quimico,historico,251071919.0,1766240.0,249305679.0
2025-03-01,Medellín,1,Servicio de apoyo empresarial,historico,170943457.1,0.0,170943457.1
2025-03-01,Medellín,1,Servicios Publicos,historico,216345418.23,1810914.0,214534504.23
2025-03-01,Medellín,1,"Textiles, Confecciones y Cuero",historico,75624542.0,0.0,75624542.0
2025-03-01,Medellín,1,Transporte y Logistica,historico,96054438.0,6357000.0,89697438.0
2025-03-01,Medellín,1,Turistico,historico,1357736.4100000001,0.0,1357736.4100000001
2025-03-01,Bogotá,2,0,historico,85352700.0,524232.0,84828468.0
2025-03-01,Bogotá,2,Agricultura,historico,318405221.0,2937278.0,315467943.0
2025-03-01,Bogotá,2,Articulos Para el Hogar y la Oficina,historico,75618654.0,8561100.0,67057554.0
2025-03-01,Bogotá,2,Caucho y Plasticos,historico,23406955.0,315900.0,23091055.0
2025-03-01,Bogotá,2,Comercio,historico,2453459722.2,34016238.36,2419443483.84
2025-03-01,Bogotá,2,Construction,historico,186686466.56,1159208.0,185527258.56
2025-03-01,Bogotá,2,Education,historico,67200.0,0.0,67200.0
2025-03-01,Bogotá,2,Empleados,historico,2871226.0,2084934.0,786292.0
2025-03-01,Bogotá,2,Energy supply,historico,99981207.0,0.0,99981207.0
2025-03-01,Bogotá,2,Equipo de Transporte,historico,210058413.0,0.0,210058413.0
2025-03-01,Bogotá,2,Food,historico,1225666357.61,23624423.0,1202041934.61
2025-03-01,Bogotá,2,Health/Social,historico,7858416.0,91200.0,7767216.0
2025-03-01,Bogotá,2,Hidrocarburo,historico,305809964.6,31550320.0,274259644.6
2025-03-01,Bogotá,2,IT/Communication,historico,14026920.0,0.0,14026920.0
2025-03-01,Bogotá,2,Industria,historico,443908647.41,1533259.0,442375388.41
2025-03-01,Bogotá,2,Madera y Papel,historico,57136937.0,2191200.0,54945737.0
2025-03-01,Bogotá,2,Maquinaria y Afines,historico,334829410.0,509676.0,334319734.0
2025-03-01,Bogotá,2,Mining,historico,660550872.18,6016661.0,654534211.18
2025-03-01,Bogotá,2,Persona Natural,historico,8354138.0,0.0,8354138.0
2025-03-01,Bogotá,2,Quimico,historico,494253178.0,10371840.0,483881338.0
2025-03-01,Bogotá,2,Servicio de apoyo empresarial,historico,27060115.0,0.0,27060115.0
2025-03-01,Bogotá,2,Servicios Publicos,historico,66446753.0,372600.0,66074153.0
2025-03-01,Bogotá,2,"Textiles, Confecciones y Cuero",historico,38126292.0,193000.0,37933292.0
2025-03-01,Bogotá,2,Transporte y Logistica,historico,213558507.0,134664.0,213423843.0
2025-03-01,Bogotá,2,Turistico,historico,2492920.0,0.0,2492920.0
2025-03-01,Cali,3,0,historico,23407463.75,119200.0,23288263.75
2025-03-01,Cali,3,Agricultura,historico,64722794.0,0.0,64722794.0
2025-03-01,Cali,3,Agroindustria,historico,189000.0,0.0,189000.0
2025-03-01,Cali,3,Articulos Para el Hogar y la Oficina,historico,15066638.0,558900.0,14507738.0
2025-03-01,Cali,3,Caucho y Plasticos,historico,47367133.0,0.0,47367133.0
2025-03-01,Cali,3,Comercio,historico,680207919.96,12861169.26,667346750.7
2025-03-01,Cali,3,Construction,historico,25006321.0,458000.0,24548321.0
2025-03-01,Cali,3,Education,historico,4163241.0,0.0,4163241.0
2025-03-01,Cali,3,Empleados,historico,1672879.79,0.0,1672879.79
2025-03-01,Cali,3,Equipo de Transporte,historico,63283307.0,91000.0,63192307.0
2025-03-01,Cali,3,Food,historico,1219894882.45,19156033.0,1200738849.45
2025-03-01,Cali,3,Health/Social,historico,556800.0,0.0,556800.0
2025-03-01,Cali,3,Hidrocarburo,historico,36713025.0,341000.0,36372025.0
2025-03-01,Cali,3,IT/Communication,historico,19450239.0,2710776.0,16739463.0
2025-03-01,Cali,3,Industria,historico,187198486.8,345097.0,186853389.8
2025-03-01,Cali,3,Madera y Papel,historico,99739601.88,0.0,99739601.88
2025-03-01,Cali,3,Manufacturing,historico,51850.0,0.0,51850.0
2025-03-01,Cali,3,Maquinaria y Afines,historico,27886013.0,125362.0,27760651.0
2025-03-01,Cali,3,Mining,historico,63565343.0,0.0,63565343.0
2025-03-01,Cali,3,Persona Natural,historico,5465878.0,112320.0,5353558.0
2025-03-01,Cali,3,Quimico,historico,252321324.4,253521.0,252067803.4
2025-03-01,Cali,3,Servicio de apoyo empresarial,historico,4390806.0,50844.0,4339962.0
2025-03-01,Cali,3,Servicios Publicos,historico,21500478.0,0.0,21500478.0
2025-03-01,Cali,3,"Textiles, Confecciones y Cuero",historico,22391234.0,285000.0,22106234.0
2025-03-01,Cali,3,Transporte y Logistica,historico,19708634.0,0.0,19708634.0
2025-03-01,Cali,3,Turistico,historico,516099.0,0.0,516099.0
2025-03-01,Barranquilla,4,0,historico,27455281.32,29545.5,27425735.82
2025-03-01,Barranquilla,4,Agricultura,historico,2810820.0,0.0,2810820.0
2025-03-01,Barranquilla,4,Articulos Para el Hogar y la Oficina,historico,20380960.0,0.0,20380960.0
2025-03-01,Barranquilla,4,Caucho y Plasticos,historico,17962624.0,0.0,17962624.0
2025-03-01,Barranquilla,4,Comercio,historico,339984012.7,4265847.0,335718165.7
2025-03-01,Barranquilla,4,Construction,historico,96469472.0,3405165.0,93064307.0
2025-03-01,Barranquilla,4,Empleados,historico,317150.0,171638.5,145511.5
2025-03-01,Barranquilla,4,Equipo de Transporte,historico,9566804.0,0.0,9566804.0
2025-03-01,Barranquilla,4,Food,historico,287617945.66,8627300.0,278990645.66
2025-03-01,Barranquilla,4,Health/Social,historico,13882896.0,0.0,13882896.0
2025-03-01,Barranquilla,4,Hidrocarburo,historico,123027650.0,333550.0,122694100.0
2025-03-01,Barranquilla,4,Industria,historico,891521321.86,10939850.0,880581471.86
2025-03-01,Barranquilla,4,Madera y Papel,historico,31739504.3,2561256.0,29178248.3
2025-03-01,Barranquilla,4,Maquinaria y Afines,historico,106262943.7,217800.0,106045143.7
2025-03-01,Barranquilla,4,Mining,historico,754575259.6,0.0,754575259.6
2025-03-01,Barranquilla,4,Persona Natural,historico,5939467.0,0.0,5939467.0
2025-03-01,Barranquilla,4,Quimico,historico,165430333.0,894196.0,164536137.0
2025-03-01,Barranquilla,4,Servicio de apoyo empresarial,historico,3771698.0,0.0,3771698.0
2025-03-01,Barranquilla,4,Servicios Publicos,historico,131301477.0,0.0,131301477.0
2025-03-01,Barranquilla,4,"Textiles, Confecciones y Cuero",historico,22063609.0,0.0,22063609.0
2025-03-01,Barranquilla,4,Transporte y Logistica,historico,28369139.0,194800.0,28174339.0
2025-03-01,Barranquilla,4,Turistico,historico,180000.0,0.0,180000.0
2025-03-01,Cartagena,5,0,historico,18377019.9,0.0,18377019.9
2025-03-01,Cartagena,5,Agricultura,historico,2955168.0,0.0,2955168.0
2025-03-01,Cartagena,5,Articulos Para el Hogar y la Oficina,historico,2423952.0,0.0,2423952.0
2025-03-01,Cartagena,5,Caucho y Plasticos,historico,1558195.0,0.0,1558195.0
2025-03-01,Cartagena,5,Comercio,historico,363727626.68,3176057.0,360551569.68
2025-03-01,Cartagena,5,Construction,historico,181266963.6,8523512.0,172743451.6
2025-03-01,Cartagena,5,Empleados,historico,607833.0,0.0,607833.0
2025-03-01,Cartagena,5,Food,historico,145848509.0,2290310.0,143558199.0
2025-03-01,Cartagena,5,Health/Social,historico,13956614.0,0.0,13956614.0
2025-03-01,Cartagena,5,Hidrocarburo,historico,313800456.61,24449322.72,289351133.89
2025-03-01,Cartagena,5,IT/Communication,historico,250000.0,91800.0,158200.0
2025-03-01,Cartagena,5,Industria,historico,406426779.88,6410237.0,400016542.88
2025-03-01,Cartagena,5,Madera y Papel,historico,102802904.71000001,0.0,102802904.71000001
2025-03-01,Cartagena,5,Maquinaria y Afines,historico,23210308.29,24200.0,23186108.29
2025-03-01,Cartagena,5,Mining,historico,111303058.2,2325600.0,108977458.2
2025-03-01,Cartagena,5,Persona Natural,historico,5840906.67,0.0,5840906.67
2025-03-01,Cartagena,5,Quimico,historico,237082688.13,3794500.0,233288188.13
2025-03-01,Cartagena,5,Servicio de apoyo empresarial,historico,2670450.0,0.0,2670450.0
2025-03-01,Cartagena,5,Servicios Publicos,historico,1985918805.4,727400.0,1985191405.4
2025-03-01,Cartagena,5,"Textiles, Confecciones y Cuero",historico,5123930.0,130000.0,4993930.0
2025-03-01,Cartagena,5,Transporte y Logistica,historico,170759619.08,4532840.0,166226779.08
2025-03-01,Cartagena,5,Turistico,historico,17909437.0,523395.0,17386042.0
2025-04-01,Medellín,1,0,historico,69799687.09,2651196.0,67148491.09
2025-04-01,Medellín,1,Agricultura,historico,210358234.0,16533720.0,193824514.0
2025-04-01,Medellín,1,Articulos Para el Hogar y la Oficina,historico,19073115.0,0.0,19073115.0
2025-04-01,Medellín,1,Caucho y Plasticos,historico,44319404.33,610080.0,43709324.33
2025-04-01,Medellín,1,Comercio,historico,1423435209.16,31770135.0,1391665074.16
2025-04-01,Medellín,1,Construction,historico,694721911.41,36016211.4,658705700.01
2025-04-01,Medellín,1,Education,historico,7273680.0,0.0,7273680.0
2025-04-01,Medellín,1,Empleados,historico,3380760.92,1104000.0,2276760.92
2025-04-01,Medellín,1,Energy supply,historico,437801.24,0.0,437801.24
2025-04-01,Medellín,1,Equipo de Transporte,historico,2266880.0,0.0,2266880.0
2025-04-01,Medellín,1,Food,historico,743987672.8,36896551.0,707091121.8
2025-04-01,Medellín,1,Health/Social,historico,56786657.0,367154.0,56419503.0
2025-04-01,Medellín,1,Hidrocarburo,historico,317808595.73,0.0,317808595.73
2025-04-01,Medellín,1,IT/Communication,historico,1606773.0,0.0,1606773.0
2025-04-01,Medellín,1,Industria,historico,768951477.11,16211587.0,752739890.11
2025-04-01,Medellín,1,Madera y Papel,historico,129102272.0,8355680.0,120746592.0
2025-04-01,Medellín,1,Maquinaria y Afines,historico,90057291.06,4320938.0,85736353.06
2025-04-01,Medellín,1,Mining,historico,598633884.18,1724640.0,596909244.18
2025-04-01,Medellín,1,Persona Natural,historico,14230393.94,94500.0,14135893.94
2025-04-01,Medellín,1,Public Administration,historico,253800.0,0.0,253800.0
2025-04-01,Medellín,1,Quimico,historico,341372322.84,15161839.0,326210483.84
2025-04-01,Medellín,1,Servicio de apoyo empresarial,historico,46807815.85,5587770.0,41220045.85
2025-04-01,Medellín,1,Servicios Publicos,historico,190123445.71,19341296.0,170782149.71
2025-04-01,Medellín,1,"Textiles, Confecciones y Cuero",historico,70894430.0,0.0,70894430.0
2025-04-01,Medellín,1,Transporte y Logistica,historico,156496791.0,1289528.0,155207263.0
2025-04-01,Medellín,1,Turistico,historico,2369855.0,0.0,2369855.0
2025-04-01,Bogotá,2,0,historico,72985066.32,615020.0,72370046.32
2025-04-01,Bogotá,2,Agricultura,historico,717801426.2,23760548.0,694040878.2
2025-04-01,Bogotá,2,Articulos Para el Hogar y la Oficina,historico,119244899.0,354200.0,118890699.0
2025-04-01,Bogotá,2,Caucho y Plasticos,historico,46527326.0,0.0,46527326.0
2025-04-01,Bogotá,2,Comercio,historico,1702794400.72,69833002.12,1632961398.6
2025-04-01,Bogotá,2,Construction,historico,178491100.9,17870551.0,160620549.9
2025-04-01,Bogotá,2,Education,historico,371840.0,0.0,371840.0
2025-04-01,Bogotá,2,Empleados,historico,6136936.52,1894437.4,4242499.12
2025-04-01,Bogotá,2,Energy supply,historico,24023332.0,0.0,24023332.0
2025-04-01,Bogotá,2,Equipo de Transporte,historico,124483285.0,2716930.0,121766355.0
2025-04-01,Bogotá,2,Food,historico,1273106038.72,58726585.0,1214379453.72
2025-04-01,Bogotá,2,Health/Social,historico,5121272.4,23000.0,5098272.4
2025-04-01,Bogotá,2,Hidrocarburo,historico,411686401.69,27093929.0,384592472.69
2025-04-01,Bogotá,2,IT/Communication,historico,2713455.0,0.0,2713455.0
2025-04-01,Bogotá,2,Industria,historico,464278747.34,78250756.0,386027991.34
2025-04-01,Bogotá,2,Madera y Papel,historico,66960796.4,435370.0,66525426.4
2025-04-01,Bogotá,2,Maquinaria y Afines,historico,267258385.08,908780.0,266349605.08
2025-04-01,Bogotá,2,Mining,historico,861044215.45,4864684.0,856179531.45
2025-04-01,Bogotá,2,Persona Natural,historico,7362290.52,109041.0,7253249.52
2025-04-01,Bogotá,2,Quimico,historico,326662529.39,4426975.0,322235554.39
2025-04-01,Bogotá,2,Servicio de apoyo empresarial,historico,15094266.0,64800.0,15029466.0
2025-04-01,Bogotá,2,Servicios Publicos,historico,57903898.0,466705.0,57437193.0
2025-04-01,Bogotá,2,"Textiles, Confecciones y Cuero",historico,53554860.0,10368000.0,43186860.0
2025-04-01,Bogotá,2,Transporte y Logistica,historico,141152254.0,1608068.0,139544186.0
2025-04-01,Bogotá,2,Turistico,historico,6268432.0,0.0,6268432.0
2025-04-01,Cali,3,0,historico,35434299.0,704665.0,34729634.0
2025-04-01,Cali,3,Agricultura,historico,40774857.0,0.0,40774857.0
2025-04-01,Cali,3,Agroindustria,historico,148850.0,0.0,148850.0
2025-04-01,Cali,3,Articulos Para el Hogar y la Oficina,historico,21127302.0,0.0,21127302.0
2025-04-01,Cali,3,Caucho y Plasticos,historico,55649623.0,0.0,55649623.0
2025-04-01,Cali,3,Comercio,historico,664497923.66,15636177.0,648861746.66
2025-04-01,Cali,3,Construction,historico,20694647.0,2036000.0,18658647.0
2025-04-01,Cali,3,Education,historico,475600.0,0.0,475600.0
2025-04-01,Cali,3,Empleados,historico,7144853.0,336060.0,6808793.0
2025-04-01,Cali,3,Energy supply,historico,943642.0,0.0,943642.0
2025-04-01,Cali,3,Equipo de Transporte,historico,78257322.0,0.0,78257322.0
2025-04-01,Cali,3,Food,historico,975209606.15,26657842.2,948551763.95
2025-04-01,Cali,3,Health/Social,historico,555497.0,0.0,555497.0
2025-04-01,Cali,3,Hidrocarburo,historico,30378162.0,0.0,30378162.0
2025-04-01,Cali,3,IT/Communication,historico,11430635.0,0.0,11430635.0
2025-04-01,Cali,3,Industria,historico,190979577.43,602330.0,190377247.43
2025-04-01,Cali,3,Madera y Papel,historico,119975551.42,4860270.0,115115281.42
2025-04-01,Cali,3,Maquinaria y Afines,historico,60036665.0,3277372.0,56759293.0
2025-04-01,Cali,3,Mining,historico,122839067.0,0.0,122839067.0
2025-04-01,Cali,3,Persona Natural,historico,35604630.0,22967665.0,12636965.0
2025-04-01,Cali,3,Quimico,historico,371672831.36,3267797.0,368405034.36
2025-04-01,Cali,3,Servicio de apoyo empresarial,historico,7160118.0,0.0,7160118.0
2025-04-01,Cali,3,Servicios Publicos,historico,82807170.57,776738.0,82030432.57
2025-04-01,Cali,3,"Textiles, Confecciones y Cuero",historico,17609292.0,0.0,17609292.0
2025-04-01,Cali,3,Transporte y Logistica,historico,21554060.0,0.0,21554060.0
2025-04-01,Cali,3,Turistico,historico,204000.0,0.0,204000.0
2025-04-01,Barranquilla,4,0,historico,31931571.63,0.0,31931571.63
2025-04-01,Barranquilla,4,Agricultura,historico,6346300.0,0.0,6346300.0
2025-04-01,Barranquilla,4,Agroindustria,historico,62800.0,0.0,62800.0
2025-04-01,Barranquilla,4,Articulos Para el Hogar y la Oficina,historico,18543260.0,0.0,18543260.0
2025-04-01,Barranquilla,4,Caucho y Plasticos,historico,18257491.0,0.0,18257491.0
2025-04-01,Barranquilla,4,Comercio,historico,353958529.7,10751557.0,343206972.7
2025-04-01,Barranquilla,4,Construction,historico,106103445.9,455665.0,105647780.9
2025-04-01,Barranquilla,4,Empleados,historico,1611661.0,243340.0,1368321.0
2025-04-01,Barranquilla,4,Energy supply,historico,128350.0,0.0,128350.0
2025-04-01,Barranquilla,4,Equipo de Transporte,historico,2396060.0,0.0,2396060.0
2025-04-01,Barranquilla,4,Food,historico,262532038.0,7029880.0,255502158.0
2025-04-01,Barranquilla,4,Health/Social,historico,32269339.0,0.0,32269339.0
2025-04-01,Barranquilla,4,Hidrocarburo,historico,22356555.0,0.0,22356555.0
2025-04-01,Barranquilla,4,Industria,historico,749783961.3,1653880.0,748130081.3
2025-04-01,Barranquilla,4,Madera y Papel,historico,30622848.0,5097270.0,25525578.0
2025-04-01,Barranquilla,4,Maquinaria y Afines,historico,89557253.0,577638.0,88979615.0
2025-04-01,Barranquilla,4,Mining,historico,931549637.3,20398656.0,911150981.3
2025-04-01,Barranquilla,4,Persona Natural,historico,2299454.25,0.0,2299454.25
2025-04-01,Barranquilla,4,Quimico,historico,163650343.45,12740784.0,150909559.45
2025-04-01,Barranquilla,4,Servicio de apoyo empresarial,historico,1670189.0,0.0,1670189.0
2025-04-01,Barranquilla,4,Servicios Publicos,historico,96340931.0,0.0,96340931.0
2025-04-01,Barranquilla,4,"Textiles, Confecciones y Cuero",historico,32401964.0,0.0,32401964.0
2025-04-01,Barranquilla,4,Transporte y Logistica,historico,33224689.29,0.0,33224689.29
2025-04-01,Barranquilla,4,Wholesale/Retail,historico,46365.0,0.0,46365.0
2025-04-01,Cartagena,5,0,historico,20561621.71,0.0,20561621.71
2025-04-01,Cartagena,5,Agricultura,historico,2965788.0,0.0,2965788.0
2025-04-01,Cartagena,5,Caucho y Plasticos,historico,2541515.0,0.0,2541515.0
2025-04-01,Cartagena,5,Comercio,historico,321343327.85,3653771.0,317689556.85
2025-04-01,Cartagena,5,Construction,historico,161363795.68,746991.0,160616804.68
2025-04-01,Cartagena,5,Education,historico,189219.0,0.0,189219.0
2025-04-01,Cartagena,5,Empleados,historico,3853037.04,1752720.0,2100317.04
2025-04-01,Cartagena,5,Equipo de Transporte,historico,217856.0,0.0,217856.0
2025-04-01,Cartagena,5,Food,historico,232973197.0,7952680.0,225020517.0
2025-04-01,Cartagena,5,Health/Social,historico,8295040.0,0.0,8295040.0
2025-04-01,Cartagena,5,Hidrocarburo,historico,362786701.44,21914859.0,340871842.44
2025-04-01,Cartagena,5,IT/Communication,historico,55000.0,0.0,55000.0
2025-04-01,Cartagena,5,Industria,historico,390350441.8,72630429.0,317720012.8
2025-04-01,Cartagena,5,Madera y Papel,historico,101360000.1,0.0,101360000.1
2025-04-01,Cartagena,5,Maquinaria y Afines,historico,26502520.06,552800.0,25949720.06
2025-04-01,Cartagena,5,Mining,historico,107766436.0,220080.0,107546356.0
2025-04-01,Cartagena,5,Persona Natural,historico,5769444.95,54200.0,5715244.95
2025-04-01,Cartagena,5,Quimico,historico,190551217.55,1502490.0,189048727.55
2025-04-01,Cartagena,5,Servicio de apoyo empresarial,historico,6533047.0,256800.0,6276247.0
2025-04-01,Cartagena,5,Servicios Publicos,historico,172026573.0,0.0,172026573.0
2025-04-01,Cartagena,5,"Textiles, Confecciones y Cuero",historico,5741545.0,0.0,5741545.0
2025-04-01,Cartagena,5,Transporte y Logistica,historico,193284895.12,4421018.0,188863877.12
2025-04-01,Cartagena,5,Turistico,historico,6810200.0,0.0,6810200.0
2025-05-01,Medellín,1,0,historico,75481514.87,950185.0,74531329.87
2025-05-01,Medellín,1,Agricultura,historico,465807405.44,27963036.0,437844369.44
2025-05-01,Medellín,1,Agroindustria,historico,2022021.0,0.0,2022021.0
2025-05-01,Medellín,1,Articulos Para el Hogar y la Oficina,historico,30330139.0,0.0,30330139.0
2025-05-01,Medellín,1,Caucho y Plasticos,historico,60687021.42,130350.0,60556671.42
2025-05-01,Medellín,1,Comercio,historico,1496236258.36,56305994.28,1439930264.08
2025-05-01,Medellín,1,Construction,historico,590785164.04,43847765.0,546937399.04
2025-05-01,Medellín,1,Education,historico,299265.0,0.0,299265.0
2025-05-01,Medellín,1,Empleados,historico,10848800.0,2424976.0,8423824.0
2025-05-01,Medellín,1,Equipo de Transporte,historico,71255246.0,88336.0,71166910.0
2025-05-01,Medellín,1,Food,historico,914485081.77,33100174.0,881384907.77
2025-05-01,Medellín,1,Health/Social,historico,20903467.31,183600.0,20719867.31
2025-05-01,Medellín,1,Hidrocarburo,historico,742216062.37,82731134.35,659484928.02
2025-05-01,Medellín,1,IT/Communication,historico,1009780.0,0.0,1009780.0
2025-05-01,Medellín,1,Industria,historico,802213999.8,13187197.0,789026802.8
2025-05-01,Medellín,1,Madera y Papel,historico,162267110.8,13727280.0,148539830.8
2025-05-01,Medellín,1,Maquinaria y Afines,historico,108869507.92,28190.0,108841317.92
2025-05-01,Medellín,1,Mining,historico,718173550.9,19864594.0,698308956.9
2025-05-01,Medellín,1,Persona Natural,historico,27387745.55,274160.0,27113585.55
2025-05-01,Medellín,1,Quimico,historico,328398562.96,21094606.0,307303956.96
2025-05-01,Medellín,1,Servicio de apoyo empresarial,historico,97528803.58,946720.0,96582083.58
2025-05-01,Medellín,1,Servicios Publicos,historico,431540929.0,36980744.0,394560185.0
2025-05-01,Medellín,1,"Textiles, Confecciones y Cuero",historico,51836029.0,488240.0,51347789.0
2025-05-01,Medellín,1,Transporte y Logistica,historico,187882759.0,696260.0,187186499.0
2025-05-01,Medellín,1,Turistico,historico,5622830.0,0.0,5622830.0
2025-05-01,Bogotá,2,0,historico,82922145.13,1447276.0,81474869.13
2025-05-01,Bogotá,2,Agricultura,historico,249964716.0,11213848.0,238750868.0
2025-05-01,Bogotá,2,Articulos Para el Hogar y la Oficina,historico,98622048.0,984900.0,97637148.0
2025-05-01,Bogotá,2,Caucho y Plasticos,historico,22637760.0,46500.0,22591260.0
2025-05-01,Bogotá,2,Comercio,historico,1883235552.6,72120623.6,1811114929.0
2025-05-01,Bogotá,2,Construction,historico,117508045.4,10212293.0,107295752.4
2025-05-01,Bogotá,2,Education,historico,3446815.0,0.0,3446815.0
2025-05-01,Bogotá,2,Empleados,historico,6620725.0,1824742.97,4795982.03
2025-05-01,Bogotá,2,Energy supply,historico,13860652.0,6806228.0,7054424.0
2025-05-01,Bogotá,2,Equipo de Transporte,historico,274060965.0,6334800.0,267726165.0
2025-05-01,Bogotá,2,Food,historico,1190892079.07,37099027.0,1153793052.07
2025-05-01,Bogotá,2,Health/Social,historico,3675706.0,0.0,3675706.0
2025-05-01,Bogotá,2,Hidrocarburo,historico,499255152.91,47496684.0,451758468.91
2025-05-01,Bogotá,2,IT/Communication,historico,90040066.0,0.0,90040066.0
2025-05-01,Bogotá,2,Industria,historico,518478020.38,5506798.0,512971222.38
2025-05-01,Bogotá,2,Madera y Papel,historico,80673448.0,0.0,80673448.0
2025-05-01,Bogotá,2,Maquinaria y Afines,historico,240379048.58,1638443.0,238740605.58
2025-05-01,Bogotá,2,Mining,historico,895873383.78,9402212.0,886471171.78
2025-05-01,Bogotá,2,Persona Natural,historico,23215834.0,0.0,23215834.0
2025-05-01,Bogotá,2,Quimico,historico,528675235.7,15354637.0,513320598.7
2025-05-01,Bogotá,2,Servicio de apoyo empresarial,historico,10840945.0,0.0,10840945.0
2025-05-01,Bogotá,2,Servicios Publicos,historico,109623188.0,15196911.0,94426277.0
2025-05-01,Bogotá,2,"Textiles, Confecciones y Cuero",historico,30160056.0,0.0,30160056.0
2025-05-01,Bogotá,2,Transporte y Logistica,historico,231706880.0,119692.0,231587188.0
2025-05-01,Bogotá,2,Turistico,historico,25810996.0,0.0,25810996.0
2025-05-01,Cali,3,0,historico,20911405.24,4766916.0,16144489.24
2025-05-01,Cali,3,Agricultura,historico,7940677.0,0.0,7940677.0
2025-05-01,Cali,3,Agroindustria,historico,39800.0,0.0,39800.0
2025-05-01,Cali,3,Articulos Para el Hogar y la Oficina,historico,9942656.0,0.0,9942656.0
2025-05-01,Cali,3,Caucho y Plasticos,historico,60022770.0,0.0,60022770.0
2025-05-01,Cali,3,Comercio,historico,594472837.45,9548968.14,584923869.31
2025-05-01,Cali,3,Construction,historico,29364260.0,1210693.0,28153567.0
2025-05-01,Cali,3,Education,historico,248700.0,0.0,248700.0
2025-05-01,Cali,3,Empleados,historico,3961346.0,5275366.0,-1314020.0
2025-05-01,Cali,3,Equipo de Transporte,historico,80507891.8,0.0,80507891.8
2025-05-01,Cali,3,Food,historico,1353249101.2,34437040.48,1318812060.72
2025-05-01,Cali,3,Health/Social,historico,557954.0,289277.0,268677.0
2025-05-01,Cali,3,Hidrocarburo,historico,62135713.0,12100000.0,50035713.0
2025-05-01,Cali,3,IT/Communication,historico,7769070.0,0.0,7769070.0
2025-05-01,Cali,3,Industria,historico,204626808.51,0.0,204626808.51
2025-05-01,Cali,3,Madera y Papel,historico,107318008.23,236000.0,107082008.23
2025-05-01,Cali,3,Maquinaria y Afines,historico,33205736.2,0.0,33205736.2
2025-05-01,Cali,3,Mining,historico,91355119.0,45000.0,91310119.0
2025-05-01,Cali,3,Persona Natural,historico,16354462.0,62700.0,16291762.0
2025-05-01,Cali,3,Quimico,historico,273339158.5,12579737.0,260759421.5
2025-05-01,Cali,3,Servicio de apoyo empresarial,historico,1796652.0,0.0,1796652.0
2025-05-01,Cali,3,Servicios Publicos,historico,57535098.0,4687505.0,52847593.0
2025-05-01,Cali,3,"Textiles, Confecciones y Cuero",historico,31261075.0,0.0,31261075.0
2025-05-01,Cali,3,Transporte y Logistica,historico,17709490.0,0.0,17709490.0
2025-05-01,Cali,3,Turistico,historico,216920.0,0.0,216920.0
2025-05-01,Barranquilla,4,0,historico,38751419.16,570917.6,38180501.56
2025-05-01,Barranquilla,4,Agricultura,historico,38989032.0,0.0,38989032.0
2025-05-01,Barranquilla,4,Articulos Para el Hogar y la Oficina,historico,12549236.0,0.0,12549236.0
2025-05-01,Barranquilla,4,Caucho y Plasticos,historico,10585614.0,0.0,10585614.0
2025-05-01,Barranquilla,4,Comercio,historico,273305189.03,5547430.0,267757759.03
2025-05-01,Barranquilla,4,Construction,historico,102655730.84,2361709.0,100294021.84
2025-05-01,Barranquilla,4,Education,historico,298440.0,0.0,298440.0
2025-05-01,Barranquilla,4,Empleados,historico,18257170.0,19211881.0,-954711.0
2025-05-01,Barranquilla,4,Energy supply,historico,30550.0,0.0,30550.0
2025-05-01,Barranquilla,4,Equipo de Transporte,historico,12383614.0,422280.0,11961334.0
2025-05-01,Barranquilla,4,Food,historico,279852425.2,5194762.0,274657663.2
2025-05-01,Barranquilla,4,Health/Social,historico,16954593.0,0.0,16954593.0
2025-05-01,Barranquilla,4,Hidrocarburo,historico,66412640.0,3900000.0,62512640.0
2025-05-01,Barranquilla,4,Industria,historico,733998661.95,1419710.0,732578951.95
2025-05-01,Barranquilla,4,Madera y Papel,historico,33594080.0,0.0,33594080.0
2025-05-01,Barranquilla,4,Maquinaria y Afines,historico,71473839.0,675600.0,70798239.0
2025-05-01,Barranquilla,4,Mining,historico,1028134765.8,0.0,1028134765.8
2025-05-01,Barranquilla,4,Persona Natural,historico,1277241.8,0.0,1277241.8
2025-05-01,Barranquilla,4,Quimico,historico,186248886.0,18000250.0,168248636.0
2025-05-01,Barranquilla,4,Real Estate,historico,30000.0,0.0,30000.0
2025-05-01,Barranquilla,4,Servicio de apoyo empresarial,historico,3163041.0,0.0,3163041.0
2025-05-01,Barranquilla,4,Servicios Publicos,historico,145092954.0,2950000.0,142142954.0
2025-05-01,Barranquilla,4,"Textiles, Confecciones y Cuero",historico,11194490.0,4722930.0,6471560.0
2025-05-01,Barranquilla,4,Transporte y Logistica,historico,102292841.0,0.0,102292841.0
2025-05-01,Barranquilla,4,Turistico,historico,333600.0,0.0,333600.0
2025-05-01,Cartagena,5,0,historico,21367310.11,0.0,21367310.11
2025-05-01,Cartagena,5,Articulos Para el Hogar y la Oficina,historico,18375.0,0.0,18375.0
2025-05-01,Cartagena,5,Caucho y Plasticos,historico,1754440.0,0.0,1754440.0
2025-05-01,Cartagena,5,Comercio,historico,301983294.38,1983236.1400000001,300000058.24
2025-05-01,Cartagena,5,Construction,historico,187719158.14,4990203.0,182728955.14
2025-05-01,Cartagena,5,Empleados,historico,3289569.0,469147.0,2820422.0
2025-05-01,Cartagena,5,Equipo de Transporte,historico,19146932.0,0.0,19146932.0
2025-05-01,Cartagena,5,Food,historico,136070892.0,166200.0,135904692.0
2025-05-01,Cartagena,5,Health/Social,historico,37833193.0,0.0,37833193.0
2025-05-01,Cartagena,5,Hidrocarburo,historico,309330624.0,19517764.0,289812860.0
2025-05-01,Cartagena,5,Industria,historico,260720701.02,13600704.0,247119997.02
2025-05-01,Cartagena,5,Madera y Papel,historico,87295251.5,0.0,87295251.5
2025-05-01,Cartagena,5,Maquinaria y Afines,historico,47710220.04,134664.0,47575556.04
2025-05-01,Cartagena,5,Mining,historico,100371305.19,124000.0,100247305.19
2025-05-01,Cartagena,5,Persona Natural,historico,5158142.01,0.0,5158142.01
2025-05-01,Cartagena,5,Quimico,historico,213403883.2,17761638.0,195642245.2
2025-05-01,Cartagena,5,Servicio de apoyo empresarial,historico,4437423.0,0.0,4437423.0
2025-05-01,Cartagena,5,Servicios Publicos,historico,257039847.0,0.0,257039847.0
2025-05-01,Cartagena,5,"Textiles, Confecciones y Cuero",historico,2580200.0,0.0,2580200.0
2025-05-01,Cartagena,5,Transporte y Logistica,historico,158444554.43,1618952.0,156825602.43
2025-05-01,Cartagena,5,Turistico,historico,1394909.1400000001,0.0,1394909.1400000001
2025-06-01,Medellín,1,0,historico,76274973.6,397000.0,75877973.6
2025-06-01,Medellín,1,Agricultura,historico,329519709.0,6334179.0,323185530.0
2025-06-01,Medellín,1,Articulos Para el Hogar y la Oficina,historico,22877936.0,4961000.0,17916936.0
2025-06-01,Medellín,1,Caucho y Plasticos,historico,49819959.25,0.0,49819959.25
2025-06-01,Medellín,1,Comercio,historico,1407821394.11,39739751.92,1368081642.19
2025-06-01,Medellín,1,Construction,historico,507117053.46,11482544.0,495634509.46
2025-06-01,Medellín,1,Education,historico,3865575.46,0.0,3865575.46
2025-06-01,Medellín,1,Empleados,historico,7575884.5,1634884.5,5941000.0
2025-06-01,Medellín,1,Equipo de Transporte,historico,5942550.0,0.0,5942550.0
2025-06-01,Medellín,1,Food,historico,988497165.55,107482263.0,881014902.55
2025-06-01,Medellín,1,Health/Social,historico,20644867.3,527192.75,20117674.55
2025-06-01,Medellín,1,Hidrocarburo,historico,559794925.9,28696919.1,531098006.8
2025-06-01,Medellín,1,IT/Communication,historico,2655968.58,0.0,2655968.58
2025-06-01,Medellín,1,Industria,historico,811350250.44,3641670.0,807708580.44
2025-06-01,Medellín,1,Madera y Papel,historico,65813839.0,2531374.0,63282465.0
2025-06-01,Medellín,1,Maquinaria y Afines,historico,89243537.8,637600.0,88605937.8
2025-06-01,Medellín,1,Mining,historico,537789719.15,31099350.0,506690369.15
2025-06-01,Medellín,1,Persona Natural,historico,21582582.8,192150.0,21390432.8
2025-06-01,Medellín,1,Quimico,historico,311393178.5,26355028.0,285038150.5
2025-06-01,Medellín,1,Servicio de apoyo empresarial,historico,32718219.41,0.0,32718219.41
2025-06-01,Medellín,1,Servicios Publicos,historico,229966635.04,3393990.0,226572645.04
2025-06-01,Medellín,1,"Textiles, Confecciones y Cuero",historico,67769658.9,1294200.0,66475458.9
2025-06-01,Medellín,1,Transporte y Logistica,historico,224033809.44,794000.0,223239809.44
2025-06-01,Medellín,1,Turistico,historico,6947400.0,0.0,6947400.0
2025-06-01,Bogotá,2,0,historico,48441887.0,1391700.0,47050187.0
2025-06-01,Bogotá,2,Agricultura,historico,438511562.0,744488.0,437767074.0
2025-06-01,Bogotá,2,Articulos Para el Hogar y la Oficina,historico,85696160.0,0.0,85696160.0
2025-06-01,Bogotá,2,Caucho y Plasticos,historico,28359867.0,2591240.0,25768627.0
2025-06-01,Bogotá,2,Comercio,historico,1823927752.04,60276684.0,1763651068.04
2025-06-01,Bogotá,2,Construction,historico,224173396.72,20044925.0,204128471.72
2025-06-01,Bogotá,2,Education,historico,5360231.0,0.0,5360231.0
2025-06-01,Bogotá,2,Empleados,historico,3781008.92,3387081.9,393927.02
2025-06-01,Bogotá,2,Energy supply,historico,22482242.0,0.0,22482242.0
2025-06-01,Bogotá,2,Equipo de Transporte,historico,172482015.0,513424.0,171968591.0
2025-06-01,Bogotá,2,Food,historico,1221488206.92,46584158.0,1174904048.92
2025-06-01,Bogotá,2,Health/Social,historico,5434650.77,0.0,5434650.77
2025-06-01,Bogotá,2,Hidrocarburo,historico,400652621.99,47854513.0,352798108.99
2025-06-01,Bogotá,2,IT/Communication,historico,16895449.0,0.0,16895449.0
2025-06-01,Bogotá,2,Industria,historico,437172395.84,30028045.0,407144350.84
2025-06-01,Bogotá,2,Madera y Papel,historico,45613614.36,0.0,45613614.36
2025-06-01,Bogotá,2,Maquinaria y Afines,historico,330505064.43,314973.0,330190091.43
2025-06-01,Bogotá,2,Mining,historico,845841665.18,66126450.78,779715214.4
2025-06-01,Bogotá,2,Persona Natural,historico,5159120.8,0.0,5159120.8
2025-06-01,Bogotá,2,Quimico,historico,440754345.65,11861877.0,428892468.65
2025-06-01,Bogotá,2,Servicio de apoyo empresarial,historico,4937251.85,0.0,4937251.85
2025-06-01,Bogotá,2,Servicios Publicos,historico,84009834.0,10499943.0,73509891.0
2025-06-01,Bogotá,2,"Textiles, Confecciones y Cuero",historico,13616333.0,223300.0,13393033.0
2025-06-01,Bogotá,2,Transporte y Logistica,historico,203687997.0,23530240.0,180157757.0
2025-06-01,Bogotá,2,Turistico,historico,7207834.0,1350000.0,5857834.0
2025-06-01,Cali,3,0,historico,24980415.84,1750001.0,23230414.84
2025-06-01,Cali,3,Agricultura,historico,14372562.0,372800.0,13999762.0
2025-06-01,Cali,3,Articulos Para el Hogar y la Oficina,historico,14346072.9,71280.0,14274792.9
2025-06-01,Cali,3,Caucho y Plasticos,historico,154181697.0,0.0,154181697.0
2025-06-01,Cali,3,Comercio,historico,674957757.58,6499154.0,668458603.58
2025-06-01,Cali,3,Construction,historico,24804715.0,836000.0,23968715.0
2025-06-01,Cali,3,Education,historico,9017001.0,0.0,9017001.0
2025-06-01,Cali,3,Empleados,historico,2398347.07,1488618.0,909729.0700000001
2025-06-01,Cali,3,Equipo de Transporte,historico,57274789.0,0.0,57274789.0
2025-06-01,Cali,3,Food,historico,957942917.85,39588530.4,918354387.45
2025-06-01,Cali,3,Health/Social,historico,808311.0,0.0,808311.0
2025-06-01,Cali,3,Hidrocarburo,historico,27929864.0,0.0,27929864.0
2025-06-01,Cali,3,IT/Communication,historico,8159822.0,0.0,8159822.0
2025-06-01,Cali,3,Industria,historico,286297512.97,1579504.0,284718008.97
2025-06-01,Cali,3,Madera y Papel,historico,109889987.0,18703610.0,91186377.0
2025-06-01,Cali,3,Maquinaria y Afines,historico,27159083.0,262197.0,26896886.0
2025-06-01,Cali,3,Mining,historico,126589802.0,1874922.0,124714880.0
2025-06-01,Cali,3,Persona Natural,historico,6895074.0,0.0,6895074.0
2025-06-01,Cali,3,Quimico,historico,249714729.0,4548470.0,245166259.0
2025-06-01,Cali,3,Servicio de apoyo empresarial,historico,2868849.0,0.0,2868849.0
2025-06-01,Cali,3,Servicios Publicos,historico,80397345.0,0.0,80397345.0
2025-06-01,Cali,3,"Textiles, Confecciones y Cuero",historico,37244482.0,0.0,37244482.0
2025-06-01,Cali,3,Transporte y Logistica,historico,13210671.0,0.0,13210671.0
2025-06-01,Cali,3,Turistico,historico,474720.0,0.0,474720.0
2025-06-01,Barranquilla,4,0,historico,27340694.0,1012822.0,26327872.0
2025-06-01,Barranquilla,4,Agricultura,historico,26978077.7,114687.0,26863390.7
2025-06-01,Barranquilla,4,Articulos Para el Hogar y la Oficina,historico,10025421.0,0.0,10025421.0
2025-06-01,Barranquilla,4,Caucho y Plasticos,historico,8296239.5,22044.0,8274195.5
2025-06-01,Barranquilla,4,Comercio,historico,226510462.58,3353915.0,223156547.58
2025-06-01,Barranquilla,4,Construction,historico,117555148.0,542376.0,117012772.0
2025-06-01,Barranquilla,4,Empleados,historico,499702.0,0.0,499702.0
2025-06-01,Barranquilla,4,Energy supply,historico,304800.0,0.0,304800.0
2025-06-01,Barranquilla,4,Equipo de Transporte,historico,4058582.7199999997,0.0,4058582.7199999997
2025-06-01,Barranquilla,4,Food,historico,312845447.9,3007900.0,309837547.9
2025-06-01,Barranquilla,4,Health/Social,historico,2947724.0,0.0,2947724.0
2025-06-01,Barranquilla,4,Hidrocarburo,historico,77424362.0,103782.0,77320580.0
2025-06-01,Barranquilla,4,Industria,historico,656522017.0,23114185.0,633407832.0
2025-06-01,Barranquilla,4,Madera y Papel,historico,27708128.0,0.0,27708128.0
2025-06-01,Barranquilla,4,Maquinaria y Afines,historico,92942862.0,520436.0,92422426.0
2025-06-01,Barranquilla,4,Mining,historico,851064099.4,32196155.0,818867944.4
2025-06-01,Barranquilla,4,Persona Natural,historico,756738.0,0.0,756738.0
2025-06-01,Barranquilla,4,Quimico,historico,178290473.6,326032.0,177964441.6
2025-06-01,Barranquilla,4,Servicio de apoyo empresarial,historico,327555.0,0.0,327555.0
2025-06-01,Barranquilla,4,Servicios Publicos,historico,157873710.0,31502928.0,126370782.0
2025-06-01,Barranquilla,4,"Textiles, Confecciones y Cuero",historico,34126876.0,48510.0,34078366.0
2025-06-01,Barranquilla,4,Transporte y Logistica,historico,82687510.23,4808160.0,77879350.23
2025-06-01,Barranquilla,4,Wholesale/Retail,historico,336000.0,0.0,336000.0
2025-06-01,Cartagena,5,0,historico,24590463.33,652912.0,23937551.33
2025-06-01,Cartagena,5,Caucho y Plasticos,historico,17251727.0,0.0,17251727.0
2025-06-01,Cartagena,5,Comercio,historico,371330209.42,6697381.0,364632828.42
2025-06-01,Cartagena,5,Construction,historico,184578219.92000002,1077228.0,183500991.92000002
2025-06-01,Cartagena,5,Empleados,historico,4023483.86,0.0,4023483.86
2025-06-01,Cartagena,5,Equipo de Transporte,historico,587436.0,0.0,587436.0
2025-06-01,Cartagena,5,Food,historico,154100130.5,1829468.0,152270662.5
2025-06-01,Cartagena,5,Health/Social,historico,17607973.0,0.0,17607973.0
2025-06-01,Cartagena,5,Hidrocarburo,historico,514247818.22,1139850.0,513107968.22
2025-06-01,Cartagena,5,Industria,historico,374890048.44,80767004.0,294123044.44
2025-06-01,Cartagena,5,Madera y Papel,historico,116171070.0,1300000.0,114871070.0
2025-06-01,Cartagena,5,Maquinaria y Afines,historico,40845580.0,731200.0,40114380.0
2025-06-01,Cartagena,5,Mining,historico,97043483.14,2157245.0,94886238.14
2025-06-01,Cartagena,5,Persona Natural,historico,6875769.4399999995,0.0,6875769.4399999995
2025-06-01,Cartagena,5,Quimico,historico,265526888.86,6277470.0,259249418.86
2025-06-01,Cartagena,5,Servicio de apoyo empresarial,historico,7245203.0,0.0,7245203.0
2025-06-01,Cartagena,5,Servicios Publicos,historico,149905444.71,536700.0,149368744.71
2025-06-01,Cartagena,5,"Textiles, Confecciones y Cuero",historico,3857443.0,0.0,3857443.0
2025-06-01,Cartagena,5,Transporte y Logistica,historico,142122145.5,1097601.0,141024544.5
2025-06-01,Cartagena,5,Turistico,historico,1479871.88,0.0,1479871.88
2025-06-01,Cartagena,5,Wholesale/Retail,historico,26125.0,0.0,26125.0
2025-07-01,Medellín,1,0,historico,94272665.86,1011558.0,93261107.86
2025-07-01,Medellín,1,Agricultura,historico,381521809.46,22954316.0,358567493.46
2025-07-01,Medellín,1,Articulos Para el Hogar y la Oficina,historico,15828709.0,0.0,15828709.0
2025-07-01,Medellín,1,Caucho y Plasticos,historico,59239280.5,3801955.0,55437325.5
2025-07-01,Medellín,1,Comercio,historico,1880307103.9,51924466.36,1828382637.54
2025-07-01,Medellín,1,Construction,historico,513241603.99,69670706.0,443570897.99
2025-07-01,Medellín,1,Education,historico,3838893.0,0.0,3838893.0
2025-07-01,Medellín,1,Empleados,historico,20965978.0,9531842.0,11434136.0
2025-07-01,Medellín,1,Equipo de Transporte,historico,16828642.92,0.0,16828642.92
2025-07-01,Medellín,1,Food,historico,1140431622.57,48561149.9,1091870472.67
2025-07-01,Medellín,1,Health/Social,historico,39804236.58,121212.0,39683024.58
2025-07-01,Medellín,1,Hidrocarburo,historico,310393982.21,1126886.0,309267096.21
2025-07-01,Medellín,1,IT/Communication,historico,3762247.0,379452.0,3382795.0
2025-07-01,Medellín,1,Industria,historico,825253798.7,9975305.0,815278493.7
2025-07-01,Medellín,1,Madera y Papel,historico,150992045.0,6755090.0,144236955.0
2025-07-01,Medellín,1,Maquinaria y Afines,historico,117264650.2,2516520.0,114748130.2
2025-07-01,Medellín,1,Mining,historico,525672027.97,10630408.0,515041619.97
2025-07-01,Medellín,1,Persona Natural,historico,19821922.62,3749660.0,16072262.620000001
2025-07-01,Medellín,1,Quimico,historico,530116176.78,7246087.0,522870089.78
2025-07-01,Medellín,1,Servicio de apoyo empresarial,historico,54587099.93,116032.0,54471067.93
2025-07-01,Medellín,1,Servicios Publicos,historico,279119953.0,14111045.0,265008908.0
2025-07-01,Medellín,1,"Textiles, Confecciones y Cuero",historico,72980890.1,3398230.0,69582660.1
2025-07-01,Medellín,1,Transporte y Logistica,historico,165133388.0,1340265.0,163793123.0
2025-07-01,Medellín,1,Turistico,historico,12355160.0,0.0,12355160.0
2025-07-01,Bogotá,2,0,historico,45138137.76,2636899.0,42501238.76
2025-07-01,Bogotá,2,Agricultura,historico,272696988.0,13281475.0,259415513.0
2025-07-01,Bogotá,2,Articulos Para el Hogar y la Oficina,historico,66755610.56,1879180.0,64876430.56
2025-07-01,Bogotá,2,Caucho y Plasticos,historico,41899586.46,0.0,41899586.46
2025-07-01,Bogotá,2,Comercio,historico,2314072171.72,45097351.0,2268974820.72
2025-07-01,Bogotá,2,Construction,historico,189492209.02,24162247.0,165329962.02
2025-07-01,Bogotá,2,Education,historico,33357010.0,0.0,33357010.0
2025-07-01,Bogotá,2,Empleados,historico,44331890.02,26365131.0,17966759.02
2025-07-01,Bogotá,2,Energy supply,historico,11213344.0,590744.0,10622600.0
2025-07-01,Bogotá,2,Equipo de Transporte,historico,335808689.0,1849840.0,333958849.0
2025-07-01,Bogotá,2,Food,historico,1527044522.1,74785283.0,1452259239.1
2025-07-01,Bogotá,2,Health/Social,historico,17060990.0,553400.0,16507590.0
2025-07-01,Bogotá,2,Hidrocarburo,historico,549110470.17,22847753.0,526262717.17
2025-07-01,Bogotá,2,IT/Communication,historico,44624933.0,421200.0,44203733.0
2025-07-01,Bogotá,2,Industria,historico,501313958.08,2176876.0,499137082.08
2025-07-01,Bogotá,2,Madera y Papel,historico,124266754.95,677739.0,123589015.95
2025-07-01,Bogotá,2,Maquinaria y Afines,historico,252578874.0,1517700.0,251061174.0
2025-07-01,Bogotá,2,Mining,historico,1045513411.05,10474294.0,1035039117.05
2025-07-01,Bogotá,2,Persona Natural,historico,10096109.18,137560.0,9958549.18
2025-07-01,Bogotá,2,Public Administration,historico,128100.0,0.0,128100.0
2025-07-01,Bogotá,2,Quimico,historico,718529507.0,20797225.0,697732282.0
2025-07-01,Bogotá,2,Servicio de apoyo empresarial,historico,18246495.0,0.0,18246495.0
2025-07-01,Bogotá,2,Servicios Publicos,historico,86853050.0,155238.0,86697812.0
2025-07-01,Bogotá,2,"Textiles, Confecciones y Cuero",historico,60676649.0,0.0,60676649.0
2025-07-01,Bogotá,2,Transporte y Logistica,historico,182921973.0,40734.0,182881239.0
2025-07-01,Bogotá,2,Turistico,historico,5166185.0,17600.0,5148585.0
2025-07-01,Cali,3,0,historico,25539211.72,529122.0,25010089.72
2025-07-01,Cali,3,Agricultura,historico,26333286.0,0.0,26333286.0
2025-07-01,Cali,3,Agroindustria,historico,55120.0,0.0,55120.0
2025-07-01,Cali,3,Articulos Para el Hogar y la Oficina,historico,26634688.0,0.0,26634688.0
2025-07-01,Cali,3,Caucho y Plasticos,historico,40548684.0,0.0,40548684.0
2025-07-01,Cali,3,Comercio,historico,740645267.73,6878380.0,733766887.73
2025-07-01,Cali,3,Construction,historico,34257943.0,0.0,34257943.0
2025-07-01,Cali,3,Education,historico,10183207.0,0.0,10183207.0
2025-07-01,Cali,3,Empleados,historico,4733599.0,5217610.0,-484011.0
2025-07-01,Cali,3,Equipo de Transporte,historico,39565190.0,0.0,39565190.0
2025-07-01,Cali,3,Food,historico,1190408844.14,54093152.0,1136315692.14
2025-07-01,Cali,3,Health/Social,historico,406800.0,0.0,406800.0
2025-07-01,Cali,3,Hidrocarburo,historico,25929928.6,0.0,25929928.6
2025-07-01,Cali,3,IT/Communication,historico,13852832.0,798092.0,13054740.0
2025-07-01,Cali,3,Industria,historico,173655127.0,289600.0,173365527.0
2025-07-01,Cali,3,Madera y Papel,historico,103892397.63,178984.0,103713413.63
2025-07-01,Cali,3,Maquinaria y Afines,historico,34635469.0,0.0,34635469.0
2025-07-01,Cali,3,Mining,historico,95316493.0,0.0,95316493.0
2025-07-01,Cali,3,Persona Natural,historico,11659400.0,0.0,11659400.0
2025-07-01,Cali,3,Quimico,historico,608603126.0,3470404.0,605132722.0
2025-07-01,Cali,3,Servicio de apoyo empresarial,historico,2868225.0,0.0,2868225.0
2025-07-01,Cali,3,Servicios Publicos,historico,43288556.879999995,6945840.0,36342716.879999995
2025-07-01,Cali,3,"Textiles, Confecciones y Cuero",historico,17641135.0,699590.0,16941545.0
2025-07-01,Cali,3,Transporte y Logistica,historico,13696640.0,3136500.0,10560140.0
2025-07-01,Cali,3,Turistico,historico,1869464.0,0.0,1869464.0
2025-07-01,Barranquilla,4,0,historico,55048066.59,928710.0,54119356.59
2025-07-01,Barranquilla,4,Agricultura,historico,23423986.0,0.0,23423986.0
2025-07-01,Barranquilla,4,Agroindustria,historico,42400.0,0.0,42400.0
2025-07-01,Barranquilla,4,Articulos Para el Hogar y la Oficina,historico,27185410.04,155058.0,27030352.04
2025-07-01,Barranquilla,4,Caucho y Plasticos,historico,14485685.0,1129362.5,13356322.5
2025-07-01,Barranquilla,4,Comercio,historico,375208971.47,1994332.0,373214639.47
2025-07-01,Barranquilla,4,Construction,historico,159059529.75,5191800.0,153867729.75
2025-07-01,Barranquilla,4,Empleados,historico,8923291.8,1300572.0,7622719.8
2025-07-01,Barranquilla,4,Equipo de Transporte,historico,10117833.0,0.0,10117833.0
2025-07-01,Barranquilla,4,Food,historico,397528322.95,72572398.0,324955924.95
2025-07-01,Barranquilla,4,Health/Social,historico,3892663.0,0.0,3892663.0
2025-07-01,Barranquilla,4,Hidrocarburo,historico,46551835.22,0.0,46551835.22
2025-07-01,Barranquilla,4,IT/Communication,historico,2384500.0,0.0,2384500.0
2025-07-01,Barranquilla,4,Industria,historico,842223909.97,6925648.0,835298261.97
2025-07-01,Barranquilla,4,Madera y Papel,historico,31712951.8,333956.0,31378995.8
2025-07-01,Barranquilla,4,Maquinaria y Afines,historico,107009502.0,588000.0,106421502.0
2025-07-01,Barranquilla,4,Mining,historico,829437685.13,2290120.0,827147565.13
2025-07-01,Barranquilla,4,Persona Natural,historico,2018018.8,0.0,2018018.8
2025-07-01,Barranquilla,4,Quimico,historico,235096453.14,12776156.0,222320297.14
2025-07-01,Barranquilla,4,Servicio de apoyo empresarial,historico,1213650.0,0.0,1213650.0
2025-07-01,Barranquilla,4,Servicios Publicos,historico,108994054.0,1148000.0,107846054.0
2025-07-01,Barranquilla,4,"Textiles, Confecciones y Cuero",historico,29784428.0,0.0,29784428.0
2025-07-01,Barranquilla,4,Transporte y Logistica,historico,39798272.0,407000.0,39391272.0
2025-07-01,Barranquilla,4,Turistico,historico,126000.0,0.0,126000.0
2025-07-01,Cartagena,5,0,historico,25188410.830000002,1977522.0,23210888.830000002
2025-07-01,Cartagena,5,Articulos Para el Hogar y la Oficina,historico,699320.0,0.0,699320.0
2025-07-01,Cartagena,5,Caucho y Plasticos,historico,1712562.0,0.0,1712562.0
2025-07-01,Cartagena,5,Comercio,historico,478733021.6,6072458.0,472660563.6
2025-07-01,Cartagena,5,Construction,historico,160495903.47,666846.0,159829057.47
2025-07-01,Cartagena,5,Empleados,historico,4998706.25,673929.0,4324777.25
2025-07-01,Cartagena,5,Equipo de Transporte,historico,1762730.0,0.0,1762730.0
2025-07-01,Cartagena,5,Food,historico,202800403.4,23911080.0,178889323.4
2025-07-01,Cartagena,5,Health/Social,historico,27671279.0,0.0,27671279.0
2025-07-01,Cartagena,5,Hidrocarburo,historico,228800128.76,0.0,228800128.76
2025-07-01,Cartagena,5,IT/Communication,historico,54350.0,0.0,54350.0
2025-07-01,Cartagena,5,Industria,historico,351777658.3,4981936.0,346795722.3
2025-07-01,Cartagena,5,Madera y Papel,historico,101163798.8,2213000.0,98950798.8
2025-07-01,Cartagena,5,Maquinaria y Afines,historico,15903453.0,0.0,15903453.0
2025-07-01,Cartagena,5,Mining,historico,154468602.0,932325.0,153536277.0
2025-07-01,Cartagena,5,Persona Natural,historico,6370366.95,338560.0,6031806.95
2025-07-01,Cartagena,5,Quimico,historico,184932869.5,29700.0,184903169.5
2025-07-01,Cartagena,5,Servicio de apoyo empresarial,historico,6691038.0,0.0,6691038.0
2025-07-01,Cartagena,5,Servicios Publicos,historico,1270879984.4,0.0,1270879984.4
2025-07-01,Cartagena,5,"Textiles, Confecciones y Cuero",historico,2241504.0,0.0,2241504.0
2025-07-01,Cartagena,5,Transporte y Logistica,historico,184060360.0,3683965.0,180376395.0
2025-07-01,Cartagena,5,Turistico,historico,733664.0,0.0,733664.0
2025-08-01,Medellín,1,0,historico,127286292.65,492994.0,126793298.65
2025-08-01,Medellín,1,Agricultura,historico,351726182.3,6221110.0,345505072.3
2025-08-01,Medellín,1,Articulos Para el Hogar y la Oficina,historico,20164047.0,0.0,20164047.0
2025-08-01,Medellín,1,Caucho y Plasticos,historico,47577958.37,655000.0,46922958.37
2025-08-01,Medellín,1,Comercio,historico,1504833753.48,18806534.62,1486027218.86
2025-08-01,Medellín,1,Construction,historico,464044627.0,26112734.0,437931893.0
2025-08-01,Medellín,1,Education,historico,1119780.0,301200.0,818580.0
2025-08-01,Medellín,1,Empleados,historico,5257923.0,10108114.0,-4850191.0
2025-08-01,Medellín,1,Equipo de Transporte,historico,19456876.0,127216.0,19329660.0
2025-08-01,Medellín,1,Food,historico,1017381460.13,65777939.85,951603520.28
2025-08-01,Medellín,1,Health/Social,historico,15059696.0,0.0,15059696.0
2025-08-01,Medellín,1,Hidrocarburo,historico,332664753.32,194120685.0,138544068.32
2025-08-01,Medellín,1,IT/Communication,historico,1222085.0,0.0,1222085.0
2025-08-01,Medellín,1,Industria,historico,856576398.84,94693549.6,761882849.24
2025-08-01,Medellín,1,Madera y Papel,historico,93550754.4,86955.0,93463799.4
2025-08-01,Medellín,1,Maquinaria y Afines,historico,83176809.03,1800162.0,81376647.03
2025-08-01,Medellín,1,Mining,historico,799899739.76,73169050.87,726730688.89
2025-08-01,Medellín,1,Persona Natural,historico,19277672.2,163500.0,19114172.2
2025-08-01,Medellín,1,Public Administration,historico,151000.0,0.0,151000.0
2025-08-01,Medellín,1,Quimico,historico,1104069455.04,14194102.0,1089875353.04
2025-08-01,Medellín,1,Real Estate,historico,990000.0,0.0,990000.0
2025-08-01,Medellín,1,Servicio de apoyo empresarial,historico,48178390.0,203000.0,47975390.0
2025-08-01,Medellín,1,Servicios Publicos,historico,201280140.13,456000.0,200824140.13
2025-08-01,Medellín,1,"Textiles, Confecciones y Cuero",historico,99695542.43,1016192.0,98679350.43
2025-08-01,Medellín,1,Transporte y Logistica,historico,132455005.16,563750.0,131891255.16
2025-08-01,Medellín,1,Turistico,historico,4780070.0,0.0,4780070.0
2025-08-01,Bogotá,2,0,historico,50666424.0,156200.0,50510224.0
2025-08-01,Bogotá,2,Agricultura,historico,380640903.0,20493685.0,360147218.0
2025-08-01,Bogotá,2,Articulos Para el Hogar y la Oficina,historico,102399889.0,6182150.0,96217739.0
2025-08-01,Bogotá,2,Caucho y Plasticos,historico,49678604.0,244600.0,49434004.0
2025-08-01,Bogotá,2,Comercio,historico,2109736986.82,36334800.0,2073402186.82
2025-08-01,Bogotá,2,Construction,historico,263850091.2,11565576.0,252284515.2
2025-08-01,Bogotá,2,Education,historico,20989065.0,0.0,20989065.0
2025-08-01,Bogotá,2,Empleados,historico,5435786.0,18366247.59,-12930461.59
2025-08-01,Bogotá,2,Energy supply,historico,56325556.0,575500.0,55750056.0
2025-08-01,Bogotá,2,Equipo de Transporte,historico,214505033.0,1869599.0,212635434.0
2025-08-01,Bogotá,2,Food,historico,1263298872.11,20079162.0,1243219710.11
2025-08-01,Bogotá,2,Health/Social,historico,8719262.0,101500.0,8617762.0
2025-08-01,Bogotá,2,Hidrocarburo,historico,526772418.68,20433533.0,506338885.68
2025-08-01,Bogotá,2,IT/Communication,historico,70244247.0,0.0,70244247.0
2025-08-01,Bogotá,2,Industria,historico,393523491.5,7237169.0,386286322.5
2025-08-01,Bogotá,2,Madera y Papel,historico,79520964.0,742270.0,78778694.0
2025-08-01,Bogotá,2,Maquinaria y Afines,historico,230778454.5,3531142.0,227247312.5
2025-08-01,Bogotá,2,Mining,historico,868264045.15,20130389.0,848133656.15
2025-08-01,Bogotá,2,Persona Natural,historico,3728563.0,128700.0,3599863.0
2025-08-01,Bogotá,2,Quimico,historico,516208253.0,34764244.0,481444009.0
2025-08-01,Bogotá,2,Servicio de apoyo empresarial,historico,33616893.0,483320.0,33133573.0
2025-08-01,Bogotá,2,Servicios Publicos,historico,150981477.0,29404280.0,121577197.0
2025-08-01,Bogotá,2,"Textiles, Confecciones y Cuero",historico,19539508.0,19057.5,19520450.5
2025-08-01,Bogotá,2,Transporte y Logistica,historico,143697579.0,417008.0,143280571.0
2025-08-01,Bogotá,2,Turistico,historico,3667112.0,0.0,3667112.0
2025-08-01,Cali,3,0,historico,26518337.76,1179546.0,25338791.76
2025-08-01,Cali,3,Agricultura,historico,18390189.0,571340.0,17818849.0
2025-08-01,Cali,3,Agroindustria,historico,700050.0,0.0,700050.0
2025-08-01,Cali,3,Articulos Para el Hogar y la Oficina,historico,34864861.0,0.0,34864861.0
2025-08-01,Cali,3,Caucho y Plasticos,historico,17952379.0,1722600.0,16229779.0
2025-08-01,Cali,3,Comercio,historico,618653026.76,7096553.0,611556473.76
2025-08-01,Cali,3,Construction,historico,25698857.0,124410.0,25574447.0
2025-08-01,Cali,3,Education,historico,4643368.0,3127680.0,1515688.0
2025-08-01,Cali,3,Empleados,historico,3426096.0,1565946.0,1860150.0
2025-08-01,Cali,3,Energy supply,historico,134664.0,0.0,134664.0
2025-08-01,Cali,3,Equipo de Transporte,historico,241410818.0,0.0,241410818.0
2025-08-01,Cali,3,Food,historico,884386269.42,12070762.99,872315506.43
2025-08-01,Cali,3,Health/Social,historico,860643.0,19846.0,840797.0
2025-08-01,Cali,3,Hidrocarburo,historico,20370283.0,698640.0,19671643.0
2025-08-01,Cali,3,IT/Communication,historico,5305376.0,0.0,5305376.0
2025-08-01,Cali,3,Industria,historico,218959052.0,5142562.0,213816490.0
2025-08-01,Cali,3,Madera y Papel,historico,75975681.0,0.0,75975681.0
2025-08-01,Cali,3,Maquinaria y Afines,historico,42083246.0,0.0,42083246.0
2025-08-01,Cali,3,Mining,historico,108010995.0,10642497.0,97368498.0
2025-08-01,Cali,3,Persona Natural,historico,10390688.0,0.0,10390688.0
2025-08-01,Cali,3,Quimico,historico,388757443.74,25742835.0,363014608.74
2025-08-01,Cali,3,Servicio de apoyo empresarial,historico,6713393.0,0.0,6713393.0
2025-08-01,Cali,3,Servicios Publicos,historico,94759513.0,2118334.0,92641179.0
2025-08-01,Cali,3,"Textiles, Confecciones y Cuero",historico,27029247.0,0.0,27029247.0
2025-08-01,Cali,3,Transporte y Logistica,historico,26097501.0,0.0,26097501.0
2025-08-01,Cali,3,Turistico,historico,929360.0,0.0,929360.0
2025-08-01,Barranquilla,4,0,historico,43997738.91,69564.0,43928174.91
2025-08-01,Barranquilla,4,Agricultura,historico,13268370.0,0.0,13268370.0
2025-08-01,Barranquilla,4,Agroindustria,historico,20800.0,0.0,20800.0
2025-08-01,Barranquilla,4,Articulos Para el Hogar y la Oficina,historico,13773248.0,0.0,13773248.0
2025-08-01,Barranquilla,4,Caucho y Plasticos,historico,14661541.0,0.0,14661541.0
2025-08-01,Barranquilla,4,Comercio,historico,317827010.53,2399004.0,315428006.53
2025-08-01,Barranquilla,4,Construction,historico,185467749.5,31177255.0,154290494.5
2025-08-01,Barranquilla,4,Empleados,historico,185964.0,7225215.0,-7039251.0
2025-08-01,Barranquilla,4,Equipo de Transporte,historico,2898468.0,0.0,2898468.0
2025-08-01,Barranquilla,4,Food,historico,295740191.94,48206904.0,247533287.94
2025-08-01,Barranquilla,4,Health/Social,historico,9144058.0,0.0,9144058.0
2025-08-01,Barranquilla,4,Hidrocarburo,historico,37138179.0,2662952.0,34475227.0
2025-08-01,Barranquilla,4,IT/Communication,historico,3073560.0,0.0,3073560.0
2025-08-01,Barranquilla,4,Industria,historico,778935914.46,27883343.0,751052571.46
2025-08-01,Barranquilla,4,Madera y Papel,historico,36437170.0,72900.0,36364270.0
2025-08-01,Barranquilla,4,Maquinaria y Afines,historico,109647160.0,1123214.0,108523946.0
2025-08-01,Barranquilla,4,Mining,historico,862974547.29,82892000.0,780082547.29
2025-08-01,Barranquilla,4,Persona Natural,historico,5078778.5,0.0,5078778.5
2025-08-01,Barranquilla,4,Quimico,historico,228531338.8,47347900.0,181183438.8
2025-08-01,Barranquilla,4,Servicio de apoyo empresarial,historico,2961693.0,0.0,2961693.0
2025-08-01,Barranquilla,4,Servicios Publicos,historico,179619832.0,0.0,179619832.0
2025-08-01,Barranquilla,4,"Textiles, Confecciones y Cuero",historico,26660486.0,0.0,26660486.0
2025-08-01,Barranquilla,4,Transporte y Logistica,historico,67843148.0,0.0,67843148.0
2025-08-01,Cartagena,5,0,historico,13968415.69,585316.0,13383099.69
2025-08-01,Cartagena,5,Articulos Para el Hogar y la Oficina,historico,5194679.0,0.0,5194679.0
2025-08-01,Cartagena,5,Caucho y Plasticos,historico,1634520.0,0.0,1634520.0
2025-08-01,Cartagena,5,Comercio,historico,404017759.86,7828070.0,396189689.86
2025-08-01,Cartagena,5,Construction,historico,182402352.2,1854300.0,180548052.2
2025-08-01,Cartagena,5,Empleados,historico,4324143.0,4683502.0,-359359.0
2025-08-01,Cartagena,5,Equipo de Transporte,historico,158340.0,0.0,158340.0
2025-08-01,Cartagena,5,Food,historico,269629072.48,10705290.0,258923782.48
2025-08-01,Cartagena,5,Health/Social,historico,16997198.0,0.0,16997198.0
2025-08-01,Cartagena,5,Hidrocarburo,historico,615068508.6,58423743.4,556644765.2
2025-08-01,Cartagena,5,IT/Communication,historico,9876000.0,0.0,9876000.0
2025-08-01,Cartagena,5,Industria,historico,307345310.8,0.0,307345310.8
2025-08-01,Cartagena,5,Madera y Papel,historico,77518796.0,0.0,77518796.0
2025-08-01,Cartagena,5,Maquinaria y Afines,historico,16435993.92,0.0,16435993.92
2025-08-01,Cartagena,5,Mining,historico,90269918.0,11857351.0,78412567.0
2025-08-01,Cartagena,5,Persona Natural,historico,5226515.15,10000.0,5216515.15
2025-08-01,Cartagena,5,Public Administration,historico,120000.0,0.0,120000.0
2025-08-01,Cartagena,5,Quimico,historico,216240017.71,5043670.0,211196347.71
2025-08-01,Cartagena,5,Real Estate,historico,7100.0,0.0,7100.0
2025-08-01,Cartagena,5,Servicio de apoyo empresarial,historico,2690507.0,0.0,2690507.0
2025-08-01,Cartagena,5,Servicios Publicos,historico,249999316.0,2551500.0,247447816.0
2025-08-01,Cartagena,5,"Textiles, Confecciones y Cuero",historico,5479706.0,0.0,5479706.0
2025-08-01,Cartagena,5,Transporte y Logistica,historico,141178069.8,2607272.0,138570797.8
2025-08-01,Cartagena,5,Turistico,historico,5393880.0,0.0,5393880.0
2025-09-01,Medellín,1,0,historico,70621334.18,730447.0,69890887.18
2025-09-01,Medellín,1,Agricultura,historico,573607346.28,24897018.0,548710328.28
2025-09-01,Medellín,1,Agroindustria,historico,148348.0,0.0,148348.0
2025-09-01,Medellín,1,Articulos Para el Hogar y la Oficina,historico,27930438.75,3196080.0,24734358.75
2025-09-01,Medellín,1,Caucho y Plasticos,historico,52881555.88,417400.0,52464155.88
2025-09-01,Medellín,1,Comercio,historico,1722012241.19,43646927.0,1678365314.19
2025-09-01,Medellín,1,Construction,historico,584186327.76,13726269.0,570460058.76
2025-09-01,Medellín,1,Education,historico,333100.0,34816.0,298284.0
2025-09-01,Medellín,1,Empleados,historico,3343406.0,4010373.0,-666967.0
2025-09-01,Medellín,1,Energy supply,historico,145300.0,0.0,145300.0
2025-09-01,Medellín,1,Equipo de Transporte,historico,9977896.07,0.0,9977896.07
2025-09-01,Medellín,1,Food,historico,892336707.81,62532422.39,829804285.42
2025-09-01,Medellín,1,Health/Social,historico,34582581.0,3279240.0,31303341.0
2025-09-01,Medellín,1,Hidrocarburo,historico,269048142.99,7293404.0,261754738.99
2025-09-01,Medellín,1,IT/Communication,historico,4029239.0,0.0,4029239.0
2025-09-01,Medellín,1,Industria,historico,986623746.1,47114248.0,939509498.1
2025-09-01,Medellín,1,Madera y Papel,historico,109616642.46,3206072.0,106410570.46
2025-09-01,Medellín,1,Maquinaria y Afines,historico,122651174.04,333680.0,122317494.04
2025-09-01,Medellín,1,Mining,historico,679546543.97,6788699.97,672757844.0
2025-09-01,Medellín,1,Persona Natural,historico,19771606.83,518240.0,19253366.83
2025-09-01,Medellín,1,Quimico,historico,313122491.78,1675872.0,311446619.78
2025-09-01,Medellín,1,Real Estate,historico,90540.0,0.0,90540.0
2025-09-01,Medellín,1,Servicio de apoyo empresarial,historico,153498582.9,125373.0,153373209.9
2025-09-01,Medellín,1,Servicios Publicos,historico,406265190.0,5830182.0,400435008.0
2025-09-01,Medellín,1,"Textiles, Confecciones y Cuero",historico,63542614.4,1964405.5,61578208.9
2025-09-01,Medellín,1,Transporte y Logistica,historico,117629619.0,817560.0,116812059.0
2025-09-01,Medellín,1,Turistico,historico,4406691.0,1786055.0,2620636.0
2025-09-01,Bogotá,2,0,historico,53289017.0,364770.0,52924247.0
2025-09-01,Bogotá,2,Agricultura,historico,319255570.64,4463625.0,314791945.64
2025-09-01,Bogotá,2,Articulos Para el Hogar y la Oficina,historico,88333539.0,0.0,88333539.0
2025-09-01,Bogotá,2,Caucho y Plasticos,historico,35027364.0,0.0,35027364.0
2025-09-01,Bogotá,2,Comercio,historico,2475246675.61,153096413.0,2322150262.61
2025-09-01,Bogotá,2,Construction,historico,326720655.86,11201963.0,315518692.86
2025-09-01,Bogotá,2,Education,historico,4607016.0,1172880.0,3434136.0
2025-09-01,Bogotá,2,Empleados,historico,1107687.0,2542786.0,-1435099.0
2025-09-01,Bogotá,2,Energy supply,historico,128700.0,0.0,128700.0
2025-09-01,Bogotá,2,Equipo de Transporte,historico,420139446.16,0.0,420139446.16
2025-09-01,Bogotá,2,Food,historico,1391071431.62,61579244.0,1329492187.62
2025-09-01,Bogotá,2,Health/Social,historico,18289144.0,0.0,18289144.0
2025-09-01,Bogotá,2,Hidrocarburo,historico,875334920.92,41395103.0,833939817.92
2025-09-01,Bogotá,2,IT/Communication,historico,65697444.0,57814320.0,7883124.0
2025-09-01,Bogotá,2,Industria,historico,527878455.4,20749581.0,507128874.4
2025-09-01,Bogotá,2,Madera y Papel,historico,72343263.0,1018600.0,71324663.0
2025-09-01,Bogotá,2,Maquinaria y Afines,historico,523375817.0,4070624.0,519305193.0
2025-09-01,Bogotá,2,Mining,historico,826262446.17,24445050.0,801817396.17
2025-09-01,Bogotá,2,Persona Natural,historico,10040876.0,643361.0,9397515.0
2025-09-01,Bogotá,2,Quimico,historico,502820043.7,7912588.0,494907455.7
2025-09-01,Bogotá,2,Servicio de apoyo empresarial,historico,18269637.16,0.0,18269637.16
2025-09-01,Bogotá,2,Servicios Publicos,historico,156802119.0,1135200.0,155666919.0
2025-09-01,Bogotá,2,"Textiles, Confecciones y Cuero",historico,13334541.46,0.0,13334541.46
2025-09-01,Bogotá,2,Transporte y Logistica,historico,205355242.0,2018563.0,203336679.0
2025-09-01,Bogotá,2,Turistico,historico,3000102.0,0.0,3000102.0
2025-09-01,Cali,3,0,historico,18756602.0,29880.0,18726722.0
2025-09-01,Cali,3,Agricultura,historico,7478570.0,0.0,7478570.0
2025-09-01,Cali,3,Agroindustria,historico,117610.0,0.0,117610.0
2025-09-01,Cali,3,Articulos Para el Hogar y la Oficina,historico,10973500.0,1667200.0,9306300.0
2025-09-01,Cali,3,Caucho y Plasticos,historico,134084526.0,0.0,134084526.0
2025-09-01,Cali,3,Comercio,historico,725912893.38,21337285.0,704575608.38
2025-09-01,Cali,3,Construction,historico,20725805.13,686560.0,20039245.13
2025-09-01,Cali,3,Education,historico,5030602.0,442510.0,4588092.0
2025-09-01,Cali,3,Empleados,historico,929485.0,2056551.0,-1127066.0
2025-09-01,Cali,3,Equipo de Transporte,historico,187543406.0,0.0,187543406.0
2025-09-01,Cali,3,Food,historico,1001633652.08,19341919.99,982291732.09
2025-09-01,Cali,3,Health/Social,historico,145319.0,0.0,145319.0
2025-09-01,Cali,3,Hidrocarburo,historico,14942256.69,0.0,14942256.69
2025-09-01,Cali,3,IT/Communication,historico,4068377.0,0.0,4068377.0
2025-09-01,Cali,3,Industria,historico,304356329.0,2399750.0,301956579.0
2025-09-01,Cali,3,Madera y Papel,historico,107086496.38,6498903.0,100587593.38
2025-09-01,Cali,3,Maquinaria y Afines,historico,50390544.0,278000.0,50112544.0
2025-09-01,Cali,3,Mining,historico,127987102.85,323071.2,127664031.65
2025-09-01,Cali,3,Persona Natural,historico,9767954.0,0.0,9767954.0
2025-09-01,Cali,3,Quimico,historico,295366819.5,1294581.0,294072238.5
2025-09-01,Cali,3,Servicio de apoyo empresarial,historico,4193814.0,0.0,4193814.0
2025-09-01,Cali,3,Servicios Publicos,historico,14092262.0,900000.0,13192262.0
2025-09-01,Cali,3,"Textiles, Confecciones y Cuero",historico,20614094.0,0.0,20614094.0
2025-09-01,Cali,3,Transporte y Logistica,historico,17104765.0,2205400.0,14899365.0
2025-09-01,Cali,3,Turistico,historico,236880.0,0.0,236880.0
2025-09-01,Barranquilla,4,0,historico,35283861.5,741765.0,34542096.5
2025-09-01,Barranquilla,4,Agricultura,historico,22775265.0,0.0,22775265.0
2025-09-01,Barranquilla,4,Agroindustria,historico,3567193.0,0.0,3567193.0
2025-09-01,Barranquilla,4,Articulos Para el Hogar y la Oficina,historico,29176147.0,0.0,29176147.0
2025-09-01,Barranquilla,4,Caucho y Plasticos,historico,16830530.0,0.0,16830530.0
2025-09-01,Barranquilla,4,Comercio,historico,431749665.63,9626621.29,422123044.34
2025-09-01,Barranquilla,4,Construction,historico,110907493.0,3193850.0,107713643.0
2025-09-01,Barranquilla,4,Education,historico,837600.0,418800.0,418800.0
2025-09-01,Barranquilla,4,Empleados,historico,45442.2,830736.0,-785293.8
2025-09-01,Barranquilla,4,Energy supply,historico,407617.28,0.0,407617.28
2025-09-01,Barranquilla,4,Equipo de Transporte,historico,5891773.0,0.0,5891773.0
2025-09-01,Barranquilla,4,Food,historico,394682872.28,11830940.0,382851932.28
2025-09-01,Barranquilla,4,Health/Social,historico,6719020.0,0.0,6719020.0
2025-09-01,Barranquilla,4,Hidrocarburo,historico,50168641.0,354090.0,49814551.0
2025-09-01,Barranquilla,4,IT/Communication,historico,1803182.0,0.0,1803182.0
2025-09-01,Barranquilla,4,Industria,historico,1075457038.24,5374424.59,1070082613.65
2025-09-01,Barranquilla,4,Madera y Papel,historico,32449423.8,2910000.0,29539423.8
2025-09-01,Barranquilla,4,Maquinaria y Afines,historico,65899680.0,961320.0,64938360.0
2025-09-01,Barranquilla,4,Mining,historico,870654178.3100001,78495.0,870575683.3100001
2025-09-01,Barranquilla,4,Persona Natural,historico,3084821.0,0.0,3084821.0
2025-09-01,Barranquilla,4,Quimico,historico,255001516.0,82157915.0,172843601.0
2025-09-01,Barranquilla,4,Servicio de apoyo empresarial,historico,5447038.0,0.0,5447038.0
2025-09-01,Barranquilla,4,Servicios Publicos,historico,129191301.6,4961360.0,124229941.6
2025-09-01,Barranquilla,4,"Textiles, Confecciones y Cuero",historico,28981467.0,105866.0,28875601.0
2025-09-01,Barranquilla,4,Transporte y Logistica,historico,64692405.0,1187700.0,63504705.0
2025-09-01,Barranquilla,4,Turistico,historico,261000.0,0.0,261000.0
2025-09-01,Cartagena,5,0,historico,18464526.09,0.0,18464526.09
2025-09-01,Cartagena,5,Agricultura,historico,2487420.0,0.0,2487420.0
2025-09-01,Cartagena,5,Articulos Para el Hogar y la Oficina,historico,7941874.0,807984.0,7133890.0
2025-09-01,Cartagena,5,Caucho y Plasticos,historico,1269984.0,0.0,1269984.0
2025-09-01,Cartagena,5,Comercio,historico,428768761.17,7633095.0,421135666.17
2025-09-01,Cartagena,5,Construction,historico,198209439.97,25462000.0,172747439.97
2025-09-01,Cartagena,5,Empleados,historico,619889.0,0.0,619889.0
2025-09-01,Cartagena,5,Equipo de Transporte,historico,3813460.0,0.0,3813460.0
2025-09-01,Cartagena,5,Food,historico,234088219.57,2851762.0,231236457.57
2025-09-01,Cartagena,5,Health/Social,historico,24196433.0,0.0,24196433.0
2025-09-01,Cartagena,5,Hidrocarburo,historico,205134010.29,2661025.0,202472985.29
2025-09-01,Cartagena,5,IT/Communication,historico,680400.0,0.0,680400.0
2025-09-01,Cartagena,5,Industria,historico,271864244.66,843308.0,271020936.66
2025-09-01,Cartagena,5,Madera y Papel,historico,105902240.8,2116812.0,103785428.8
2025-09-01,Cartagena,5,Maquinaria y Afines,historico,112212886.5,0.0,112212886.5
2025-09-01,Cartagena,5,Mining,historico,102851846.0,6466510.0,96385336.0
2025-09-01,Cartagena,5,Persona Natural,historico,4944407.0,21600.0,4922807.0
2025-09-01,Cartagena,5,Quimico,historico,221041452.8,2045200.0,218996252.8
2025-09-01,Cartagena,5,Servicio de apoyo empresarial,historico,11777333.0,0.0,11777333.0
2025-09-01,Cartagena,5,Servicios Publicos,historico,2522103864.0,76930763.6,2445173100.4
2025-09-01,Cartagena,5,"Textiles, Confecciones y Cuero",historico,8834775.0,0.0,8834775.0
2025-09-01,Cartagena,5,Transporte y Logistica,historico,164867555.5,3087075.0,161780480.5
2025-09-01,Cartagena,5,Turistico,historico,5826310.0,0.0,5826310.0
2025-10-01,Medellín,1,0,historico,85078101.25,806342.0,84271759.25
2025-10-01,Medellín,1,Agricultura,historico,486403594.68,17384004.0,469019590.68
2025-10-01,Medellín,1,Agroindustria,historico,7340990.0,0.0,7340990.0
2025-10-01,Medellín,1,Articulos Para el Hogar y la Oficina,historico,33804180.0,0.0,33804180.0
2025-10-01,Medellín,1,Caucho y Plasticos,historico,53320667.0,0.0,53320667.0
2025-10-01,Medellín,1,Comercio,historico,1890826198.57,28803425.0,1862022773.57
2025-10-01,Medellín,1,Construction,historico,356854396.95,6574695.0,350279701.95
2025-10-01,Medellín,1,Education,historico,4589559.46,0.0,4589559.46
2025-10-01,Medellín,1,Empleados,historico,6169540.02,1657003.01,4512537.01
2025-10-01,Medellín,1,Equipo de Transporte,historico,23300346.0,379200.0,22921146.0
2025-10-01,Medellín,1,Food,historico,1015648638.52,35142173.5,980506465.02
2025-10-01,Medellín,1,Health/Social,historico,14367187.0,18000.0,14349187.0
2025-10-01,Medellín,1,Hidrocarburo,historico,102464503.37,1120320.0,101344183.37
2025-10-01,Medellín,1,IT/Communication,historico,6810356.0,0.0,6810356.0
2025-10-01,Medellín,1,Industria,historico,993569711.79,24476518.0,969093193.79
2025-10-01,Medellín,1,Madera y Papel,historico,133100882.57,12283508.0,120817374.57
2025-10-01,Medellín,1,Maquinaria y Afines,historico,123020206.88,192686.0,122827520.88
2025-10-01,Medellín,1,Mining,historico,1528719057.97,331482100.6,1197236957.37
2025-10-01,Medellín,1,Persona Natural,historico,18722864.05,917460.0,17805404.05
2025-10-01,Medellín,1,Quimico,historico,235785428.4,1543515.0,234241913.4
2025-10-01,Medellín,1,Servicio de apoyo empresarial,historico,71817427.3,628050.0,71189377.3
2025-10-01,Medellín,1,Servicios Publicos,historico,270094986.0,1837670.0,268257316.0
2025-10-01,Medellín,1,"Textiles, Confecciones y Cuero",historico,72169236.75,4296280.0,67872956.75
2025-10-01,Medellín,1,Transporte y Logistica,historico,119618635.0,1190762.0,118427873.0
2025-10-01,Medellín,1,Turistico,historico,2269325.0,0.0,2269325.0
2025-10-01,Bogotá,2,0,historico,38772634.8,745570.0,38027064.8
2025-10-01,Bogotá,2,Agricultura,historico,381177118.0,5306514.0,375870604.0
2025-10-01,Bogotá,2,Articulos Para el Hogar y la Oficina,historico,90284021.0,1335540.0,88948481.0
2025-10-01,Bogotá,2,Caucho y Plasticos,historico,52923684.92,605800.0,52317884.92
2025-10-01,Bogotá,2,Comercio,historico,2301222731.58,21119313.0,2280103418.58
2025-10-01,Bogotá,2,Construction,historico,171556639.43,9611349.0,161945290.43
2025-10-01,Bogotá,2,Education,historico,8625522.0,0.0,8625522.0
2025-10-01,Bogotá,2,Empleados,historico,3873614.96,2406852.0,1466762.96
2025-10-01,Bogotá,2,Energy supply,historico,4787475.0,0.0,4787475.0
2025-10-01,Bogotá,2,Equipo de Transporte,historico,402416429.42,17504144.0,384912285.42
2025-10-01,Bogotá,2,Food,historico,1251552957.83,35884921.0,1215668036.83
2025-10-01,Bogotá,2,Health/Social,historico,8586481.0,324000.0,8262481.0
2025-10-01,Bogotá,2,Hidrocarburo,historico,630512876.99,102455556.0,528057320.99
2025-10-01,Bogotá,2,IT/Communication,historico,30304711.0,0.0,30304711.0
2025-10-01,Bogotá,2,Industria,historico,547811095.85,26044425.0,521766670.85
2025-10-01,Bogotá,2,Madera y Papel,historico,77449788.46,1495100.0,75954688.46
2025-10-01,Bogotá,2,Maquinaria y Afines,historico,187316440.0,10815943.0,176500497.0
2025-10-01,Bogotá,2,Mining,historico,868255876.78,24652359.0,843603517.78
2025-10-01,Bogotá,2,Persona Natural,historico,9102495.2,332420.0,8770075.2
2025-10-01,Bogotá,2,Quimico,historico,439754294.3,1623936.0,438130358.3
2025-10-01,Bogotá,2,Servicio de apoyo empresarial,historico,17670809.0,0.0,17670809.0
2025-10-01,Bogotá,2,Servicios Publicos,historico,116065328.9,986254.0,115079074.9
2025-10-01,Bogotá,2,"Textiles, Confecciones y Cuero",historico,29564298.0,740700.0,28823598.0
2025-10-01,Bogotá,2,Transporte y Logistica,historico,174725700.46,3993500.0,170732200.46
2025-10-01,Bogotá,2,Turistico,historico,946100.0,138000.0,808100.0
2025-10-01,Cali,3,0,historico,19134335.0,0.0,19134335.0
2025-10-01,Cali,3,Agricultura,historico,15279280.0,0.0,15279280.0
2025-10-01,Cali,3,Articulos Para el Hogar y la Oficina,historico,11047075.0,0.0,11047075.0
2025-10-01,Cali,3,Caucho y Plasticos,historico,103537621.0,0.0,103537621.0
2025-10-01,Cali,3,Comercio,historico,828066564.37,13762166.0,814304398.37
2025-10-01,Cali,3,Construction,historico,24405131.0,0.0,24405131.0
2025-10-01,Cali,3,Education,historico,645195.0,0.0,645195.0
2025-10-01,Cali,3,Empleados,historico,873449.0,71713.0,801736.0
2025-10-01,Cali,3,Energy supply,historico,144800.0,0.0,144800.0
2025-10-01,Cali,3,Equipo de Transporte,historico,78818287.0,4651740.0,74166547.0
2025-10-01,Cali,3,Food,historico,1009099207.27,13679163.0,995420044.27
2025-10-01,Cali,3,Health/Social,historico,745822.0,67800.0,678022.0
2025-10-01,Cali,3,Hidrocarburo,historico,19949284.1,0.0,19949284.1
2025-10-01,Cali,3,IT/Communication,historico,11834179.0,0.0,11834179.0
2025-10-01,Cali,3,Industria,historico,200592327.58,1881594.0,198710733.58
2025-10-01,Cali,3,Madera y Papel,historico,79631860.0,1939432.0,77692428.0
2025-10-01,Cali,3,Maquinaria y Afines,historico,81573984.29,4979680.0,76594304.29
2025-10-01,Cali,3,Mining,historico,120279734.0,249392.0,120030342.0
2025-10-01,Cali,3,Persona Natural,historico,8246909.88,0.0,8246909.88
2025-10-01,Cali,3,Quimico,historico,323007408.93,12040419.0,310966989.93
2025-10-01,Cali,3,Real Estate,historico,173910.0,0.0,173910.0
2025-10-01,Cali,3,Servicio de apoyo empresarial,historico,14827209.0,0.0,14827209.0
2025-10-01,Cali,3,Servicios Publicos,historico,14718646.0,0.0,14718646.0
2025-10-01,Cali,3,"Textiles, Confecciones y Cuero",historico,11898919.6,0.0,11898919.6
2025-10-01,Cali,3,Transporte y Logistica,historico,35347493.0,0.0,35347493.0
2025-10-01,Cali,3,Turistico,historico,1433310.0,0.0,1433310.0
2025-10-01,Barranquilla,4,0,historico,58807312.51,8346305.0,50461007.51
2025-10-01,Barranquilla,4,Agricultura,historico,57748105.0,0.0,57748105.0
2025-10-01,Barranquilla,4,Agroindustria,historico,2243660.0,0.0,2243660.0
2025-10-01,Barranquilla,4,Articulos Para el Hogar y la Oficina,historico,7317538.0,63425.0,7254113.0
2025-10-01,Barranquilla,4,Caucho y Plasticos,historico,21746811.0,0.0,21746811.0
2025-10-01,Barranquilla,4,Comercio,historico,344992216.44,3107643.0,341884573.44
2025-10-01,Barranquilla,4,Construction,historico,49224064.0,320800.0,48903264.0
2025-10-01,Barranquilla,4,Empleados,historico,2771022.28,0.0,2771022.28
2025-10-01,Barranquilla,4,Equipo de Transporte,historico,4496864.0,0.0,4496864.0
2025-10-01,Barranquilla,4,Food,historico,427246036.42,35271052.0,391974984.42
2025-10-01,Barranquilla,4,Health/Social,historico,13752790.0,0.0,13752790.0
2025-10-01,Barranquilla,4,Hidrocarburo,historico,62149663.0,14701647.0,47448016.0
2025-10-01,Barranquilla,4,Industria,historico,652995137.75,1277849.0,651717288.75
2025-10-01,Barranquilla,4,Madera y Papel,historico,59403056.6,21600.0,59381456.6
2025-10-01,Barranquilla,4,Maquinaria y Afines,historico,140432505.5,5872284.0,134560221.5
2025-10-01,Barranquilla,4,Mining,historico,903889925.66,3210300.0,900679625.66
2025-10-01,Barranquilla,4,Persona Natural,historico,2403106.8,0.0,2403106.8
2025-10-01,Barranquilla,4,Quimico,historico,470565508.85,8281095.0,462284413.85
2025-10-01,Barranquilla,4,Servicio de apoyo empresarial,historico,13889133.0,0.0,13889133.0
2025-10-01,Barranquilla,4,Servicios Publicos,historico,229225114.0,960560.0,228264554.0
2025-10-01,Barranquilla,4,"Textiles, Confecciones y Cuero",historico,23526948.5,0.0,23526948.5
2025-10-01,Barranquilla,4,Transporte y Logistica,historico,50936749.2,1018744.0,49918005.2
2025-10-01,Barranquilla,4,Wholesale/Retail,historico,149600.0,0.0,149600.0
2025-10-01,Cartagena,5,0,historico,18888102.45,0.0,18888102.45
2025-10-01,Cartagena,5,Articulos Para el Hogar y la Oficina,historico,1099000.0,475000.0,624000.0
2025-10-01,Cartagena,5,Caucho y Plasticos,historico,3576887.0,0.0,3576887.0
2025-10-01,Cartagena,5,Comercio,historico,368177581.71,5427932.92,362749648.79
2025-10-01,Cartagena,5,Construction,historico,235474750.44,303415.0,235171335.44
2025-10-01,Cartagena,5,Empleados,historico,3064840.84,432247.0,2632593.84
2025-10-01,Cartagena,5,Equipo de Transporte,historico,4804075.0,0.0,4804075.0
2025-10-01,Cartagena,5,Food,historico,163720407.95,5262081.0,158458326.95
2025-10-01,Cartagena,5,Health/Social,historico,43688830.0,2011400.0,41677430.0
2025-10-01,Cartagena,5,Hidrocarburo,historico,384768692.93,277800.0,384490892.93
2025-10-01,Cartagena,5,IT/Communication,historico,7101356.0,0.0,7101356.0
2025-10-01,Cartagena,5,Industria,historico,243951036.1,752510.0,243198526.1
2025-10-01,Cartagena,5,Madera y Papel,historico,115855927.0,122716.0,115733211.0
2025-10-01,Cartagena,5,Maquinaria y Afines,historico,35855069.56,0.0,35855069.56
2025-10-01,Cartagena,5,Mining,historico,172395504.0,3078275.0,169317229.0
2025-10-01,Cartagena,5,Persona Natural,historico,6393189.0,12247.0,6380942.0
2025-10-01,Cartagena,5,Quimico,historico,217652054.68,2487010.0,215165044.68
2025-10-01,Cartagena,5,Servicio de apoyo empresarial,historico,13202602.0,48691.0,13153911.0
2025-10-01,Cartagena,5,Servicios Publicos,historico,187869129.9,14340959.0,173528170.9
2025-10-01,Cartagena,5,"Textiles, Confecciones y Cuero",historico,2687321.8,0.0,2687321.8
2025-10-01,Cartagena,5,Transporte y Logistica,historico,217575140.0,7114280.0,210460860.0
2025-10-01,Cartagena,5,Turistico,historico,1295900.0,0.0,1295900.0
2025-11-01,Medellín,1,0,historico,31110431.63,1445789.33,29664642.3
2025-11-01,Medellín,1,Agricultura,historico,374792604.74,38571684.0,336220920.74
2025-11-01,Medellín,1,Articulos Para el Hogar y la Oficina,historico,40430027.0,0.0,40430027.0
2025-11-01,Medellín,1,Caucho y Plasticos,historico,61344676.2,0.0,61344676.2
2025-11-01,Medellín,1,Comercio,historico,1536909017.68,9526872.0,1527382145.68
2025-11-01,Medellín,1,Construction,historico,538706503.45,10251316.0,528455187.45
2025-11-01,Medellín,1,Education,historico,3468700.0,0.0,3468700.0
2025-11-01,Medellín,1,Empleados,historico,4845914.26,2401331.0,2444583.26
2025-11-01,Medellín,1,Equipo de Transporte,historico,22274488.0,3741870.0,18532618.0
2025-11-01,Medellín,1,Food,historico,906499539.87,26387142.0,880112397.87
2025-11-01,Medellín,1,Health/Social,historico,19407421.0,315248.0,19092173.0
2025-11-01,Medellín,1,Hidrocarburo,historico,341226842.03,7852883.0,333373959.03
2025-11-01,Medellín,1,Households,historico,528220.0,0.0,528220.0
2025-11-01,Medellín,1,IT/Communication,historico,22495585.0,0.0,22495585.0
2025-11-01,Medellín,1,Industria,historico,834887249.14,10651320.379999999,824235928.76
2025-11-01,Medellín,1,Madera y Papel,historico,118997953.37,27000.0,118970953.37
2025-11-01,Medellín,1,Maquinaria y Afines,historico,81341770.27,1568108.0,79773662.27
2025-11-01,Medellín,1,Mining,historico,492297226.9,14081199.92,478216026.98
2025-11-01,Medellín,1,Persona Natural,historico,10452169.43,731950.0,9720219.43
2025-11-01,Medellín,1,Quimico,historico,264206283.94,2101248.0,262105035.94
2025-11-01,Medellín,1,Servicio de apoyo empresarial,historico,33763159.0,4461416.0,29301743.0
2025-11-01,Medellín,1,Servicios Publicos,historico,360938162.62,0.0,360938162.62
2025-11-01,Medellín,1,"Textiles, Confecciones y Cuero",historico,75464963.0,1203656.0,74261307.0
2025-11-01,Medellín,1,Transporte y Logistica,historico,92618136.0,1139270.0,91478866.0
2025-11-01,Medellín,1,Turistico,historico,2686510.0,0.0,2686510.0
2025-11-01,Bogotá,2,0,historico,39701007.0,177291.0,39523716.0
2025-11-01,Bogotá,2,Agricultura,historico,419388839.6,12664600.0,406724239.6
2025-11-01,Bogotá,2,Articulos Para el Hogar y la Oficina,historico,127869437.0,14822259.0,113047178.0
2025-11-01,Bogotá,2,Caucho y Plasticos,historico,71901455.0,6226900.0,65674555.0
2025-11-01,Bogotá,2,Comercio,historico,2490653884.2,9475494.0,2481178390.2
2025-11-01,Bogotá,2,Construction,historico,307414429.94,4961284.5,302453145.44
2025-11-01,Bogotá,2,Education,historico,1207236.0,0.0,1207236.0
2025-11-01,Bogotá,2,Empleados,historico,1218814.6,3992867.54,-2774052.94
2025-11-01,Bogotá,2,Energy supply,historico,692160.0,0.0,692160.0
2025-11-01,Bogotá,2,Equipo de Transporte,historico,317275898.24,7317911.1,309957987.14
2025-11-01,Bogotá,2,Food,historico,1235127257.03,72756884.0,1162370373.03
2025-11-01,Bogotá,2,Health/Social,historico,15366293.0,0.0,15366293.0
2025-11-01,Bogotá,2,Hidrocarburo,historico,665413563.47,54484284.0,610929279.47
2025-11-01,Bogotá,2,Households,historico,1662867.0,0.0,1662867.0
2025-11-01,Bogotá,2,IT/Communication,historico,4892570.0,0.0,4892570.0
2025-11-01,Bogotá,2,Industria,historico,455987210.0,5721837.0,450265373.0
2025-11-01,Bogotá,2,Madera y Papel,historico,133972091.0,1622250.0,132349841.0
2025-11-01,Bogotá,2,Maquinaria y Afines,historico,215510405.4,1501650.0,214008755.4
2025-11-01,Bogotá,2,Mining,historico,873106299.63,44488824.0,828617475.63
2025-11-01,Bogotá,2,Persona Natural,historico,6104975.0,136988.0,5967987.0
2025-11-01,Bogotá,2,Quimico,historico,499480273.0,42604314.0,456875959.0
2025-11-01,Bogotá,2,Servicio de apoyo empresarial,historico,31220994.0,3317140.0,27903854.0
2025-11-01,Bogotá,2,Servicios Publicos,historico,252293628.04,1196000.0,251097628.04
2025-11-01,Bogotá,2,"Textiles, Confecciones y Cuero",historico,40778442.0,581390.0,40197052.0
2025-11-01,Bogotá,2,Transporte y Logistica,historico,172197288.0,27526560.0,144670728.0
2025-11-01,Bogotá,2,Turistico,historico,1000000.0,0.0,1000000.0
2025-11-01,Cali,3,0,historico,14740841.5,68532.0,14672309.5
2025-11-01,Cali,3,Agricultura,historico,49219462.0,54000.0,49165462.0
2025-11-01,Cali,3,Articulos Para el Hogar y la Oficina,historico,4576000.0,0.0,4576000.0
2025-11-01,Cali,3,Caucho y Plasticos,historico,106058699.4,4432467.0,101626232.4
2025-11-01,Cali,3,Comercio,historico,619071188.76,5219091.0,613852097.76
2025-11-01,Cali,3,Construction,historico,38773733.1,132300.0,38641433.1
2025-11-01,Cali,3,Education,historico,323667.0,0.0,323667.0
2025-11-01,Cali,3,Empleados,historico,767107.0,212307.0,554800.0
2025-11-01,Cali,3,Energy supply,historico,217700.0,0.0,217700.0
2025-11-01,Cali,3,Equipo de Transporte,historico,81907074.4,21648.0,81885426.4
2025-11-01,Cali,3,Food,historico,1209612004.32,18527883.689999998,1191084120.63
2025-11-01,Cali,3,Health/Social,historico,67800.0,0.0,67800.0
2025-11-01,Cali,3,Hidrocarburo,historico,13269782.0,0.0,13269782.0
2025-11-01,Cali,3,IT/Communication,historico,7922909.0,0.0,7922909.0
2025-11-01,Cali,3,Industria,historico,246379970.0,10958348.0,235421622.0
2025-11-01,Cali,3,Madera y Papel,historico,61105061.0,577666.0,60527395.0
2025-11-01,Cali,3,Maquinaria y Afines,historico,43526554.0,0.0,43526554.0
2025-11-01,Cali,3,Mining,historico,98737141.0,185040.0,98552101.0
2025-11-01,Cali,3,Persona Natural,historico,25929255.0,0.0,25929255.0
2025-11-01,Cali,3,Quimico,historico,827785239.68,2281500.0,825503739.68
2025-11-01,Cali,3,Servicio de apoyo empresarial,historico,6865489.0,0.0,6865489.0
2025-11-01,Cali,3,Servicios Publicos,historico,215401570.0,2003292.0,213398278.0
2025-11-01,Cali,3,"Textiles, Confecciones y Cuero",historico,14951275.0,262440.0,14688835.0
2025-11-01,Cali,3,Transporte y Logistica,historico,15298081.0,65610.0,15232471.0
2025-11-01,Cali,3,Turistico,historico,1315860.0,0.0,1315860.0
2025-11-01,Barranquilla,4,0,historico,27749437.26,311200.0,27438237.26
2025-11-01,Barranquilla,4,Agricultura,historico,43255500.0,0.0,43255500.0
2025-11-01,Barranquilla,4,Articulos Para el Hogar y la Oficina,historico,16859630.0,0.0,16859630.0
2025-11-01,Barranquilla,4,Caucho y Plasticos,historico,6922088.0,0.0,6922088.0
2025-11-01,Barranquilla,4,Comercio,historico,264163664.2,4010088.0,260153576.2
2025-11-01,Barranquilla,4,Construction,historico,136071816.0,906270.0,135165546.0
2025-11-01,Barranquilla,4,Empleados,historico,47824.0,0.0,47824.0
2025-11-01,Barranquilla,4,Equipo de Transporte,historico,2318238.0,0.0,2318238.0
2025-11-01,Barranquilla,4,Food,historico,305994589.82,3610530.0,302384059.82
2025-11-01,Barranquilla,4,Health/Social,historico,2657850.0,0.0,2657850.0
2025-11-01,Barranquilla,4,Hidrocarburo,historico,42960440.4,0.0,42960440.4
2025-11-01,Barranquilla,4,IT/Communication,historico,1070000.0,0.0,1070000.0
2025-11-01,Barranquilla,4,Industria,historico,940493909.49,2288121.59,938205787.9
2025-11-01,Barranquilla,4,Madera y Papel,historico,25931677.0,145800.0,25785877.0
2025-11-01,Barranquilla,4,Maquinaria y Afines,historico,112879110.5,2560000.0,110319110.5
2025-11-01,Barranquilla,4,Mining,historico,817293137.9300001,0.0,817293137.9300001
2025-11-01,Barranquilla,4,Persona Natural,historico,2458780.0,0.0,2458780.0
2025-11-01,Barranquilla,4,Quimico,historico,208517819.8,4488210.0,204029609.8
2025-11-01,Barranquilla,4,Servicio de apoyo empresarial,historico,6444619.0,0.0,6444619.0
2025-11-01,Barranquilla,4,Servicios Publicos,historico,105341738.0,551802.0,104789936.0
2025-11-01,Barranquilla,4,"Textiles, Confecciones y Cuero",historico,48786122.5,0.0,48786122.5
2025-11-01,Barranquilla,4,Transporte y Logistica,historico,29549388.0,0.0,29549388.0
2025-11-01,Barranquilla,4,Wholesale/Retail,historico,1777500.0,0.0,1777500.0
2025-11-01,Cartagena,5,0,historico,15644763.58,23760.0,15621003.58
2025-11-01,Cartagena,5,Articulos Para el Hogar y la Oficina,historico,3358556.0,0.0,3358556.0
2025-11-01,Cartagena,5,Caucho y Plasticos,historico,969340.0,0.0,969340.0
2025-11-01,Cartagena,5,Comercio,historico,366372221.49,2271295.0,364100926.49
2025-11-01,Cartagena,5,Construction,historico,220861852.2,534660.0,220327192.2
2025-11-01,Cartagena,5,Empleados,historico,297810.0,78062.0,219748.0
2025-11-01,Cartagena,5,Equipo de Transporte,historico,3126271.0,0.0,3126271.0
2025-11-01,Cartagena,5,Food,historico,203824742.36,259000.0,203565742.36
2025-11-01,Cartagena,5,Health/Social,historico,50408060.0,0.0,50408060.0
2025-11-01,Cartagena,5,Hidrocarburo,historico,249358296.67,2086854.0,247271442.67
2025-11-01,Cartagena,5,IT/Communication,historico,6259500.0,0.0,6259500.0
2025-11-01,Cartagena,5,Industria,historico,317073829.0,399770.0,316674059.0
2025-11-01,Cartagena,5,Madera y Papel,historico,81047653.6,335000.0,80712653.6
2025-11-01,Cartagena,5,Maquinaria y Afines,historico,30724260.5,159400.0,30564860.5
2025-11-01,Cartagena,5,Mining,historico,140149045.0,13362345.0,126786700.0
2025-11-01,Cartagena,5,Persona Natural,historico,2441124.0,0.0,2441124.0
2025-11-01,Cartagena,5,Quimico,historico,185115442.0,6427194.0,178688248.0
2025-11-01,Cartagena,5,Servicio de apoyo empresarial,historico,8358187.0,0.0,8358187.0
2025-11-01,Cartagena,5,Servicios Publicos,historico,248907412.0,159600.0,248747812.0
2025-11-01,Cartagena,5,"Textiles, Confecciones y Cuero",historico,873537.1,0.0,873537.1
2025-11-01,Cartagena,5,Transporte y Logistica,historico,124804853.0,472592.0,124332261.0
2025-11-01,Cartagena,5,Wholesale/Retail,historico,50128.75,0.0,50128.75
2025-12-01,Medellín,1,0,historico,47813667.3,0.0,47813667.3
2025-12-01,Medellín,1,Agricultura,historico,555213017.9,18037300.0,537175717.9
2025-12-01,Medellín,1,Articulos Para el Hogar y la Oficina,historico,33314729.0,1195400.0,32119329.0
2025-12-01,Medellín,1,Caucho y Plasticos,historico,71087496.88,162720.0,70924776.88
2025-12-01,Medellín,1,Comercio,historico,1649246258.42,53959768.0,1595286490.42
2025-12-01,Medellín,1,Construction,historico,391387769.32,19739760.0,371648009.32
2025-12-01,Medellín,1,Education,historico,16182300.0,0.0,16182300.0
2025-12-01,Medellín,1,Empleados,historico,30222028.5,10668952.0,19553076.5
2025-12-01,Medellín,1,Energy supply,historico,50727.6,0.0,50727.6
2025-12-01,Medellín,1,Equipo de Transporte,historico,15034766.0,0.0,15034766.0
2025-12-01,Medellín,1,Food,historico,1407332716.78,38670613.0,1368662103.78
2025-12-01,Medellín,1,Health/Social,historico,16104999.42,6127700.0,9977299.42
2025-12-01,Medellín,1,Hidrocarburo,historico,422580902.42,2246700.0,420334202.42
2025-12-01,Medellín,1,Households,historico,673020.0,0.0,673020.0
2025-12-01,Medellín,1,IT/Communication,historico,2538000.0,97500.0,2440500.0
2025-12-01,Medellín,1,Industria,historico,831052396.37,187832197.0,643220199.37
2025-12-01,Medellín,1,Madera y Papel,historico,139016581.0,22760603.0,116255978.0
2025-12-01,Medellín,1,Maquinaria y Afines,historico,169298061.32,1152710.0,168145351.32
2025-12-01,Medellín,1,Mining,historico,624614405.9,3758171.0,620856234.9
2025-12-01,Medellín,1,Persona Natural,historico,18641724.48,0.0,18641724.48
2025-12-01,Medellín,1,Public Administration,historico,139850.0,0.0,139850.0
2025-12-01,Medellín,1,Quimico,historico,278524181.5,56593916.0,221930265.5
2025-12-01,Medellín,1,Servicio de apoyo empresarial,historico,20414882.0,6421230.0,13993652.0
2025-12-01,Medellín,1,Servicios Publicos,historico,1006354951.5,67800.0,1006287151.5
2025-12-01,Medellín,1,"Textiles, Confecciones y Cuero",historico,42430342.8,1926935.0,40503407.8
2025-12-01,Medellín,1,Transporte y Logistica,historico,216928461.0,205986.0,216722475.0
2025-12-01,Medellín,1,Turistico,historico,584160.0,0.0,584160.0
2025-12-01,Bogotá,2,0,historico,41266900.5,1105044.5,40161856.0
2025-12-01,Bogotá,2,Agricultura,historico,464173223.8,15558234.0,448614989.8
2025-12-01,Bogotá,2,Articulos Para el Hogar y la Oficina,historico,140199651.0,17338866.0,122860785.0
2025-12-01,Bogotá,2,Caucho y Plasticos,historico,30989405.0,0.0,30989405.0
2025-12-01,Bogotá,2,Comercio,historico,2576299241.09,149025897.24,2427273343.85
2025-12-01,Bogotá,2,Construction,historico,206435728.4,4156270.0,202279458.4
2025-12-01,Bogotá,2,Education,historico,13238607.0,0.0,13238607.0
2025-12-01,Bogotá,2,Empleados,historico,16139329.5,3681011.5,12458318.0
2025-12-01,Bogotá,2,Energy supply,historico,5113352.0,1965200.0,3148152.0
2025-12-01,Bogotá,2,Equipo de Transporte,historico,318339919.2,7281506.0,311058413.2
2025-12-01,Bogotá,2,Finance/Insurance,historico,453200.0,0.0,453200.0
2025-12-01,Bogotá,2,Food,historico,1303929022.65,74796108.9,1229132913.75
2025-12-01,Bogotá,2,Health/Social,historico,9461099.0,0.0,9461099.0
2025-12-01,Bogotá,2,Hidrocarburo,historico,649874509.7,46834729.0,603039780.7
2025-12-01,Bogotá,2,Households,historico,2496960.0,0.0,2496960.0
2025-12-01,Bogotá,2,IT/Communication,historico,7391575.0,167850.0,7223725.0
2025-12-01,Bogotá,2,Industria,historico,542800625.0,15866373.0,526934252.0
2025-12-01,Bogotá,2,Madera y Papel,historico,132627133.0,177000.0,132450133.0
2025-12-01,Bogotá,2,Maquinaria y Afines,historico,397858281.02,1395480.0,396462801.02
2025-12-01,Bogotá,2,Mining,historico,821627274.8,37843819.0,783783455.8
2025-12-01,Bogotá,2,Persona Natural,historico,9550303.0,134664.0,9415639.0
2025-12-01,Bogotá,2,Quimico,historico,573829255.0,14141836.0,559687419.0
2025-12-01,Bogotá,2,Servicio de apoyo empresarial,historico,26900482.0,0.0,26900482.0
2025-12-01,Bogotá,2,Servicios Publicos,historico,68994881.72,757080.0,68237801.72
2025-12-01,Bogotá,2,"Textiles, Confecciones y Cuero",historico,42597050.0,2179452.0,40417598.0
2025-12-01,Bogotá,2,Transporte y Logistica,historico,114215382.0,340850.0,113874532.0
2025-12-01,Bogotá,2,Turistico,historico,237000.0,0.0,237000.0
2025-12-01,Cali,3,0,historico,20050297.0,139710.0,19910587.0
2025-12-01,Cali,3,Agricultura,historico,26127425.0,2781940.0,23345485.0
2025-12-01,Cali,3,Agroindustria,historico,153315.0,0.0,153315.0
2025-12-01,Cali,3,Articulos Para el Hogar y la Oficina,historico,22676436.0,0.0,22676436.0
2025-12-01,Cali,3,Caucho y Plasticos,historico,60431215.0,0.0,60431215.0
2025-12-01,Cali,3,Comercio,historico,1085988554.09,19636402.97,1066352151.12
2025-12-01,Cali,3,Construction,historico,12803420.5,1717806.0,11085614.5
2025-12-01,Cali,3,Empleados,historico,13426021.0,4809798.0,8616223.0
2025-12-01,Cali,3,Energy supply,historico,248000.0,0.0,248000.0
2025-12-01,Cali,3,Equipo de Transporte,historico,192415813.4,75761485.4,116654328.0
2025-12-01,Cali,3,Food,historico,958235208.21,33271171.14,924964037.07
2025-12-01,Cali,3,Health/Social,historico,34600.0,0.0,34600.0
2025-12-01,Cali,3,Hidrocarburo,historico,36800064.8,1846800.0,34953264.8
2025-12-01,Cali,3,IT/Communication,historico,34458438.0,0.0,34458438.0
2025-12-01,Cali,3,Industria,historico,138689147.96,414716.0,138274431.96
2025-12-01,Cali,3,Instituciones,historico,283950.0,0.0,283950.0
2025-12-01,Cali,3,Madera y Papel,historico,88590385.0,0.0,88590385.0
2025-12-01,Cali,3,Maquinaria y Afines,historico,50118012.61,753018.0,49364994.61
2025-12-01,Cali,3,Mining,historico,96429913.0,3659550.0,92770363.0
2025-12-01,Cali,3,Persona Natural,historico,15075436.0,0.0,15075436.0
2025-12-01,Cali,3,Quimico,historico,348076967.0,8363475.0,339713492.0
2025-12-01,Cali,3,Servicio de apoyo empresarial,historico,1541200.0,0.0,1541200.0
2025-12-01,Cali,3,Servicios Publicos,historico,42487393.0,134664.0,42352729.0
2025-12-01,Cali,3,"Textiles, Confecciones y Cuero",historico,24256760.0,136080.0,24120680.0
2025-12-01,Cali,3,Transporte y Logistica,historico,29785843.0,0.0,29785843.0
2025-12-01,Cali,3,Turistico,historico,723000.0,0.0,723000.0
2025-12-01,Barranquilla,4,0,historico,32638527.15,219600.0,32418927.15
2025-12-01,Barranquilla,4,Agricultura,historico,13383972.0,55400.0,13328572.0
2025-12-01,Barranquilla,4,Articulos Para el Hogar y la Oficina,historico,10968527.0,0.0,10968527.0
2025-12-01,Barranquilla,4,Caucho y Plasticos,historico,6728847.0,0.0,6728847.0
2025-12-01,Barranquilla,4,Comercio,historico,338914319.66,702096.0,338212223.66
2025-12-01,Barranquilla,4,Construction,historico,84752228.49,2749704.0,82002524.49
2025-12-01,Barranquilla,4,Empleados,historico,15836025.84,43999.0,15792026.84
2025-12-01,Barranquilla,4,Equipo de Transporte,historico,2874000.0,0.0,2874000.0
2025-12-01,Barranquilla,4,Food,historico,300977261.32,13496608.0,287480653.32
2025-12-01,Barranquilla,4,Health/Social,historico,16720665.0,0.0,16720665.0
2025-12-01,Barranquilla,4,Hidrocarburo,historico,33762918.62,3055160.0,30707758.62
2025-12-01,Barranquilla,4,Industria,historico,860618230.0,7471980.0,853146250.0
2025-12-01,Barranquilla,4,Madera y Papel,historico,40669305.0,0.0,40669305.0
2025-12-01,Barranquilla,4,Maquinaria y Afines,historico,72736078.0,6024454.0,66711624.0
2025-12-01,Barranquilla,4,Mining,historico,380337640.81,56157134.0,324180506.81
2025-12-01,Barranquilla,4,Persona Natural,historico,3025365.83,158250.0,2867115.83
2025-12-01,Barranquilla,4,Quimico,historico,243615880.0,4846435.0,238769445.0
2025-12-01,Barranquilla,4,Servicio de apoyo empresarial,historico,13967912.0,0.0,13967912.0
2025-12-01,Barranquilla,4,Servicios Publicos,historico,68662071.0,38088220.0,30573851.0
2025-12-01,Barranquilla,4,"Textiles, Confecciones y Cuero",historico,23215191.0,896034.0,22319157.0
2025-12-01,Barranquilla,4,Transporte y Logistica,historico,54667225.0,1874250.0,52792975.0
2025-12-01,Barranquilla,4,Turistico,historico,455700.0,308700.0,147000.0
2025-12-01,Cartagena,5,0,historico,15721883.26,117435.0,15604448.26
2025-12-01,Cartagena,5,Articulos Para el Hogar y la Oficina,historico,3012481.0,0.0,3012481.0
2025-12-01,Cartagena,5,Caucho y Plasticos,historico,1084966.0,0.0,1084966.0
2025-12-01,Cartagena,5,Comercio,historico,424614991.79,13550652.0,411064339.79
2025-12-01,Cartagena,5,Construction,historico,216875959.08,3168210.0,213707749.08
2025-12-01,Cartagena,5,Empleados,historico,7501485.0,5052771.0,2448714.0
2025-12-01,Cartagena,5,Equipo de Transporte,historico,11601380.0,0.0,11601380.0
2025-12-01,Cartagena,5,Food,historico,132473672.89,9587958.0,122885714.89
2025-12-01,Cartagena,5,Health/Social,historico,24144328.0,0.0,24144328.0
2025-12-01,Cartagena,5,Hidrocarburo,historico,271980909.81,9657048.0,262323861.81
2025-12-01,Cartagena,5,Industria,historico,304159274.0,7257650.0,296901624.0
2025-12-01,Cartagena,5,Madera y Papel,historico,234977485.34,2480000.0,232497485.34
2025-12-01,Cartagena,5,Maquinaria y Afines,historico,12538957.07,640916.0,11898041.07
2025-12-01,Cartagena,5,Mining,historico,110326296.0,1231482.0,109094814.0
2025-12-01,Cartagena,5,Persona Natural,historico,4014923.3,0.0,4014923.3
2025-12-01,Cartagena,5,Quimico,historico,240690113.67,6412150.0,234277963.67
2025-12-01,Cartagena,5,Servicio de apoyo empresarial,historico,14756974.0,505425.0,14251549.0
2025-12-01,Cartagena,5,Servicios Publicos,historico,163031913.0,10710000.0,152321913.0
2025-12-01,Cartagena,5,"Textiles, Confecciones y Cuero",historico,4983368.0,0.0,4983368.0
2025-12-01,Cartagena,5,Transporte y Logistica,historico,205966011.1,19859428.0,186106583.1
2026-01-01,Medellín,1,0,historico,49714180.4,216400.0,49497780.4
2026-01-01,Medellín,1,Agricultura,historico,271182801.28,6848852.28,264333949.0
2026-01-01,Medellín,1,Articulos Para el Hogar y la Oficina,historico,26129085.0,72900.0,26056185.0
2026-01-01,Medellín,1,Caucho y Plasticos,historico,58227638.15,803680.0,57423958.15
2026-01-01,Medellín,1,Comercio,historico,1846684687.65,26527487.0,1820157200.65
2026-01-01,Medellín,1,Construction,historico,419382753.94,19346491.0,400036262.94
2026-01-01,Medellín,1,Empleados,historico,10082394.0,4094953.0,5987441.0
2026-01-01,Medellín,1,Equipo de Transporte,historico,9110610.0,0.0,9110610.0
2026-01-01,Medellín,1,Food,historico,794824997.77,26676032.94,768148964.83
2026-01-01,Medellín,1,Health/Social,historico,37775046.0,466312.0,37308734.0
2026-01-01,Medellín,1,Hidrocarburo,historico,250766578.24,356040.0,250410538.24
2026-01-01,Medellín,1,IT/Communication,historico,3097385.0,0.0,3097385.0
2026-01-01,Medellín,1,Industria,historico,524239909.7,27824066.8,496415842.9
2026-01-01,Medellín,1,Madera y Papel,historico,108127346.0,4346015.0,103781331.0
2026-01-01,Medellín,1,Maquinaria y Afines,historico,58770517.13,945548.83,57824968.3
2026-01-01,Medellín,1,Mining,historico,712046047.56,3056038.0,708990009.56
2026-01-01,Medellín,1,Persona Natural,historico,14959224.5,275520.0,14683704.5
2026-01-01,Medellín,1,Public Administration,historico,112530.0,0.0,112530.0
2026-01-01,Medellín,1,Quimico,historico,276840520.21,431750.0,276408770.21
2026-01-01,Medellín,1,Real Estate,historico,14250000.0,0.0,14250000.0
2026-01-01,Medellín,1,Servicio de apoyo empresarial,historico,35767323.0,133500.0,35633823.0
2026-01-01,Medellín,1,Servicios Publicos,historico,67603579.0,0.0,67603579.0
2026-01-01,Medellín,1,"Textiles, Confecciones y Cuero",historico,66738571.0,2628240.0,64110331.0
2026-01-01,Medellín,1,Transporte y Logistica,historico,91905769.0,11017172.0,80888597.0
2026-01-01,Medellín,1,Turistico,historico,3250260.0,0.0,3250260.0
2026-01-01,Bogotá,2,0,historico,29496559.0,0.0,29496559.0
2026-01-01,Bogotá,2,Agricultura,historico,432413862.0,707794.0,431706068.0
2026-01-01,Bogotá,2,Articulos Para el Hogar y la Oficina,historico,99269502.0,90100.0,99179402.0
2026-01-01,Bogotá,2,Caucho y Plasticos,historico,25401303.0,0.0,25401303.0
2026-01-01,Bogotá,2,Comercio,historico,1927224264.64,30558612.0,1896665652.64
2026-01-01,Bogotá,2,Construction,historico,136986308.32999998,1081796.0,135904512.32999998
2026-01-01,Bogotá,2,Empleados,historico,10365118.0,11530873.0,-1165755.0
2026-01-01,Bogotá,2,Energy supply,historico,1023210.0,0.0,1023210.0
2026-01-01,Bogotá,2,Equipo de Transporte,historico,253525195.0,6752473.0,246772722.0
2026-01-01,Bogotá,2,Food,historico,924039901.32,1743898.0,922296003.32
2026-01-01,Bogotá,2,Health/Social,historico,13835287.0,0.0,13835287.0
2026-01-01,Bogotá,2,Hidrocarburo,historico,484962512.0,26140987.0,458821525.0
2026-01-01,Bogotá,2,IT/Communication,historico,21242371.0,0.0,21242371.0
2026-01-01,Bogotá,2,Industria,historico,355401891.84,13961033.0,341440858.84
2026-01-01,Bogotá,2,Madera y Papel,historico,62076705.0,134670.0,61942035.0
2026-01-01,Bogotá,2,Maquinaria y Afines,historico,146571330.34,2029906.0,144541424.34
2026-01-01,Bogotá,2,Mining,historico,569975730.19,11086876.0,558888854.19
2026-01-01,Bogotá,2,Persona Natural,historico,10205093.0,0.0,10205093.0
2026-01-01,Bogotá,2,Quimico,historico,425972856.0,10813931.0,415158925.0
2026-01-01,Bogotá,2,Servicio de apoyo empresarial,historico,39959981.0,654400.0,39305581.0
2026-01-01,Bogotá,2,Servicios Publicos,historico,41250735.0,887590.0,40363145.0
2026-01-01,Bogotá,2,"Textiles, Confecciones y Cuero",historico,9670167.0,0.0,9670167.0
2026-01-01,Bogotá,2,Transporte y Logistica,historico,172775058.0,45408.0,172729650.0
2026-01-01,Bogotá,2,Turistico,historico,1205500.0,0.0,1205500.0
2026-01-01,Cali,3,0,historico,22801100.0,125020.0,22676080.0
2026-01-01,Cali,3,Agricultura,historico,18187641.0,0.0,18187641.0
2026-01-01,Cali,3,Articulos Para el Hogar y la Oficina,historico,12908172.0,0.0,12908172.0
2026-01-01,Cali,3,Caucho y Plasticos,historico,95484536.0,4712000.0,90772536.0
2026-01-01,Cali,3,Comercio,historico,589424896.97,12028847.0,577396049.97
2026-01-01,Cali,3,Construction,historico,22396995.0,588240.0,21808755.0
2026-01-01,Cali,3,Education,historico,1677394.0,0.0,1677394.0
2026-01-01,Cali,3,Empleados,historico,3823292.0,7502859.0,-3679567.0
2026-01-01,Cali,3,Equipo de Transporte,historico,124578416.0,0.0,124578416.0
2026-01-01,Cali,3,Food,historico,842061871.24,6900676.0,835161195.24
2026-01-01,Cali,3,Hidrocarburo,historico,16875421.0,0.0,16875421.0
2026-01-01,Cali,3,IT/Communication,historico,3377342.0,151578.0,3225764.0
2026-01-01,Cali,3,Industria,historico,182222390.45,4347349.0,177875041.45
2026-01-01,Cali,3,Madera y Papel,historico,75199839.0,1695780.0,73504059.0
2026-01-01,Cali,3,Maquinaria y Afines,historico,37192214.0,0.0,37192214.0
2026-01-01,Cali,3,Mining,historico,71403641.0,0.0,71403641.0
2026-01-01,Cali,3,Persona Natural,historico,10286186.0,0.0,10286186.0
2026-01-01,Cali,3,Quimico,historico,236029630.98,3876030.0,232153600.98
2026-01-01,Cali,3,Servicio de apoyo empresarial,historico,2298922.0,0.0,2298922.0
2026-01-01,Cali,3,Servicios Publicos,historico,9896032.0,236000.0,9660032.0
2026-01-01,Cali,3,"Textiles, Confecciones y Cuero",historico,12106025.0,205300.0,11900725.0
2026-01-01,Cali,3,Transporte y Logistica,historico,7358083.0,0.0,7358083.0
2026-01-01,Barranquilla,4,0,historico,44843626.9,43200.0,44800426.9
2026-01-01,Barranquilla,4,Agricultura,historico,55020304.0,0.0,55020304.0
2026-01-01,Barranquilla,4,Articulos Para el Hogar y la Oficina,historico,14736784.0,0.0,14736784.0
2026-01-01,Barranquilla,4,Caucho y Plasticos,historico,5768400.0,0.0,5768400.0
2026-01-01,Barranquilla,4,Comercio,historico,283916696.65,134664.0,283782032.65
2026-01-01,Barranquilla,4,Construction,historico,71466782.5,53550.0,71413232.5
2026-01-01,Barranquilla,4,Empleados,historico,304659.0,6631919.42,-6327260.42
2026-01-01,Barranquilla,4,Equipo de Transporte,historico,589700.0,0.0,589700.0
2026-01-01,Barranquilla,4,Food,historico,273053404.7,2743246.0,270310158.7
2026-01-01,Barranquilla,4,Health/Social,historico,6591610.0,0.0,6591610.0
2026-01-01,Barranquilla,4,Hidrocarburo,historico,12366086.0,0.0,12366086.0
2026-01-01,Barranquilla,4,IT/Communication,historico,140589.0,0.0,140589.0
2026-01-01,Barranquilla,4,Industria,historico,582479910.0,4339288.0,578140622.0
2026-01-01,Barranquilla,4,Madera y Papel,historico,28066497.0,710579.0,27355918.0
2026-01-01,Barranquilla,4,Maquinaria y Afines,historico,79057527.0,1800289.2,77257237.8
2026-01-01,Barranquilla,4,Mining,historico,1066880817.58,5682000.0,1061198817.58
2026-01-01,Barranquilla,4,Persona Natural,historico,1524290.0,0.0,1524290.0
2026-01-01,Barranquilla,4,Quimico,historico,191757220.5,12910440.0,178846780.5
2026-01-01,Barranquilla,4,Servicio de apoyo empresarial,historico,8374112.0,0.0,8374112.0
2026-01-01,Barranquilla,4,Servicios Publicos,historico,46198994.0,4296740.0,41902254.0
2026-01-01,Barranquilla,4,"Textiles, Confecciones y Cuero",historico,19827375.2,0.0,19827375.2
2026-01-01,Barranquilla,4,Transporte y Logistica,historico,36115985.0,0.0,36115985.0
2026-01-01,Barranquilla,4,Turistico,historico,522000.0,0.0,522000.0
2026-01-01,Cartagena,5,0,historico,15344884.25,175000.0,15169884.25
2026-01-01,Cartagena,5,Agricultura,historico,1285152.0,0.0,1285152.0
2026-01-01,Cartagena,5,Articulos Para el Hogar y la Oficina,historico,43102143.0,7707275.0,35394868.0
2026-01-01,Cartagena,5,Caucho y Plasticos,historico,996420.1799999999,0.0,996420.1799999999
2026-01-01,Cartagena,5,Comercio,historico,381613857.3,7668303.0,373945554.3
2026-01-01,Cartagena,5,Construction,historico,188395013.68,1832608.0,186562405.68
2026-01-01,Cartagena,5,Empleados,historico,41374965.0,4807078.0,36567887.0
2026-01-01,Cartagena,5,Equipo de Transporte,historico,5280400.0,0.0,5280400.0
2026-01-01,Cartagena,5,Food,historico,217285527.79,3968400.0,213317127.79
2026-01-01,Cartagena,5,Health/Social,historico,58465760.0,0.0,58465760.0
2026-01-01,Cartagena,5,Hidrocarburo,historico,353473988.5,97718278.0,255755710.5
2026-01-01,Cartagena,5,Industria,historico,392382772.0,734200.0,391648572.0
2026-01-01,Cartagena,5,Madera y Papel,historico,80518117.0,0.0,80518117.0
2026-01-01,Cartagena,5,Maquinaria y Afines,historico,28780010.57,74640.0,28705370.57
2026-01-01,Cartagena,5,Mining,historico,188910643.68,560000.0,188350643.68
2026-01-01,Cartagena,5,Persona Natural,historico,42073103.75,0.0,42073103.75
2026-01-01,Cartagena,5,Quimico,historico,257647886.76,4038812.0,253609074.76
2026-01-01,Cartagena,5,Real Estate,historico,17000.0,0.0,17000.0
2026-01-01,Cartagena,5,Servicio de apoyo empresarial,historico,57477576.0,0.0,57477576.0
2026-01-01,Cartagena,5,Servicios Publicos,historico,156103039.0,16637609.0,139465430.0
2026-01-01,Cartagena,5,"Textiles, Confecciones y Cuero",historico,3654011.6,499137.1,3154874.5
2026-01-01,Cartagena,5,Transporte y Logistica,historico,224492710.0,8484426.0,216008284.0
2026-01-01,Cartagena,5,Turistico,historico,312300.0,0.0,312300.0
2026-02-01,Medellín,1,0,historico,45816755.94,1150652.5,44666103.44
2026-02-01,Medellín,1,Agricultura,historico,324722104.2,4104606.0,320617498.2
2026-02-01,Medellín,1,Agroindustria,historico,282000.0,0.0,282000.0
2026-02-01,Medellín,1,Articulos Para el Hogar y la Oficina,historico,15061839.0,0.0,15061839.0
2026-02-01,Medellín,1,Caucho y Plasticos,historico,59922501.0,2256000.0,57666501.0
2026-02-01,Medellín,1,Comercio,historico,1774298373.5,23454798.0,1750843575.5
2026-02-01,Medellín,1,Construction,historico,436164170.0,29745539.0,406418631.0
2026-02-01,Medellín,1,Education,historico,793000.0,0.0,793000.0
2026-02-01,Medellín,1,Empleados,historico,14670636.68,4478790.0,10191846.68
2026-02-01,Medellín,1,Energy supply,historico,5168000.0,2584000.0,2584000.0
2026-02-01,Medellín,1,Equipo de Transporte,historico,7893456.0,0.0,7893456.0
2026-02-01,Medellín,1,Food,historico,919867898.14,34408282.31,885459615.83
2026-02-01,Medellín,1,Health/Social,historico,8478997.0,168000.0,8310997.0
2026-02-01,Medellín,1,Hidrocarburo,historico,179811328.22,9745600.0,170065728.22
2026-02-01,Medellín,1,IT/Communication,historico,3738938.0,0.0,3738938.0
2026-02-01,Medellín,1,Industria,historico,752845701.0,13652625.0,739193076.0
2026-02-01,Medellín,1,Madera y Papel,historico,179803863.0,5204529.0,174599334.0
2026-02-01,Medellín,1,Maquinaria y Afines,historico,133622033.74,278972.0,133343061.74
2026-02-01,Medellín,1,Mining,historico,426510197.0,21476350.0,405033847.0
2026-02-01,Medellín,1,Persona Natural,historico,18795209.15,339300.0,18455909.15
2026-02-01,Medellín,1,Public Administration,historico,197808.0,0.0,197808.0
2026-02-01,Medellín,1,Quimico,historico,297569521.5,13726688.0,283842833.5
2026-02-01,Medellín,1,Servicio de apoyo empresarial,historico,91581667.0,39600.0,91542067.0
2026-02-01,Medellín,1,Servicios Publicos,historico,566570359.0,2808620.0,563761739.0
2026-02-01,Medellín,1,"Textiles, Confecciones y Cuero",historico,60730994.0,2510526.0,58220468.0
2026-02-01,Medellín,1,Transporte y Logistica,historico,87726742.0,9223900.0,78502842.0
2026-02-01,Medellín,1,Turistico,historico,7015836.0,0.0,7015836.0
2026-02-01,Bogotá,2,0,historico,43074604.0,4911500.0,38163104.0
2026-02-01,Bogotá,2,Agricultura,historico,424063193.0,4161591.0,419901602.0
2026-02-01,Bogotá,2,Articulos Para el Hogar y la Oficina,historico,80978254.0,90100.0,80888154.0
2026-02-01,Bogotá,2,Caucho y Plasticos,historico,20353155.0,0.0,20353155.0
2026-02-01,Bogotá,2,Comercio,historico,2472505347.58,25216968.0,2447288379.58
2026-02-01,Bogotá,2,Construction,historico,142379097.06,144800.0,142234297.06
2026-02-01,Bogotá,2,Education,historico,8868886.0,0.0,8868886.0
2026-02-01,Bogotá,2,Empleados,historico,1150906.4,3679126.0,-2528219.6
2026-02-01,Bogotá,2,Energy supply,historico,23695939.0,0.0,23695939.0
2026-02-01,Bogotá,2,Equipo de Transporte,historico,291164589.08,1398856.0,289765733.08
2026-02-01,Bogotá,2,Food,historico,1148548106.33,26315870.58,1122232235.75
2026-02-01,Bogotá,2,Health/Social,historico,38086055.0,29079981.0,9006074.0
2026-02-01,Bogotá,2,Hidrocarburo,historico,698797568.0,30088832.0,668708736.0
2026-02-01,Bogotá,2,IT/Communication,historico,40061300.0,148770.0,39912530.0
2026-02-01,Bogotá,2,Industria,historico,495135846.97,3317819.0,491818027.97
2026-02-01,Bogotá,2,Madera y Papel,historico,106368479.0,1712725.0,104655754.0
2026-02-01,Bogotá,2,Maquinaria y Afines,historico,152956290.0,1323862.0,151632428.0
2026-02-01,Bogotá,2,Mining,historico,747075873.4,34671249.0,712404624.4
2026-02-01,Bogotá,2,Persona Natural,historico,10203457.0,2602680.0,7600777.0
2026-02-01,Bogotá,2,Quimico,historico,551685224.0,4344160.0,547341064.0
2026-02-01,Bogotá,2,Servicio de apoyo empresarial,historico,42073253.0,538800.0,41534453.0
2026-02-01,Bogotá,2,Servicios Publicos,historico,51347802.03,0.0,51347802.03
2026-02-01,Bogotá,2,"Textiles, Confecciones y Cuero",historico,53618723.0,574880.0,53043843.0
2026-02-01,Bogotá,2,Transporte y Logistica,historico,223417575.0,132640.0,223284935.0
2026-02-01,Bogotá,2,Turistico,historico,2705500.0,0.0,2705500.0
2026-02-01,Cali,3,0,historico,22545719.0,0.0,22545719.0
2026-02-01,Cali,3,Agricultura,historico,10370919.0,165125.0,10205794.0
2026-02-01,Cali,3,Articulos Para el Hogar y la Oficina,historico,19042134.0,370800.0,18671334.0
2026-02-01,Cali,3,Caucho y Plasticos,historico,51833565.0,11943900.0,39889665.0
2026-02-01,Cali,3,Comercio,historico,752527661.41,10961934.0,741565727.41
2026-02-01,Cali,3,Construction,historico,35742378.0,5435126.0,30307252.0
2026-02-01,Cali,3,Education,historico,70410.0,0.0,70410.0
2026-02-01,Cali,3,Empleados,historico,1201712.57,2433595.0,-1231882.43
2026-02-01,Cali,3,Equipo de Transporte,historico,119292204.0,521900.0,118770304.0
2026-02-01,Cali,3,Food,historico,995860472.11,32660005.0,963200467.11
2026-02-01,Cali,3,Health/Social,historico,297000.0,0.0,297000.0
2026-02-01,Cali,3,Hidrocarburo,historico,45862246.0,11232800.0,34629446.0
2026-02-01,Cali,3,Households,historico,331922.0,0.0,331922.0
2026-02-01,Cali,3,IT/Communication,historico,5966680.0,0.0,5966680.0
2026-02-01,Cali,3,Industria,historico,163319072.0,3954017.0,159365055.0
2026-02-01,Cali,3,Instituciones,historico,91547.0,0.0,91547.0
2026-02-01,Cali,3,Madera y Papel,historico,102701453.9,179100.0,102522353.9
2026-02-01,Cali,3,Maquinaria y Afines,historico,44048120.0,34020.0,44014100.0
2026-02-01,Cali,3,Mining,historico,100206769.0,0.0,100206769.0
2026-02-01,Cali,3,Persona Natural,historico,17853745.5,0.0,17853745.5
2026-02-01,Cali,3,Quimico,historico,368921613.0,4453650.0,364467963.0
2026-02-01,Cali,3,Real Estate,historico,59220.0,0.0,59220.0
2026-02-01,Cali,3,Servicio de apoyo empresarial,historico,7864991.0,0.0,7864991.0
2026-02-01,Cali,3,Servicios Publicos,historico,6589538.0,0.0,6589538.0
2026-02-01,Cali,3,"Textiles, Confecciones y Cuero",historico,37675863.0,0.0,37675863.0
2026-02-01,Cali,3,Transporte y Logistica,historico,24381586.0,1160000.0,23221586.0
2026-02-01,Cali,3,Turistico,historico,162720.0,0.0,162720.0
2026-02-01,Barranquilla,4,0,historico,22986314.0,0.0,22986314.0
2026-02-01,Barranquilla,4,Agricultura,historico,53384270.0,0.0,53384270.0
2026-02-01,Barranquilla,4,Agroindustria,historico,47400.0,0.0,47400.0
2026-02-01,Barranquilla,4,Articulos Para el Hogar y la Oficina,historico,21030575.0,0.0,21030575.0
2026-02-01,Barranquilla,4,Caucho y Plasticos,historico,73309053.0,261000.0,73048053.0
2026-02-01,Barranquilla,4,Comercio,historico,390295117.0,3164738.0,387130379.0
2026-02-01,Barranquilla,4,Construction,historico,169121334.0,14704595.0,154416739.0
2026-02-01,Barranquilla,4,Empleados,historico,1626222.92,3459277.42,-1833054.5
2026-02-01,Barranquilla,4,Equipo de Transporte,historico,13298115.14,405850.61,12892264.53
2026-02-01,Barranquilla,4,Food,historico,273409453.0,7263805.0,266145648.0
2026-02-01,Barranquilla,4,Health/Social,historico,3168300.0,0.0,3168300.0
2026-02-01,Barranquilla,4,Hidrocarburo,historico,68576295.0,719820.0,67856475.0
2026-02-01,Barranquilla,4,Industria,historico,457211815.1,15955795.0,441256020.1
2026-02-01,Barranquilla,4,Madera y Papel,historico,30209541.6,0.0,30209541.6
2026-02-01,Barranquilla,4,Maquinaria y Afines,historico,77450566.0,1710360.0,75740206.0
2026-02-01,Barranquilla,4,Mining,historico,822892395.15,0.0,822892395.15
2026-02-01,Barranquilla,4,Persona Natural,historico,1112145.2,0.0,1112145.2
2026-02-01,Barranquilla,4,Quimico,historico,159585170.2,469800.0,159115370.2
2026-02-01,Barranquilla,4,Real Estate,historico,141175.0,0.0,141175.0
2026-02-01,Barranquilla,4,Servicio de apoyo empresarial,historico,5586431.0,136750.0,5449681.0
2026-02-01,Barranquilla,4,Servicios Publicos,historico,26781500.0,0.0,26781500.0
2026-02-01,Barranquilla,4,"Textiles, Confecciones y Cuero",historico,55893215.0,0.0,55893215.0
2026-02-01,Barranquilla,4,Transporte y Logistica,historico,41850443.08,724310.0,41126133.08
2026-02-01,Cartagena,5,0,historico,11814935.64,0.0,11814935.64
2026-02-01,Cartagena,5,Articulos Para el Hogar y la Oficina,historico,260000.0,22120400.0,-21860400.0
2026-02-01,Cartagena,5,Caucho y Plasticos,historico,586605.12,0.0,586605.12
2026-02-01,Cartagena,5,Comercio,historico,379269036.8,16532323.0,362736713.8
2026-02-01,Cartagena,5,Construction,historico,174444778.46,2384850.0,172059928.46
2026-02-01,Cartagena,5,Empleados,historico,2272781.5,529120.0,1743661.5
2026-02-01,Cartagena,5,Equipo de Transporte,historico,6558055.0,72900.0,6485155.0
2026-02-01,Cartagena,5,Food,historico,318498986.5,23538993.0,294959993.5
2026-02-01,Cartagena,5,Health/Social,historico,10839923.0,0.0,10839923.0
2026-02-01,Cartagena,5,Hidrocarburo,historico,214981920.0,3275900.0,211706020.0
2026-02-01,Cartagena,5,Industria,historico,481445895.5,4240520.0,477205375.5
2026-02-01,Cartagena,5,Madera y Papel,historico,104360724.0,0.0,104360724.0
2026-02-01,Cartagena,5,Maquinaria y Afines,historico,53792556.57,213500.0,53579056.57
2026-02-01,Cartagena,5,Mining,historico,127880223.3,0.0,127880223.3
2026-02-01,Cartagena,5,Persona Natural,historico,7567620.0,145000.0,7422620.0
2026-02-01,Cartagena,5,Quimico,historico,219266884.0,7984109.0,211282775.0
2026-02-01,Cartagena,5,Real Estate,historico,18530.0,0.0,18530.0
2026-02-01,Cartagena,5,Servicio de apoyo empresarial,historico,9578984.0,215866.0,9363118.0
2026-02-01,Cartagena,5,Servicios Publicos,historico,490549918.0,483900.0,490066018.0
2026-02-01,Cartagena,5,"Textiles, Confecciones y Cuero",historico,155000.0,0.0,155000.0
2026-02-01,Cartagena,5,Transporte y Logistica,historico,171117042.0,886350.0,170230692.0
2026-02-01,Cartagena,5,Turistico,historico,1241710.0,0.0,1241710.0
2026-02-01,Cartagena,5,Wholesale/Retail,historico,117950.0,0.0,117950.0
2026-03-01,Medellín,1,0,historico,22858313.0,1792824.0,21065489.0
2026-03-01,Medellín,1,Agricultura,historico,477954933.0,3781594.0,474173339.0
2026-03-01,Medellín,1,Articulos Para el Hogar y la Oficina,historico,19599215.0,369350.0,19229865.0
2026-03-01,Medellín,1,Caucho y Plasticos,historico,48694769.5,5631597.0,43063172.5
2026-03-01,Medellín,1,Comercio,historico,1834961400.49,25265421.0,1809695979.49
2026-03-01,Medellín,1,Construction,historico,370748786.2,3891555.0,366857231.2
2026-03-01,Medellín,1,Education,historico,752500.0,0.0,752500.0
2026-03-01,Medellín,1,Empleados,historico,10276327.95,14223202.5,-3946874.55
2026-03-01,Medellín,1,Energy supply,historico,149579.0,0.0,149579.0
2026-03-01,Medellín,1,Equipo de Transporte,historico,21856585.0,100840.0,21755745.0
2026-03-01,Medellín,1,Food,historico,1041791702.35,27184669.0,1014607033.35
2026-03-01,Medellín,1,Health/Social,historico,20519897.0,74950.0,20444947.0
2026-03-01,Medellín,1,Hidrocarburo,historico,129241775.8,1881770.0,127360005.8
2026-03-01,Medellín,1,Households,historico,153450.0,0.0,153450.0
2026-03-01,Medellín,1,IT/Communication,historico,3531080.0,0.0,3531080.0
2026-03-01,Medellín,1,Industria,historico,781291151.0,24683787.0,756607364.0
2026-03-01,Medellín,1,Madera y Papel,historico,149199025.0,0.0,149199025.0
2026-03-01,Medellín,1,Maquinaria y Afines,historico,133823259.16,17673396.0,116149863.16
2026-03-01,Medellín,1,Mining,historico,682413019.31,36505162.0,645907857.31
2026-03-01,Medellín,1,Persona Natural,historico,23704081.46,1336150.0,22367931.46
2026-03-01,Medellín,1,Quimico,historico,443959712.1,9292580.0,434667132.1
2026-03-01,Medellín,1,Servicio de apoyo empresarial,historico,55244938.0,1705689.0,53539249.0
2026-03-01,Medellín,1,Servicios Publicos,historico,76241575.0,667800.0,75573775.0
2026-03-01,Medellín,1,"Textiles, Confecciones y Cuero",historico,83684954.0,12728306.0,70956648.0
2026-03-01,Medellín,1,Transporte y Logistica,historico,102818528.0,749317.0,102069211.0
2026-03-01,Medellín,1,Turistico,historico,5035806.0,0.0,5035806.0
2026-03-01,Bogotá,2,0,historico,16083625.0,0.0,16083625.0
2026-03-01,Bogotá,2,Agricultura,historico,411232517.1,12211487.0,399021030.1
2026-03-01,Bogotá,2,Agroindustria,historico,394570.0,0.0,394570.0
2026-03-01,Bogotá,2,Articulos Para el Hogar y la Oficina,historico,107448094.0,0.0,107448094.0
2026-03-01,Bogotá,2,Caucho y Plasticos,historico,55643394.0,0.0,55643394.0
2026-03-01,Bogotá,2,Comercio,historico,2215866993.74,27548136.86,2188318856.88
2026-03-01,Bogotá,2,Construction,historico,143134477.23,20746776.0,122387701.23
2026-03-01,Bogotá,2,Education,historico,4484936.0,83400.0,4401536.0
2026-03-01,Bogotá,2,Empleados,historico,5131223.0,630714.0,4500509.0
2026-03-01,Bogotá,2,Energy supply,historico,7397640.0,0.0,7397640.0
2026-03-01,Bogotá,2,Equipo de Transporte,historico,412649007.0,0.0,412649007.0
2026-03-01,Bogotá,2,Finance/Insurance,historico,202000.0,0.0,202000.0
2026-03-01,Bogotá,2,Food,historico,1325451790.2,38678723.0,1286773067.2
2026-03-01,Bogotá,2,Health/Social,historico,58227485.0,60400.0,58167085.0
2026-03-01,Bogotá,2,Hidrocarburo,historico,719566901.95,30108161.0,689458740.95
2026-03-01,Bogotá,2,IT/Communication,historico,14278792.0,3188800.0,11089992.0
2026-03-01,Bogotá,2,Industria,historico,491113856.8,43186174.0,447927682.8
2026-03-01,Bogotá,2,Instituciones,historico,1500000.0,0.0,1500000.0
2026-03-01,Bogotá,2,Madera y Papel,historico,56572684.0,228600.0,56344084.0
2026-03-01,Bogotá,2,Maquinaria y Afines,historico,277892626.0,257766.0,277634860.0
2026-03-01,Bogotá,2,Mining,historico,839826603.97,23454197.0,816372406.97
2026-03-01,Bogotá,2,Persona Natural,historico,10071984.0,0.0,10071984.0
2026-03-01,Bogotá,2,Quimico,historico,487871024.0,8443816.0,479427208.0
2026-03-01,Bogotá,2,Servicio de apoyo empresarial,historico,16403982.0,0.0,16403982.0
2026-03-01,Bogotá,2,Servicios Publicos,historico,61496057.0,0.0,61496057.0
2026-03-01,Bogotá,2,"Textiles, Confecciones y Cuero",historico,31898061.0,0.0,31898061.0
2026-03-01,Bogotá,2,Transporte y Logistica,historico,139844691.0,0.0,139844691.0
2026-03-01,Bogotá,2,Turistico,historico,1754960.0,0.0,1754960.0
2026-03-01,Cali,3,0,historico,13346587.0,0.0,13346587.0
2026-03-01,Cali,3,Agricultura,historico,70567667.0,0.0,70567667.0
2026-03-01,Cali,3,Articulos Para el Hogar y la Oficina,historico,81016913.0,37015704.0,44001209.0
2026-03-01,Cali,3,Caucho y Plasticos,historico,113195623.0,0.0,113195623.0
2026-03-01,Cali,3,Comercio,historico,881159589.75,10490243.0,870669346.75
2026-03-01,Cali,3,Construction,historico,20035431.0,670361.0,19365070.0
2026-03-01,Cali,3,Education,historico,2784210.0,0.0,2784210.0
2026-03-01,Cali,3,Empleados,historico,1284803.0,1257740.0,27063.0
2026-03-01,Cali,3,Equipo de Transporte,historico,130086160.0,71865.0,130014295.0
2026-03-01,Cali,3,Food,historico,1293544798.34,13040467.95,1280504330.39
2026-03-01,Cali,3,Health/Social,historico,1047432.0,0.0,1047432.0
2026-03-01,Cali,3,Hidrocarburo,historico,27769105.0,0.0,27769105.0
2026-03-01,Cali,3,IT/Communication,historico,3077373.0,0.0,3077373.0
2026-03-01,Cali,3,Industria,historico,197699645.0,2196225.0,195503420.0
2026-03-01,Cali,3,Madera y Papel,historico,71715217.6,788150.0,70927067.6
2026-03-01,Cali,3,Maquinaria y Afines,historico,71629198.0,6472436.0,65156762.0
2026-03-01,Cali,3,Mining,historico,78340341.0,0.0,78340341.0
2026-03-01,Cali,3,Persona Natural,historico,18402935.0,0.0,18402935.0
2026-03-01,Cali,3,Public Administration,historico,686040.0,0.0,686040.0
2026-03-01,Cali,3,Quimico,historico,275663782.45,1731631.0,273932151.45
2026-03-01,Cali,3,Servicio de apoyo empresarial,historico,6871504.0,0.0,6871504.0
2026-03-01,Cali,3,Servicios Publicos,historico,7774443.0,0.0,7774443.0
2026-03-01,Cali,3,"Textiles, Confecciones y Cuero",historico,22787377.0,1883060.0,20904317.0
2026-03-01,Cali,3,Transporte y Logistica,historico,29001516.0,0.0,29001516.0
2026-03-01,Cali,3,Turistico,historico,4109877.0,3119917.0,989960.0
2026-03-01,Barranquilla,4,0,historico,11425606.0,0.0,11425606.0
2026-03-01,Barranquilla,4,Agricultura,historico,23033119.0,0.0,23033119.0
2026-03-01,Barranquilla,4,Agroindustria,historico,127700.0,0.0,127700.0
2026-03-01,Barranquilla,4,Articulos Para el Hogar y la Oficina,historico,9915880.0,0.0,9915880.0
2026-03-01,Barranquilla,4,Caucho y Plasticos,historico,17323048.0,1556947.0,15766101.0
2026-03-01,Barranquilla,4,Comercio,historico,456673179.0,7445672.0,449227507.0
2026-03-01,Barranquilla,4,Construction,historico,283251672.0,582380.0,282669292.0
2026-03-01,Barranquilla,4,Empleados,historico,717648.0,1256749.92,-539101.9199999999
2026-03-01,Barranquilla,4,Equipo de Transporte,historico,7937170.0,0.0,7937170.0
2026-03-01,Barranquilla,4,Food,historico,296990598.6,17785979.0,279204619.6
2026-03-01,Barranquilla,4,Health/Social,historico,11581550.0,0.0,11581550.0
2026-03-01,Barranquilla,4,Hidrocarburo,historico,16561020.0,144300.0,16416720.0
2026-03-01,Barranquilla,4,Industria,historico,741571019.0,20536396.0,721034623.0
2026-03-01,Barranquilla,4,Instituciones,historico,1483500.0,0.0,1483500.0
2026-03-01,Barranquilla,4,Madera y Papel,historico,52302435.0,0.0,52302435.0
2026-03-01,Barranquilla,4,Maquinaria y Afines,historico,84917206.0,177600.0,84739606.0
2026-03-01,Barranquilla,4,Mining,historico,605259353.51,2800000.0,602459353.51
2026-03-01,Barranquilla,4,Persona Natural,historico,5809492.0,0.0,5809492.0
2026-03-01,Barranquilla,4,Quimico,historico,323672880.8,4032600.0,319640280.8
2026-03-01,Barranquilla,4,Servicio de apoyo empresarial,historico,9511632.0,728450.0,8783182.0
2026-03-01,Barranquilla,4,Servicios Publicos,historico,56528095.0,6760540.0,49767555.0
2026-03-01,Barranquilla,4,"Textiles, Confecciones y Cuero",historico,15520282.0,79000.0,15441282.0
2026-03-01,Barranquilla,4,Transporte y Logistica,historico,77238238.0,0.0,77238238.0
2026-03-01,Cartagena,5,0,historico,9705449.5,0.0,9705449.5
2026-03-01,Cartagena,5,Articulos Para el Hogar y la Oficina,historico,798450.0,0.0,798450.0
2026-03-01,Cartagena,5,Caucho y Plasticos,historico,3719840.36,0.0,3719840.36
2026-03-01,Cartagena,5,Comercio,historico,363290080.94,6563791.0,356726289.94
2026-03-01,Cartagena,5,Construction,historico,342640352.38,178400.0,342461952.38
2026-03-01,Cartagena,5,Empleados,historico,1293896.0,1011474.0,282422.0
2026-03-01,Cartagena,5,Equipo de Transporte,historico,3866858.0,0.0,3866858.0
2026-03-01,Cartagena,5,Food,historico,160088039.8,3085526.0,157002513.8
2026-03-01,Cartagena,5,Health/Social,historico,34053687.0,0.0,34053687.0
2026-03-01,Cartagena,5,Hidrocarburo,historico,276082980.0,21325172.0,254757808.0
2026-03-01,Cartagena,5,IT/Communication,historico,429193.25,0.0,429193.25
2026-03-01,Cartagena,5,Industria,historico,346230119.75,146000.0,346084119.75
2026-03-01,Cartagena,5,Madera y Papel,historico,116350095.89,2094395.0,114255700.89
2026-03-01,Cartagena,5,Maquinaria y Afines,historico,49270289.85,922000.0,48348289.85
2026-03-01,Cartagena,5,Mining,historico,127114999.0,3573606.0,123541393.0
2026-03-01,Cartagena,5,Persona Natural,historico,11889922.5,145000.0,11744922.5
2026-03-01,Cartagena,5,Quimico,historico,280133649.0,22861600.0,257272049.0
2026-03-01,Cartagena,5,Servicio de apoyo empresarial,historico,19494790.5,0.0,19494790.5
2026-03-01,Cartagena,5,Servicios Publicos,historico,106172609.0,349200.0,105823409.0
2026-03-01,Cartagena,5,"Textiles, Confecciones y Cuero",historico,703332.0,0.0,703332.0
2026-03-01,Cartagena,5,Transporte y Logistica,historico,173280013.65,3657260.0,169622753.65
2026-03-01,Cartagena,5,Turistico,historico,1942450.0,0.0,1942450.0
2026-04-01,Medellín,1,0,historico,52363423.0,165368.0,52198055.0
2026-04-01,Medellín,1,Agricultura,historico,437420335.95,19619875.0,417800460.95
2026-04-01,Medellín,1,Articulos Para el Hogar y la Oficina,historico,12770738.0,0.0,12770738.0
2026-04-01,Medellín,1,Caucho y Plasticos,historico,47621578.01,3286790.0,44334788.01
2026-04-01,Medellín,1,Comercio,historico,2031637201.28,33769613.6,1997867587.68
2026-04-01,Medellín,1,Construction,historico,578414907.23,8192810.0,570222097.23
2026-04-01,Medellín,1,Education,historico,6975749.0,0.0,6975749.0
2026-04-01,Medellín,1,Empleados,historico,9357299.0,7038767.0,2318532.0
2026-04-01,Medellín,1,Energy supply,historico,22689.0,0.0,22689.0
2026-04-01,Medellín,1,Equipo de Transporte,historico,14616907.0,0.0,14616907.0
2026-04-01,Medellín,1,Food,historico,1032283352.5,54508604.0,977774748.5
2026-04-01,Medellín,1,Health/Social,historico,23069579.0,0.0,23069579.0
2026-04-01,Medellín,1,Hidrocarburo,historico,49606319.0,53241438.0,-3635119.0
2026-04-01,Medellín,1,Households,historico,185400.0,0.0,185400.0
2026-04-01,Medellín,1,IT/Communication,historico,22353184.0,0.0,22353184.0
2026-04-01,Medellín,1,Industria,historico,1058674805.2,9667673.0,1049007132.2
2026-04-01,Medellín,1,Madera y Papel,historico,112026132.0,527190.0,111498942.0
2026-04-01,Medellín,1,Maquinaria y Afines,historico,101731367.51,4292651.01,97438716.5
2026-04-01,Medellín,1,Mining,historico,553407245.98,31964818.0,521442427.98
2026-04-01,Medellín,1,Persona Natural,historico,18303132.5,82238.0,18220894.5
2026-04-01,Medellín,1,Quimico,historico,323752637.4,5922268.0,317830369.4
2026-04-01,Medellín,1,Servicio de apoyo empresarial,historico,263970041.0,64200.0,263905841.0
2026-04-01,Medellín,1,Servicios Publicos,historico,71728463.0,0.0,71728463.0
2026-04-01,Medellín,1,"Textiles, Confecciones y Cuero",historico,55350756.0,1571350.0,53779406.0
2026-04-01,Medellín,1,Transporte y Logistica,historico,80065936.0,71936.0,79994000.0
2026-04-01,Medellín,1,Turistico,historico,3299912.0,0.0,3299912.0
2026-04-01,Bogotá,2,0,historico,22200509.0,0.0,22200509.0
2026-04-01,Bogotá,2,Agricultura,historico,469845281.9,7696341.0,462148940.9
2026-04-01,Bogotá,2,Articulos Para el Hogar y la Oficina,historico,163914567.0,0.0,163914567.0
2026-04-01,Bogotá,2,Caucho y Plasticos,historico,30464516.0,1732880.0,28731636.0
2026-04-01,Bogotá,2,Comercio,historico,2156864390.88,66059597.44,2090804793.44
2026-04-01,Bogotá,2,Construction,historico,153907122.32,1541940.0,152365182.32
2026-04-01,Bogotá,2,Education,historico,1133244.0,0.0,1133244.0
2026-04-01,Bogotá,2,Empleados,historico,7476103.71,3325739.0,4150364.71
2026-04-01,Bogotá,2,Energy supply,historico,20448897.0,0.0,20448897.0
2026-04-01,Bogotá,2,Equipo de Transporte,historico,289668167.0,24000000.0,265668167.0
2026-04-01,Bogotá,2,Food,historico,1424391251.62,32037695.0,1392353556.62
2026-04-01,Bogotá,2,Health/Social,historico,9223555.0,0.0,9223555.0
2026-04-01,Bogotá,2,Hidrocarburo,historico,608710547.0,45689527.0,563021020.0
2026-04-01,Bogotá,2,IT/Communication,historico,16356693.0,0.0,16356693.0
2026-04-01,Bogotá,2,Industria,historico,556662228.26,20780727.0,535881501.26
2026-04-01,Bogotá,2,Instituciones,historico,173700.0,0.0,173700.0
2026-04-01,Bogotá,2,Madera y Papel,historico,67999634.0,1078384.0,66921250.0
2026-04-01,Bogotá,2,Maquinaria y Afines,historico,166461843.0,14328932.0,152132911.0
2026-04-01,Bogotá,2,Mining,historico,663333553.53,2151157.0,661182396.53
2026-04-01,Bogotá,2,Persona Natural,historico,14870554.0,225150.0,14645404.0
2026-04-01,Bogotá,2,Quimico,historico,680305009.0,9199375.0,671105634.0
2026-04-01,Bogotá,2,Servicio de apoyo empresarial,historico,46935951.0,3338120.0,43597831.0
2026-04-01,Bogotá,2,Servicios Publicos,historico,126617494.0,4104530.0,122512964.0
2026-04-01,Bogotá,2,"Textiles, Confecciones y Cuero",historico,45006780.0,94902.0,44911878.0
2026-04-01,Bogotá,2,Transporte y Logistica,historico,135373161.0,1007914.0,134365247.0
2026-04-01,Bogotá,2,Turistico,historico,454860.0,0.0,454860.0
2026-04-01,Cali,3,0,historico,18290030.0,0.0,18290030.0
2026-04-01,Cali,3,Agricultura,historico,19877671.0,0.0,19877671.0
2026-04-01,Cali,3,Articulos Para el Hogar y la Oficina,historico,16093171.0,4284000.0,11809171.0
2026-04-01,Cali,3,Caucho y Plasticos,historico,60426470.0,425835.0,60000635.0
2026-04-01,Cali,3,Comercio,historico,813825487.0,11027445.0,802798042.0
2026-04-01,Cali,3,Construction,historico,76599510.0,1314015.0,75285495.0
2026-04-01,Cali,3,Education,historico,704100.0,0.0,704100.0
2026-04-01,Cali,3,Empleados,historico,828815.0,119172.0,709643.0
2026-04-01,Cali,3,Equipo de Transporte,historico,138572935.0,0.0,138572935.0
2026-04-01,Cali,3,Food,historico,1124203120.35,52251186.0,1071951934.35
2026-04-01,Cali,3,Health/Social,historico,395868.0,0.0,395868.0
2026-04-01,Cali,3,Hidrocarburo,historico,34234110.0,200000.0,34034110.0
2026-04-01,Cali,3,Households,historico,335468.0,0.0,335468.0
2026-04-01,Cali,3,IT/Communication,historico,12525952.0,0.0,12525952.0
2026-04-01,Cali,3,Industria,historico,188189941.98,3784634.0,184405307.98
2026-04-01,Cali,3,Instituciones,historico,3098568.0,271330.0,2827238.0
2026-04-01,Cali,3,Madera y Papel,historico,239052417.0,11796550.0,227255867.0
2026-04-01,Cali,3,Maquinaria y Afines,historico,43104607.0,6076408.0,37028199.0
2026-04-01,Cali,3,Mining,historico,88957870.5,117500.0,88840370.5
2026-04-01,Cali,3,Persona Natural,historico,30283749.5,0.0,30283749.5
2026-04-01,Cali,3,Public Administration,historico,78371.0,0.0,78371.0
2026-04-01,Cali,3,Quimico,historico,296954034.0,2862755.0,294091279.0
2026-04-01,Cali,3,Servicio de apoyo empresarial,historico,321519.0,0.0,321519.0
2026-04-01,Cali,3,Servicios Publicos,historico,74804435.0,8835692.0,65968743.0
2026-04-01,Cali,3,"Textiles, Confecciones y Cuero",historico,7670479.0,647424.0,7023055.0
2026-04-01,Cali,3,Transporte y Logistica,historico,34102609.0,0.0,34102609.0
2026-04-01,Cali,3,Turistico,historico,4361792.0,0.0,4361792.0
2026-04-01,Barranquilla,4,0,historico,30602891.0,0.0,30602891.0
2026-04-01,Barranquilla,4,Agricultura,historico,28481738.0,511200.0,27970538.0
2026-04-01,Barranquilla,4,Agroindustria,historico,1953488.0,0.0,1953488.0
2026-04-01,Barranquilla,4,Articulos Para el Hogar y la Oficina,historico,35056584.0,0.0,35056584.0
2026-04-01,Barranquilla,4,Caucho y Plasticos,historico,11682445.0,0.0,11682445.0
2026-04-01,Barranquilla,4,Comercio,historico,355196029.0,15974276.0,339221753.0
2026-04-01,Barranquilla,4,Construction,historico,116032690.2,367710.0,115664980.2
2026-04-01,Barranquilla,4,Empleados,historico,1109136.0,0.0,1109136.0
2026-04-01,Barranquilla,4,Equipo de Transporte,historico,2883773.0,0.0,2883773.0
2026-04-01,Barranquilla,4,Food,historico,229387296.5,16166096.0,213221200.5
2026-04-01,Barranquilla,4,Health/Social,historico,9565193.0,0.0,9565193.0
2026-04-01,Barranquilla,4,Hidrocarburo,historico,95892557.0,0.0,95892557.0
2026-04-01,Barranquilla,4,IT/Communication,historico,350106.0,0.0,350106.0
2026-04-01,Barranquilla,4,Industria,historico,800753226.0,2202034.0,798551192.0
2026-04-01,Barranquilla,4,Madera y Papel,historico,58025280.0,3426195.0,54599085.0
2026-04-01,Barranquilla,4,Maquinaria y Afines,historico,120513154.0,0.0,120513154.0
2026-04-01,Barranquilla,4,Mining,historico,1107129351.98,0.0,1107129351.98
2026-04-01,Barranquilla,4,Persona Natural,historico,3922246.0,0.0,3922246.0
2026-04-01,Barranquilla,4,Quimico,historico,95308860.0,1893068.0,93415792.0
2026-04-01,Barranquilla,4,Servicio de apoyo empresarial,historico,51377362.0,12731730.0,38645632.0
2026-04-01,Barranquilla,4,Servicios Publicos,historico,75064282.0,338885.0,74725397.0
2026-04-01,Barranquilla,4,"Textiles, Confecciones y Cuero",historico,27451199.5,0.0,27451199.5
2026-04-01,Barranquilla,4,Transporte y Logistica,historico,58691658.0,0.0,58691658.0
2026-04-01,Cartagena,5,0,historico,12662081.5,0.0,12662081.5
2026-04-01,Cartagena,5,Agroindustria,historico,56500.0,0.0,56500.0
2026-04-01,Cartagena,5,Articulos Para el Hogar y la Oficina,historico,718280.0,0.0,718280.0
2026-04-01,Cartagena,5,Caucho y Plasticos,historico,2205870.24,27200.0,2178670.24
2026-04-01,Cartagena,5,Comercio,historico,388814233.0,5988658.0,382825575.0
2026-04-01,Cartagena,5,Construction,historico,271951420.83,4058359.0,267893061.83
2026-04-01,Cartagena,5,Empleados,historico,1252774.0,617980.0,634794.0
2026-04-01,Cartagena,5,Equipo de Transporte,historico,2901762.0,0.0,2901762.0
2026-04-01,Cartagena,5,Food,historico,370850903.4,22898721.0,347952182.4
2026-04-01,Cartagena,5,Health/Social,historico,37837251.0,0.0,37837251.0
2026-04-01,Cartagena,5,Hidrocarburo,historico,430592761.0,53449200.0,377143561.0
2026-04-01,Cartagena,5,Industria,historico,378267397.5,3114175.0,375153222.5
2026-04-01,Cartagena,5,Madera y Papel,historico,64872426.0,8273679.0,56598747.0
2026-04-01,Cartagena,5,Maquinaria y Afines,historico,35399760.0,738780.0,34660980.0
2026-04-01,Cartagena,5,Mining,historico,208528423.98,1552300.0,206976123.98
2026-04-01,Cartagena,5,Persona Natural,historico,14005661.5,1992600.0,12013061.5
2026-04-01,Cartagena,5,Quimico,historico,195025785.5,2099194.0,192926591.5
2026-04-01,Cartagena,5,Servicio de apoyo empresarial,historico,20306222.0,0.0,20306222.0
2026-04-01,Cartagena,5,Servicios Publicos,historico,238435140.0,472486.0,237962654.0
2026-04-01,Cartagena,5,"Textiles, Confecciones y Cuero",historico,1095015.0,0.0,1095015.0
2026-04-01,Cartagena,5,Transporte y Logistica,historico,158269279.5,2398177.0,155871102.5
2026-04-01,Cartagena,5,Turistico,historico,4555280.0,0.0,4555280.0
2026-05-01,Medellín,1,0,proyeccion,51319075.21889454,0.0,51319075.21889454
2026-05-01,Medellín,1,Agricultura,proyeccion,459498979.1044358,0.0,459498979.1044358
2026-05-01,Medellín,1,Articulos Para el Hogar y la Oficina,proyeccion,25022891.822921332,0.0,25022891.822921332
2026-05-01,Medellín,1,Caucho y Plasticos,proyeccion,50320904.909915574,0.0,50320904.909915574
2026-05-01,Medellín,1,Comercio,proyeccion,1886230751.4553437,0.0,1886230751.4553437
2026-05-01,Medellín,1,Construction,proyeccion,441796570.3750795,0.0,441796570.3750795
2026-05-01,Medellín,1,Education,proyeccion,3594873.424108948,0.0,3594873.424108948
2026-05-01,Medellín,1,Empleados,proyeccion,8348214.183477997,0.0,8348214.183477997
2026-05-01,Medellín,1,Equipo de Transporte,proyeccion,31884271.707659226,0.0,31884271.707659226
2026-05-01,Medellín,1,Food,proyeccion,977772049.3191724,0.0,977772049.3191724
2026-05-01,Medellín,1,Health/Social,proyeccion,24291574.583142333,0.0,24291574.583142333
2026-05-01,Medellín,1,Hidrocarburo,proyeccion,199122419.15935528,0.0,199122419.15935528
2026-05-01,Medellín,1,IT/Communication,proyeccion,7464746.959320907,0.0,7464746.959320907
2026-05-01,Medellín,1,Industria,proyeccion,803063897.5928366,0.0,803063897.5928366
2026-05-01,Medellín,1,Madera y Papel,proyeccion,160632890.74712074,0.0,160632890.74712074
2026-05-01,Medellín,1,Maquinaria y Afines,proyeccion,134452465.28503048,0.0,134452465.28503048
2026-05-01,Medellín,1,Mining,proyeccion,554550083.1162915,0.0,554550083.1162915
2026-05-01,Medellín,1,Persona Natural,proyeccion,25255746.091732506,0.0,25255746.091732506
2026-05-01,Medellín,1,Quimico,proyeccion,395090190.2388384,0.0,395090190.2388384
2026-05-01,Medellín,1,Servicio de apoyo empresarial,proyeccion,108886352.8566019,0.0,108886352.8566019
2026-05-01,Medellín,1,Servicios Publicos,proyeccion,319345228.89404756,0.0,319345228.89404756
2026-05-01,Medellín,1,"Textiles, Confecciones y Cuero",proyeccion,74030861.88204354,0.0,74030861.88204354
2026-05-01,Medellín,1,Transporte y Logistica,proyeccion,116625539.82175624,0.0,116625539.82175624
2026-05-01,Medellín,1,Turistico,proyeccion,6442767.654651892,0.0,6442767.654651892
2026-05-01,Bogotá,2,0,proyeccion,41379570.069380194,0.0,41379570.069380194
2026-05-01,Bogotá,2,Agricultura,proyeccion,403889978.1688584,0.0,403889978.1688584
2026-05-01,Bogotá,2,Articulos Para el Hogar y la Oficina,proyeccion,108236227.54491875,0.0,108236227.54491875
2026-05-01,Bogotá,2,Caucho y Plasticos,proyeccion,36341781.885680564,0.0,36341781.885680564
2026-05-01,Bogotá,2,Comercio,proyeccion,2145972694.775333,0.0,2145972694.775333
2026-05-01,Bogotá,2,Construction,proyeccion,163776678.27845094,0.0,163776678.27845094
2026-05-01,Bogotá,2,Education,proyeccion,5573693.108286086,0.0,5573693.108286086
2026-05-01,Bogotá,2,Empleados,proyeccion,7017358.477800769,0.0,7017358.477800769
2026-05-01,Bogotá,2,Energy supply,proyeccion,18349898.84324577,0.0,18349898.84324577
2026-05-01,Bogotá,2,Equipo de Transporte,proyeccion,301702514.7741647,0.0,301702514.7741647
2026-05-01,Bogotá,2,Food,proyeccion,1248614939.453462,0.0,1248614939.453462
2026-05-01,Bogotá,2,Health/Social,proyeccion,25565787.616970733,0.0,25565787.616970733
2026-05-01,Bogotá,2,Hidrocarburo,proyeccion,607106885.7361566,0.0,607106885.7361566
2026-05-01,Bogotá,2,IT/Communication,proyeccion,37737653.524574235,0.0,37737653.524574235
2026-05-01,Bogotá,2,Industria,proyeccion,475136282.2850668,0.0,475136282.2850668
2026-05-01,Bogotá,2,Madera y Papel,proyeccion,84977809.04992396,0.0,84977809.04992396
2026-05-01,Bogotá,2,Maquinaria y Afines,proyeccion,276827571.3931779,0.0,276827571.3931779
2026-05-01,Bogotá,2,Mining,proyeccion,789624304.3166531,0.0,789624304.3166531
2026-05-01,Bogotá,2,Persona Natural,proyeccion,24912405.682268694,0.0,24912405.682268694
2026-05-01,Bogotá,2,Quimico,proyeccion,567421732.4134812,0.0,567421732.4134812
2026-05-01,Bogotá,2,Servicio de apoyo empresarial,proyeccion,34764955.7456369,0.0,34764955.7456369
2026-05-01,Bogotá,2,Servicios Publicos,proyeccion,87010582.65796441,0.0,87010582.65796441
2026-05-01,Bogotá,2,"Textiles, Confecciones y Cuero",proyeccion,46704444.61324325,0.0,46704444.61324325
2026-05-01,Bogotá,2,Transporte y Logistica,proyeccion,189889474.5213564,0.0,189889474.5213564
2026-05-01,Bogotá,2,Turistico,proyeccion,3896183.589771012,0.0,3896183.589771012
2026-05-01,Cali,3,0,proyeccion,22362855.97573745,0.0,22362855.97573745
2026-05-01,Cali,3,Agricultura,proyeccion,30493739.731479906,0.0,30493739.731479906
2026-05-01,Cali,3,Articulos Para el Hogar y la Oficina,proyeccion,24676233.296519052,0.0,24676233.296519052
2026-05-01,Cali,3,Caucho y Plasticos,proyeccion,76405840.98848747,0.0,76405840.98848747
2026-05-01,Cali,3,Comercio,proyeccion,838527472.631541,0.0,838527472.631541
2026-05-01,Cali,3,Construction,proyeccion,46525874.94270181,0.0,46525874.94270181
2026-05-01,Cali,3,Education,proyeccion,2509987.271503068,0.0,2509987.271503068
2026-05-01,Cali,3,Empleados,proyeccion,3075535.970841983,0.0,3075535.970841983
2026-05-01,Cali,3,Equipo de Transporte,proyeccion,114041570.96818255,0.0,114041570.96818255
2026-05-01,Cali,3,Food,proyeccion,1248784319.7964761,0.0,1248784319.7964761
2026-05-01,Cali,3,Health/Social,proyeccion,1547125.126475752,0.0,1547125.126475752
2026-05-01,Cali,3,Hidrocarburo,proyeccion,36688585.34084538,0.0,36688585.34084538
2026-05-01,Cali,3,IT/Communication,proyeccion,9103978.520597788,0.0,9103978.520597788
2026-05-01,Cali,3,Industria,proyeccion,193867886.92785498,0.0,193867886.92785498
2026-05-01,Cali,3,Madera y Papel,proyeccion,119013935.17743887,0.0,119013935.17743887
2026-05-01,Cali,3,Maquinaria y Afines,proyeccion,53517028.332311876,0.0,53517028.332311876
2026-05-01,Cali,3,Mining,proyeccion,99028872.44135748,0.0,99028872.44135748
2026-05-01,Cali,3,Persona Natural,proyeccion,24108364.087611433,0.0,24108364.087611433
2026-05-01,Cali,3,Quimico,proyeccion,329821316.77394044,0.0,329821316.77394044
2026-05-01,Cali,3,Servicio de apoyo empresarial,proyeccion,5434836.792488485,0.0,5434836.792488485
2026-05-01,Cali,3,Servicios Publicos,proyeccion,38776316.58587043,0.0,38776316.58587043
2026-05-01,Cali,3,"Textiles, Confecciones y Cuero",proyeccion,21065320.501108333,0.0,21065320.501108333
2026-05-01,Cali,3,Transporte y Logistica,proyeccion,32625915.548109945,0.0,32625915.548109945
2026-05-01,Cali,3,Turistico,proyeccion,3953625.711124674,0.0,3953625.711124674
2026-05-01,Barranquilla,4,0,proyeccion,26143926.90956628,0.0,26143926.90956628
2026-05-01,Barranquilla,4,Agricultura,proyeccion,35086163.65899543,0.0,35086163.65899543
2026-05-01,Barranquilla,4,Articulos Para el Hogar y la Oficina,proyeccion,20307607.733436123,0.0,20307607.733436123
2026-05-01,Barranquilla,4,Caucho y Plasticos,proyeccion,30094405.04849838,0.0,30094405.04849838
2026-05-01,Barranquilla,4,Comercio,proyeccion,428694422.88167465,0.0,428694422.88167465
2026-05-01,Barranquilla,4,Construction,proyeccion,186445627.10560375,0.0,186445627.10560375
2026-05-01,Barranquilla,4,Empleados,proyeccion,2955350.4136561737,0.0,2955350.4136561737
2026-05-01,Barranquilla,4,Equipo de Transporte,proyeccion,12226017.175744442,0.0,12226017.175744442
2026-05-01,Barranquilla,4,Food,proyeccion,292427252.590576,0.0,292427252.590576
2026-05-01,Barranquilla,4,Health/Social,proyeccion,8726733.855930986,0.0,8726733.855930986
2026-05-01,Barranquilla,4,Hidrocarburo,proyeccion,62436328.97655902,0.0,62436328.97655902
2026-05-01,Barranquilla,4,Industria,proyeccion,749199678.7324721,0.0,749199678.7324721
2026-05-01,Barranquilla,4,Madera y Papel,proyeccion,47688508.29404474,0.0,47688508.29404474
2026-05-01,Barranquilla,4,Maquinaria y Afines,proyeccion,104113921.7294845,0.0,104113921.7294845
2026-05-01,Barranquilla,4,Mining,proyeccion,825820822.7958884,0.0,825820822.7958884
2026-05-01,Barranquilla,4,Persona Natural,proyeccion,5884404.945592966,0.0,5884404.945592966
2026-05-01,Barranquilla,4,Quimico,proyeccion,208057995.23970327,0.0,208057995.23970327
2026-05-01,Barranquilla,4,Servicio de apoyo empresarial,proyeccion,13311993.983618686,0.0,13311993.983618686
2026-05-01,Barranquilla,4,Servicios Publicos,proyeccion,61386820.0920322,0.0,61386820.0920322
2026-05-01,Barranquilla,4,"Textiles, Confecciones y Cuero",proyeccion,29489100.027789693,0.0,29489100.027789693
2026-05-01,Barranquilla,4,Transporte y Logistica,proyeccion,69714196.03764658,0.0,69714196.03764658
2026-05-01,Cartagena,5,0,proyeccion,22743248.01306345,0.0,22743248.01306345
2026-05-01,Cartagena,5,Caucho y Plasticos,proyeccion,4292850.849455634,0.0,4292850.849455634
2026-05-01,Cartagena,5,Comercio,proyeccion,383032877.2245838,0.0,383032877.2245838
2026-05-01,Cartagena,5,Construction,proyeccion,323392337.2933546,0.0,323392337.2933546
2026-05-01,Cartagena,5,Empleados,proyeccion,3263395.496970013,0.0,3263395.496970013
2026-05-01,Cartagena,5,Equipo de Transporte,proyeccion,8675699.35089782,0.0,8675699.35089782
2026-05-01,Cartagena,5,Food,proyeccion,306886626.3131449,0.0,306886626.3131449
2026-05-01,Cartagena,5,Health/Social,proyeccion,22641574.649435863,0.0,22641574.649435863
2026-05-01,Cartagena,5,Hidrocarburo,proyeccion,291594689.0312825,0.0,291594689.0312825
2026-05-01,Cartagena,5,Industria,proyeccion,394013014.2824622,0.0,394013014.2824622
2026-05-01,Cartagena,5,Madera y Papel,proyeccion,89403537.5753299,0.0,89403537.5753299
2026-05-01,Cartagena,5,Maquinaria y Afines,proyeccion,47036675.07196055,0.0,47036675.07196055
2026-05-01,Cartagena,5,Mining,proyeccion,144469536.31849816,0.0,144469536.31849816
2026-05-01,Cartagena,5,Persona Natural,proyeccion,18293201.63454026,0.0,18293201.63454026
2026-05-01,Cartagena,5,Quimico,proyeccion,231832426.51498482,0.0,231832426.51498482
2026-05-01,Cartagena,5,Servicio de apoyo empresarial,proyeccion,20467549.65625836,0.0,20467549.65625836
2026-05-01,Cartagena,5,Servicios Publicos,proyeccion,345680761.7339995,0.0,345680761.7339995
2026-05-01,Cartagena,5,Transporte y Logistica,proyeccion,190784063.30266207,0.0,190784063.30266207
2026-05-01,Cartagena,5,Turistico,proyeccion,3602953.569615935,0.0,3602953.569615935
2026-06-01,Medellín,1,0,proyeccion,50792675.71252553,0.0,50792675.71252553
2026-06-01,Medellín,1,Agricultura,proyeccion,436424740.9484395,0.0,436424740.9484395
2026-06-01,Medellín,1,Articulos Para el Hogar y la Oficina,proyeccion,24099467.389350105,0.0,24099467.389350105
2026-06-01,Medellín,1,Caucho y Plasticos,proyeccion,50772890.26779503,0.0,50772890.26779503
2026-06-01,Medellín,1,Comercio,proyeccion,1886139658.5881414,0.0,1886139658.5881414
2026-06-01,Medellín,1,Construction,proyeccion,501862321.7631133,0.0,501862321.7631133
2026-06-01,Medellín,1,Education,proyeccion,4478048.203367967,0.0,4478048.203367967
2026-06-01,Medellín,1,Empleados,proyeccion,7668168.234941369,0.0,7668168.234941369
2026-06-01,Medellín,1,Equipo de Transporte,proyeccion,22583172.671997074,0.0,22583172.671997074
2026-06-01,Medellín,1,Food,proyeccion,991045730.7901616,0.0,991045730.7901616
2026-06-01,Medellín,1,Health/Social,proyeccion,25973408.53636702,0.0,25973408.53636702
2026-06-01,Medellín,1,Hidrocarburo,proyeccion,128953728.50606857,0.0,128953728.50606857
2026-06-01,Medellín,1,IT/Communication,proyeccion,8999310.600326337,0.0,8999310.600326337
2026-06-01,Medellín,1,Industria,proyeccion,805207991.7533668,0.0,805207991.7533668
2026-06-01,Medellín,1,Madera y Papel,proyeccion,140882618.23612252,0.0,140882618.23612252
2026-06-01,Medellín,1,Maquinaria y Afines,proyeccion,136360023.5491351,0.0,136360023.5491351
2026-06-01,Medellín,1,Mining,proyeccion,549316434.4572278,0.0,549316434.4572278
2026-06-01,Medellín,1,Persona Natural,proyeccion,24911734.133385465,0.0,24911734.133385465
2026-06-01,Medellín,1,Quimico,proyeccion,425682842.35978055,0.0,425682842.35978055
2026-06-01,Medellín,1,Servicio de apoyo empresarial,proyeccion,127374749.5377177,0.0,127374749.5377177
2026-06-01,Medellín,1,Servicios Publicos,proyeccion,170340168.60028562,0.0,170340168.60028562
2026-06-01,Medellín,1,"Textiles, Confecciones y Cuero",proyeccion,71373728.79085942,0.0,71373728.79085942
2026-06-01,Medellín,1,Transporte y Logistica,proyeccion,117799753.49287277,0.0,117799753.49287277
2026-06-01,Medellín,1,Turistico,proyeccion,6262809.540954078,0.0,6262809.540954078
2026-06-01,Bogotá,2,0,proyeccion,33445123.74281158,0.0,33445123.74281158
2026-06-01,Bogotá,2,Agricultura,proyeccion,460627625.2702784,0.0,460627625.2702784
2026-06-01,Bogotá,2,Articulos Para el Hogar y la Oficina,proyeccion,108168481.56293704,0.0,108168481.56293704
2026-06-01,Bogotá,2,Caucho y Plasticos,proyeccion,40630069.79445588,0.0,40630069.79445588
2026-06-01,Bogotá,2,Comercio,proyeccion,2135372081.2248034,0.0,2135372081.2248034
2026-06-01,Bogotá,2,Construction,proyeccion,175202787.24765474,0.0,175202787.24765474
2026-06-01,Bogotá,2,Education,proyeccion,4789364.413734978,0.0,4789364.413734978
2026-06-01,Bogotá,2,Empleados,proyeccion,8764577.239590414,0.0,8764577.239590414
2026-06-01,Bogotá,2,Energy supply,proyeccion,20230463.53690247,0.0,20230463.53690247
2026-06-01,Bogotá,2,Equipo de Transporte,proyeccion,299521449.51271486,0.0,299521449.51271486
2026-06-01,Bogotá,2,Food,proyeccion,1245337520.3249104,0.0,1245337520.3249104
2026-06-01,Bogotá,2,Health/Social,proyeccion,26110235.01872802,0.0,26110235.01872802
2026-06-01,Bogotá,2,Hidrocarburo,proyeccion,545267752.6744566,0.0,545267752.6744566
2026-06-01,Bogotá,2,IT/Communication,proyeccion,23199787.612405747,0.0,23199787.612405747
2026-06-01,Bogotá,2,Industria,proyeccion,495673977.5819212,0.0,495673977.5819212
2026-06-01,Bogotá,2,Madera y Papel,proyeccion,77530740.15904814,0.0,77530740.15904814
2026-06-01,Bogotá,2,Maquinaria y Afines,proyeccion,276854800.121676,0.0,276854800.121676
2026-06-01,Bogotá,2,Mining,proyeccion,767284257.4969348,0.0,767284257.4969348
2026-06-01,Bogotá,2,Persona Natural,proyeccion,20893881.79582269,0.0,20893881.79582269
2026-06-01,Bogotá,2,Quimico,proyeccion,515705376.13827634,0.0,515705376.13827634
2026-06-01,Bogotá,2,Servicio de apoyo empresarial,proyeccion,30187717.300071985,0.0,30187717.300071985
2026-06-01,Bogotá,2,Servicios Publicos,proyeccion,99246256.31408271,0.0,99246256.31408271
2026-06-01,Bogotá,2,"Textiles, Confecciones y Cuero",proyeccion,36470646.36658485,0.0,36470646.36658485
2026-06-01,Bogotá,2,Transporte y Logistica,proyeccion,166430306.2581209,0.0,166430306.2581209
2026-06-01,Bogotá,2,Turistico,proyeccion,2678788.7213083766,0.0,2678788.7213083766
2026-06-01,Cali,3,0,proyeccion,24098378.899416126,0.0,24098378.899416126
2026-06-01,Cali,3,Agricultura,proyeccion,31865770.542022604,0.0,31865770.542022604
2026-06-01,Cali,3,Articulos Para el Hogar y la Oficina,proyeccion,26388152.89505107,0.0,26388152.89505107
2026-06-01,Cali,3,Caucho y Plasticos,proyeccion,80867260.6056189,0.0,80867260.6056189
2026-06-01,Cali,3,Comercio,proyeccion,861106789.5507407,0.0,861106789.5507407
2026-06-01,Cali,3,Construction,proyeccion,60790915.82301103,0.0,60790915.82301103
2026-06-01,Cali,3,Education,proyeccion,3056710.4440749045,0.0,3056710.4440749045
2026-06-01,Cali,3,Empleados,proyeccion,3737726.373621658,0.0,3737726.373621658
2026-06-01,Cali,3,Equipo de Transporte,proyeccion,112385716.60041198,0.0,112385716.60041198
2026-06-01,Cali,3,Food,proyeccion,1072105884.1813788,0.0,1072105884.1813788
2026-06-01,Cali,3,Health/Social,proyeccion,1693790.746854923,0.0,1693790.746854923
2026-06-01,Cali,3,Hidrocarburo,proyeccion,31968219.055259906,0.0,31968219.055259906
2026-06-01,Cali,3,IT/Communication,proyeccion,10361286.71353448,0.0,10361286.71353448
2026-06-01,Cali,3,Industria,proyeccion,222760498.23101917,0.0,222760498.23101917
2026-06-01,Cali,3,Madera y Papel,proyeccion,126206764.96441747,0.0,126206764.96441747
2026-06-01,Cali,3,Maquinaria y Afines,proyeccion,57286870.19109978,0.0,57286870.19109978
2026-06-01,Cali,3,Mining,proyeccion,97436373.02653968,0.0,97436373.02653968
2026-06-01,Cali,3,Persona Natural,proyeccion,28683141.266322903,0.0,28683141.266322903
2026-06-01,Cali,3,Quimico,proyeccion,313195945.0558922,0.0,313195945.0558922
2026-06-01,Cali,3,Servicio de apoyo empresarial,proyeccion,5103623.149023998,0.0,5103623.149023998
2026-06-01,Cali,3,Servicios Publicos,proyeccion,43457238.640503876,0.0,43457238.640503876
2026-06-01,Cali,3,"Textiles, Confecciones y Cuero",proyeccion,20739835.8049601,0.0,20739835.8049601
2026-06-01,Cali,3,Transporte y Logistica,proyeccion,32296878.045068838,0.0,32296878.045068838
2026-06-01,Cali,3,Turistico,proyeccion,4968934.0149603905,0.0,4968934.0149603905
2026-06-01,Barranquilla,4,0,proyeccion,28246109.675172374,0.0,28246109.675172374
2026-06-01,Barranquilla,4,Agricultura,proyeccion,32567749.49161304,0.0,32567749.49161304
2026-06-01,Barranquilla,4,Articulos Para el Hogar y la Oficina,proyeccion,20884561.760848813,0.0,20884561.760848813
2026-06-01,Barranquilla,4,Caucho y Plasticos,proyeccion,18940462.445967562,0.0,18940462.445967562
2026-06-01,Barranquilla,4,Comercio,proyeccion,387098155.4529834,0.0,387098155.4529834
2026-06-01,Barranquilla,4,Construction,proyeccion,222832683.73034582,0.0,222832683.73034582
2026-06-01,Barranquilla,4,Empleados,proyeccion,3686219.4874254237,0.0,3686219.4874254237
2026-06-01,Barranquilla,4,Equipo de Transporte,proyeccion,10518386.884258134,0.0,10518386.884258134
2026-06-01,Barranquilla,4,Food,proyeccion,290366447.77126104,0.0,290366447.77126104
2026-06-01,Barranquilla,4,Health/Social,proyeccion,8417579.124315446,0.0,8417579.124315446
2026-06-01,Barranquilla,4,Hidrocarburo,proyeccion,59618791.838584825,0.0,59618791.838584825
2026-06-01,Barranquilla,4,Industria,proyeccion,767816706.4922562,0.0,767816706.4922562
2026-06-01,Barranquilla,4,Madera y Papel,proyeccion,52564972.84892761,0.0,52564972.84892761
2026-06-01,Barranquilla,4,Maquinaria y Afines,proyeccion,107198728.44292693,0.0,107198728.44292693
2026-06-01,Barranquilla,4,Mining,proyeccion,764652315.2777706,0.0,764652315.2777706
2026-06-01,Barranquilla,4,Persona Natural,proyeccion,8009380.381580366,0.0,8009380.381580366
2026-06-01,Barranquilla,4,Quimico,proyeccion,239789649.98625827,0.0,239789649.98625827
2026-06-01,Barranquilla,4,Servicio de apoyo empresarial,proyeccion,13468472.46314388,0.0,13468472.46314388
2026-06-01,Barranquilla,4,Servicios Publicos,proyeccion,68923356.77722837,0.0,68923356.77722837
2026-06-01,Barranquilla,4,"Textiles, Confecciones y Cuero",proyeccion,30853378.997565214,0.0,30853378.997565214
2026-06-01,Barranquilla,4,Transporte y Logistica,proyeccion,69484468.00395173,0.0,69484468.00395173
2026-06-01,Cartagena,5,0,proyeccion,24875962.33134309,0.0,24875962.33134309
2026-06-01,Cartagena,5,Caucho y Plasticos,proyeccion,7219944.060284115,0.0,7219944.060284115
2026-06-01,Cartagena,5,Comercio,proyeccion,384453015.8131404,0.0,384453015.8131404
2026-06-01,Cartagena,5,Construction,proyeccion,341035836.0923881,0.0,341035836.0923881
2026-06-01,Cartagena,5,Empleados,proyeccion,4190270.647956525,0.0,4190270.647956525
2026-06-01,Cartagena,5,Equipo de Transporte,proyeccion,6255245.230412978,0.0,6255245.230412978
2026-06-01,Cartagena,5,Food,proyeccion,322489559.8094884,0.0,322489559.8094884
2026-06-01,Cartagena,5,Health/Social,proyeccion,22118358.79031764,0.0,22118358.79031764
2026-06-01,Cartagena,5,Hidrocarburo,proyeccion,310388207.6904748,0.0,310388207.6904748
2026-06-01,Cartagena,5,Industria,proyeccion,381314521.55679727,0.0,381314521.55679727
2026-06-01,Cartagena,5,Madera y Papel,proyeccion,85421968.39464256,0.0,85421968.39464256
2026-06-01,Cartagena,5,Maquinaria y Afines,proyeccion,45937220.73123208,0.0,45937220.73123208
2026-06-01,Cartagena,5,Mining,proyeccion,170261588.0537126,0.0,170261588.0537126
2026-06-01,Cartagena,5,Persona Natural,proyeccion,19606461.07462389,0.0,19606461.07462389
2026-06-01,Cartagena,5,Quimico,proyeccion,234198915.61485648,0.0,234198915.61485648
2026-06-01,Cartagena,5,Servicio de apoyo empresarial,proyeccion,21589621.50119729,0.0,21589621.50119729
2026-06-01,Cartagena,5,Servicios Publicos,proyeccion,252233002.78547356,0.0,252233002.78547356
2026-06-01,Cartagena,5,Transporte y Logistica,proyeccion,172745926.9790491,0.0,172745926.9790491
2026-06-01,Cartagena,5,Turistico,proyeccion,4391952.1436491385,0.0,4391952.1436491385
2026-07-01,Medellín,1,0,proyeccion,58921670.557757385,0.0,58921670.557757385
2026-07-01,Medellín,1,Agricultura,proyeccion,449742504.07427293,0.0,449742504.07427293
2026-07-01,Medellín,1,Articulos Para el Hogar y la Oficina,proyeccion,24554772.66077437,0.0,24554772.66077437
2026-07-01,Medellín,1,Caucho y Plasticos,proyeccion,52936490.09455517,0.0,52936490.09455517
2026-07-01,Medellín,1,Comercio,proyeccion,1985470121.321781,0.0,1985470121.321781
2026-07-01,Medellín,1,Construction,proyeccion,467247828.532481,0.0,467247828.532481
2026-07-01,Medellín,1,Education,proyeccion,5377758.859380488,0.0,5377758.859380488
2026-07-01,Medellín,1,Empleados,proyeccion,13090005.738656556,0.0,13090005.738656556
2026-07-01,Medellín,1,Equipo de Transporte,proyeccion,25805332.84515432,0.0,25805332.84515432
2026-07-01,Medellín,1,Food,proyeccion,1182226622.146821,0.0,1182226622.146821
2026-07-01,Medellín,1,Health/Social,proyeccion,32395498.890191864,0.0,32395498.890191864
2026-07-01,Medellín,1,Hidrocarburo,proyeccion,161978467.17357293,0.0,161978467.17357293
2026-07-01,Medellín,1,IT/Communication,proyeccion,8698384.003552442,0.0,8698384.003552442
2026-07-01,Medellín,1,Industria,proyeccion,835824055.4697016,0.0,835824055.4697016
2026-07-01,Medellín,1,Madera y Papel,proyeccion,137533523.7583704,0.0,137533523.7583704
2026-07-01,Medellín,1,Maquinaria y Afines,proyeccion,136500687.6940272,0.0,136500687.6940272
2026-07-01,Medellín,1,Mining,proyeccion,517793602.6853164,0.0,517793602.6853164
2026-07-01,Medellín,1,Persona Natural,proyeccion,25942185.17958818,0.0,25942185.17958818
2026-07-01,Medellín,1,Quimico,proyeccion,438743089.9590762,0.0,438743089.9590762
2026-07-01,Medellín,1,Servicio de apoyo empresarial,proyeccion,140592111.23984164,0.0,140592111.23984164
2026-07-01,Medellín,1,Servicios Publicos,proyeccion,258580432.84842765,0.0,258580432.84842765
2026-07-01,Medellín,1,"Textiles, Confecciones y Cuero",proyeccion,82946717.84024738,0.0,82946717.84024738
2026-07-01,Medellín,1,Transporte y Logistica,proyeccion,125016513.20631553,0.0,125016513.20631553
2026-07-01,Medellín,1,Turistico,proyeccion,6937143.338167158,0.0,6937143.338167158
2026-07-01,Bogotá,2,0,proyeccion,34364583.44161328,0.0,34364583.44161328
2026-07-01,Bogotá,2,Agricultura,proyeccion,425652499.3267511,0.0,425652499.3267511
2026-07-01,Bogotá,2,Articulos Para el Hogar y la Oficina,proyeccion,104476229.0149817,0.0,104476229.0149817
2026-07-01,Bogotá,2,Caucho y Plasticos,proyeccion,35762274.70338046,0.0,35762274.70338046
2026-07-01,Bogotá,2,Comercio,proyeccion,2192028153.0062222,0.0,2192028153.0062222
2026-07-01,Bogotá,2,Construction,proyeccion,184451257.47701907,0.0,184451257.47701907
2026-07-01,Bogotá,2,Education,proyeccion,8322893.140543973,0.0,8322893.140543973
2026-07-01,Bogotá,2,Empleados,proyeccion,16851253.98158163,0.0,16851253.98158163
2026-07-01,Bogotá,2,Energy supply,proyeccion,19232588.753830682,0.0,19232588.753830682
2026-07-01,Bogotá,2,Equipo de Transporte,proyeccion,293776332.8452887,0.0,293776332.8452887
2026-07-01,Bogotá,2,Food,proyeccion,1267877083.743238,0.0,1267877083.743238
2026-07-01,Bogotá,2,Health/Social,proyeccion,22293902.47223238,0.0,22293902.47223238
2026-07-01,Bogotá,2,Hidrocarburo,proyeccion,559157746.791658,0.0,559157746.791658
2026-07-01,Bogotá,2,IT/Communication,proyeccion,31563480.28527907,0.0,31563480.28527907
2026-07-01,Bogotá,2,Industria,proyeccion,477604967.30326974,0.0,477604967.30326974
2026-07-01,Bogotá,2,Madera y Papel,proyeccion,94410371.72211605,0.0,94410371.72211605
2026-07-01,Bogotá,2,Maquinaria y Afines,proyeccion,278759999.08210015,0.0,278759999.08210015
2026-07-01,Bogotá,2,Mining,proyeccion,865278188.2699853,0.0,865278188.2699853
2026-07-01,Bogotá,2,Persona Natural,proyeccion,22942514.174000517,0.0,22942514.174000517
2026-07-01,Bogotá,2,Quimico,proyeccion,615669447.4171684,0.0,615669447.4171684
2026-07-01,Bogotá,2,Servicio de apoyo empresarial,proyeccion,35409956.38544656,0.0,35409956.38544656
2026-07-01,Bogotá,2,Servicios Publicos,proyeccion,102583480.80855991,0.0,102583480.80855991
2026-07-01,Bogotá,2,"Textiles, Confecciones y Cuero",proyeccion,50971622.240739696,0.0,50971622.240739696
2026-07-01,Bogotá,2,Transporte y Logistica,proyeccion,190852003.3684459,0.0,190852003.3684459
2026-07-01,Bogotá,2,Turistico,proyeccion,2976291.154182518,0.0,2976291.154182518
2026-07-01,Cali,3,0,proyeccion,25073487.302751586,0.0,25073487.302751586
2026-07-01,Cali,3,Agricultura,proyeccion,27778522.051835585,0.0,27778522.051835585
2026-07-01,Cali,3,Articulos Para el Hogar y la Oficina,proyeccion,23249912.983474806,0.0,23249912.983474806
2026-07-01,Cali,3,Caucho y Plasticos,proyeccion,75261786.60037784,0.0,75261786.60037784
2026-07-01,Cali,3,Comercio,proyeccion,899505788.6597548,0.0,899505788.6597548
2026-07-01,Cali,3,Construction,proyeccion,65791870.26603781,0.0,65791870.26603781
2026-07-01,Cali,3,Education,proyeccion,3602568.1706716283,0.0,3602568.1706716283
2026-07-01,Cali,3,Empleados,proyeccion,4741779.687440582,0.0,4741779.687440582
2026-07-01,Cali,3,Equipo de Transporte,proyeccion,105682281.61981708,0.0,105682281.61981708
2026-07-01,Cali,3,Food,proyeccion,1224841204.5701597,0.0,1224841204.5701597
2026-07-01,Cali,3,Health/Social,proyeccion,1800934.653021329,0.0,1800934.653021329
2026-07-01,Cali,3,Hidrocarburo,proyeccion,32624187.135787826,0.0,32624187.135787826
2026-07-01,Cali,3,IT/Communication,proyeccion,11468839.949631376,0.0,11468839.949631376
2026-07-01,Cali,3,Industria,proyeccion,209318265.8003411,0.0,209318265.8003411
2026-07-01,Cali,3,Madera y Papel,proyeccion,166270130.44794646,0.0,166270130.44794646
2026-07-01,Cali,3,Maquinaria y Afines,proyeccion,53603390.996715195,0.0,53603390.996715195
2026-07-01,Cali,3,Mining,proyeccion,103092614.33893655,0.0,103092614.33893655
2026-07-01,Cali,3,Persona Natural,proyeccion,30371949.272427678,0.0,30371949.272427678
2026-07-01,Cali,3,Quimico,proyeccion,419066310.0317904,0.0,419066310.0317904
2026-07-01,Cali,3,Servicio de apoyo empresarial,proyeccion,4758686.2312895665,0.0,4758686.2312895665
2026-07-01,Cali,3,Servicios Publicos,proyeccion,46043117.6618496,0.0,46043117.6618496
2026-07-01,Cali,3,"Textiles, Confecciones y Cuero",proyeccion,18775914.575114913,0.0,18775914.575114913
2026-07-01,Cali,3,Transporte y Logistica,proyeccion,32129688.342593037,0.0,32129688.342593037
2026-07-01,Cali,3,Turistico,proyeccion,6543287.264197993,0.0,6543287.264197993
2026-07-01,Barranquilla,4,0,proyeccion,39542301.0149186,0.0,39542301.0149186
2026-07-01,Barranquilla,4,Agricultura,proyeccion,33233894.4708494,0.0,33233894.4708494
2026-07-01,Barranquilla,4,Articulos Para el Hogar y la Oficina,proyeccion,26883916.766066227,0.0,26883916.766066227
2026-07-01,Barranquilla,4,Caucho y Plasticos,proyeccion,20740028.54401513,0.0,20740028.54401513
2026-07-01,Barranquilla,4,Comercio,proyeccion,403458743.05888176,0.0,403458743.05888176
2026-07-01,Barranquilla,4,Construction,proyeccion,173661649.69633806,0.0,173661649.69633806
2026-07-01,Barranquilla,4,Empleados,proyeccion,6036214.852736516,0.0,6036214.852736516
2026-07-01,Barranquilla,4,Equipo de Transporte,proyeccion,12075446.314106649,0.0,12075446.314106649
2026-07-01,Barranquilla,4,Food,proyeccion,307008807.44337666,0.0,307008807.44337666
2026-07-01,Barranquilla,4,Health/Social,proyeccion,8127777.344051677,0.0,8127777.344051677
2026-07-01,Barranquilla,4,Hidrocarburo,proyeccion,66685475.50130225,0.0,66685475.50130225
2026-07-01,Barranquilla,4,Industria,proyeccion,782891438.2942739,0.0,782891438.2942739
2026-07-01,Barranquilla,4,Madera y Papel,proyeccion,53757951.894220114,0.0,53757951.894220114
2026-07-01,Barranquilla,4,Maquinaria y Afines,proyeccion,107273544.40348603,0.0,107273544.40348603
2026-07-01,Barranquilla,4,Mining,proyeccion,874672851.7586747,0.0,874672851.7586747
2026-07-01,Barranquilla,4,Persona Natural,proyeccion,10055082.199165642,0.0,10055082.199165642
2026-07-01,Barranquilla,4,Quimico,proyeccion,187942821.6613534,0.0,187942821.6613534
2026-07-01,Barranquilla,4,Servicio de apoyo empresarial,proyeccion,13274327.995779827,0.0,13274327.995779827
2026-07-01,Barranquilla,4,Servicios Publicos,proyeccion,70908485.80052473,0.0,70908485.80052473
2026-07-01,Barranquilla,4,"Textiles, Confecciones y Cuero",proyeccion,31974869.12836558,0.0,31974869.12836558
2026-07-01,Barranquilla,4,Transporte y Logistica,proyeccion,62136231.91272091,0.0,62136231.91272091
2026-07-01,Cartagena,5,0,proyeccion,25097653.203459892,0.0,25097653.203459892
2026-07-01,Cartagena,5,Caucho y Plasticos,proyeccion,7287518.638588118,0.0,7287518.638588118
2026-07-01,Cartagena,5,Comercio,proyeccion,399787580.28027827,0.0,399787580.28027827
2026-07-01,Cartagena,5,Construction,proyeccion,331903642.7987804,0.0,331903642.7987804
2026-07-01,Cartagena,5,Empleados,proyeccion,5452395.321757058,0.0,5452395.321757058
2026-07-01,Cartagena,5,Equipo de Transporte,proyeccion,7048113.001247847,0.0,7048113.001247847
2026-07-01,Cartagena,5,Food,proyeccion,322216789.7108647,0.0,322216789.7108647
2026-07-01,Cartagena,5,Health/Social,proyeccion,21845056.275220834,0.0,21845056.275220834
2026-07-01,Cartagena,5,Hidrocarburo,proyeccion,317241600.8346322,0.0,317241600.8346322
2026-07-01,Cartagena,5,Industria,proyeccion,383489758.4170826,0.0,383489758.4170826
2026-07-01,Cartagena,5,Madera y Papel,proyeccion,90820928.84049879,0.0,90820928.84049879
2026-07-01,Cartagena,5,Maquinaria y Afines,proyeccion,41315930.62185012,0.0,41315930.62185012
2026-07-01,Cartagena,5,Mining,proyeccion,174411729.71710068,0.0,174411729.71710068
2026-07-01,Cartagena,5,Persona Natural,proyeccion,20174505.13684601,0.0,20174505.13684601
2026-07-01,Cartagena,5,Quimico,proyeccion,210630951.30239403,0.0,210630951.30239403
2026-07-01,Cartagena,5,Servicio de apoyo empresarial,proyeccion,21768261.22598963,0.0,21768261.22598963
2026-07-01,Cartagena,5,Servicios Publicos,proyeccion,430874312.7964962,0.0,430874312.7964962
2026-07-01,Cartagena,5,Transporte y Logistica,proyeccion,185820175.3534508,0.0,185820175.3534508
2026-07-01,Cartagena,5,Turistico,proyeccion,5145464.688729715,0.0,5145464.688729715
2026-08-01,Medellín,1,0,proyeccion,63537295.5859707,0.0,63537295.5859707
2026-08-01,Medellín,1,Agricultura,proyeccion,444736535.4967869,0.0,444736535.4967869
2026-08-01,Medellín,1,Articulos Para el Hogar y la Oficina,proyeccion,29791892.099995036,0.0,29791892.099995036
2026-08-01,Medellín,1,Caucho y Plasticos,proyeccion,55500377.03383503,0.0,55500377.03383503
2026-08-01,Medellín,1,Comercio,proyeccion,1919504523.3827012,0.0,1919504523.3827012
2026-08-01,Medellín,1,Construction,proyeccion,476222235.8055714,0.0,476222235.8055714
2026-08-01,Medellín,1,Education,proyeccion,4923912.85048448,0.0,4923912.85048448
2026-08-01,Medellín,1,Empleados,proyeccion,15522619.44958529,0.0,15522619.44958529
2026-08-01,Medellín,1,Equipo de Transporte,proyeccion,29434089.54960554,0.0,29434089.54960554
2026-08-01,Medellín,1,Food,proyeccion,1063149070.9813498,0.0,1063149070.9813498
2026-08-01,Medellín,1,Health/Social,proyeccion,31186977.37835279,0.0,31186977.37835279
2026-08-01,Medellín,1,Hidrocarburo,proyeccion,164915616.39347106,0.0,164915616.39347106
2026-08-01,Medellín,1,IT/Communication,proyeccion,7953649.085611078,0.0,7953649.085611078
2026-08-01,Medellín,1,Industria,proyeccion,814947410.345506,0.0,814947410.345506
2026-08-01,Medellín,1,Madera y Papel,proyeccion,147913713.3603364,0.0,147913713.3603364
2026-08-01,Medellín,1,Maquinaria y Afines,proyeccion,146305355.83639666,0.0,146305355.83639666
2026-08-01,Medellín,1,Mining,proyeccion,561838945.6396464,0.0,561838945.6396464
2026-08-01,Medellín,1,Persona Natural,proyeccion,32946928.4400005,0.0,32946928.4400005
2026-08-01,Medellín,1,Quimico,proyeccion,531195621.72608465,0.0,531195621.72608465
2026-08-01,Medellín,1,Servicio de apoyo empresarial,proyeccion,115668309.80980116,0.0,115668309.80980116
2026-08-01,Medellín,1,Servicios Publicos,proyeccion,293507272.5401385,0.0,293507272.5401385
2026-08-01,Medellín,1,"Textiles, Confecciones y Cuero",proyeccion,95645983.19131055,0.0,95645983.19131055
2026-08-01,Medellín,1,Transporte y Logistica,proyeccion,128953035.08215813,0.0,128953035.08215813
2026-08-01,Medellín,1,Turistico,proyeccion,7175981.429143033,0.0,7175981.429143033
2026-08-01,Bogotá,2,0,proyeccion,38967925.2210485,0.0,38967925.2210485
2026-08-01,Bogotá,2,Agricultura,proyeccion,449731797.75926536,0.0,449731797.75926536
2026-08-01,Bogotá,2,Articulos Para el Hogar y la Oficina,proyeccion,100619669.53761695,0.0,100619669.53761695
2026-08-01,Bogotá,2,Caucho y Plasticos,proyeccion,36707219.538389154,0.0,36707219.538389154
2026-08-01,Bogotá,2,Comercio,proyeccion,2187066628.576254,0.0,2187066628.576254
2026-08-01,Bogotá,2,Construction,proyeccion,194013923.1690919,0.0,194013923.1690919
2026-08-01,Bogotá,2,Education,proyeccion,8699667.660784729,0.0,8699667.660784729
2026-08-01,Bogotá,2,Empleados,proyeccion,18015114.602732077,0.0,18015114.602732077
2026-08-01,Bogotá,2,Energy supply,proyeccion,25848081.618445188,0.0,25848081.618445188
2026-08-01,Bogotá,2,Equipo de Transporte,proyeccion,307231355.5435512,0.0,307231355.5435512
2026-08-01,Bogotá,2,Food,proyeccion,1245485784.9406428,0.0,1245485784.9406428
2026-08-01,Bogotá,2,Health/Social,proyeccion,24628956.320871983,0.0,24628956.320871983
2026-08-01,Bogotá,2,Hidrocarburo,proyeccion,552491964.6299454,0.0,552491964.6299454
2026-08-01,Bogotá,2,IT/Communication,proyeccion,42897548.0195516,0.0,42897548.0195516
2026-08-01,Bogotá,2,Industria,proyeccion,487504413.4635405,0.0,487504413.4635405
2026-08-01,Bogotá,2,Madera y Papel,proyeccion,97115564.79660313,0.0,97115564.79660313
2026-08-01,Bogotá,2,Maquinaria y Afines,proyeccion,299819224.16424364,0.0,299819224.16424364
2026-08-01,Bogotá,2,Mining,proyeccion,780086106.106139,0.0,780086106.106139
2026-08-01,Bogotá,2,Persona Natural,proyeccion,24789119.677072212,0.0,24789119.677072212
2026-08-01,Bogotá,2,Quimico,proyeccion,540186050.8167537,0.0,540186050.8167537
2026-08-01,Bogotá,2,Servicio de apoyo empresarial,proyeccion,35380268.09487681,0.0,35380268.09487681
2026-08-01,Bogotá,2,Servicios Publicos,proyeccion,102187366.7978291,0.0,102187366.7978291
2026-08-01,Bogotá,2,"Textiles, Confecciones y Cuero",proyeccion,47982229.052563645,0.0,47982229.052563645
2026-08-01,Bogotá,2,Transporte y Logistica,proyeccion,179225324.52037746,0.0,179225324.52037746
2026-08-01,Bogotá,2,Turistico,proyeccion,2741890.0339067425,0.0,2741890.0339067425
2026-08-01,Cali,3,0,proyeccion,32975554.219009712,0.0,32975554.219009712
2026-08-01,Cali,3,Agricultura,proyeccion,28059199.702202864,0.0,28059199.702202864
2026-08-01,Cali,3,Articulos Para el Hogar y la Oficina,proyeccion,26589693.376091566,0.0,26589693.376091566
2026-08-01,Cali,3,Caucho y Plasticos,proyeccion,77741415.18857315,0.0,77741415.18857315
2026-08-01,Cali,3,Comercio,proyeccion,860574031.8768731,0.0,860574031.8768731
2026-08-01,Cali,3,Construction,proyeccion,65248307.94879652,0.0,65248307.94879652
2026-08-01,Cali,3,Education,proyeccion,3174271.704168535,0.0,3174271.704168535
2026-08-01,Cali,3,Empleados,proyeccion,5796759.4063931545,0.0,5796759.4063931545
2026-08-01,Cali,3,Equipo de Transporte,proyeccion,106031765.8975647,0.0,106031765.8975647
2026-08-01,Cali,3,Food,proyeccion,1021203785.4608371,0.0,1021203785.4608371
2026-08-01,Cali,3,Health/Social,proyeccion,1968679.476507882,0.0,1968679.476507882
2026-08-01,Cali,3,Hidrocarburo,proyeccion,31152376.704277348,0.0,31152376.704277348
2026-08-01,Cali,3,IT/Communication,proyeccion,11170696.456558984,0.0,11170696.456558984
2026-08-01,Cali,3,Industria,proyeccion,222562378.65997565,0.0,222562378.65997565
2026-08-01,Cali,3,Madera y Papel,proyeccion,129690629.53155734,0.0,129690629.53155734
2026-08-01,Cali,3,Maquinaria y Afines,proyeccion,64035970.90381319,0.0,64035970.90381319
2026-08-01,Cali,3,Mining,proyeccion,104705203.24825743,0.0,104705203.24825743
2026-08-01,Cali,3,Persona Natural,proyeccion,30246576.35048553,0.0,30246576.35048553
2026-08-01,Cali,3,Quimico,proyeccion,380184614.8223308,0.0,380184614.8223308
2026-08-01,Cali,3,Servicio de apoyo empresarial,proyeccion,5626349.043178337,0.0,5626349.043178337
2026-08-01,Cali,3,Servicios Publicos,proyeccion,47094007.63579559,0.0,47094007.63579559
2026-08-01,Cali,3,"Textiles, Confecciones y Cuero",proyeccion,20288596.341524776,0.0,20288596.341524776
2026-08-01,Cali,3,Transporte y Logistica,proyeccion,35096894.743044,0.0,35096894.743044
2026-08-01,Cali,3,Turistico,proyeccion,7466751.5975726005,0.0,7466751.5975726005
2026-08-01,Barranquilla,4,0,proyeccion,34750715.15631336,0.0,34750715.15631336
2026-08-01,Barranquilla,4,Agricultura,proyeccion,31681053.7961418,0.0,31681053.7961418
2026-08-01,Barranquilla,4,Articulos Para el Hogar y la Oficina,proyeccion,21418906.248617746,0.0,21418906.248617746
2026-08-01,Barranquilla,4,Caucho y Plasticos,proyeccion,24207137.11553905,0.0,24207137.11553905
2026-08-01,Barranquilla,4,Comercio,proyeccion,389123564.05102503,0.0,389123564.05102503
2026-08-01,Barranquilla,4,Construction,proyeccion,199826121.9962102,0.0,199826121.9962102
2026-08-01,Barranquilla,4,Empleados,proyeccion,7372407.673358543,0.0,7372407.673358543
2026-08-01,Barranquilla,4,Equipo de Transporte,proyeccion,12604244.919263218,0.0,12604244.919263218
2026-08-01,Barranquilla,4,Food,proyeccion,315467001.58696705,0.0,315467001.58696705
2026-08-01,Barranquilla,4,Health/Social,proyeccion,8306265.684177085,0.0,8306265.684177085
2026-08-01,Barranquilla,4,Hidrocarburo,proyeccion,57550750.87849294,0.0,57550750.87849294
2026-08-01,Barranquilla,4,Industria,proyeccion,784073672.2250879,0.0,784073672.2250879
2026-08-01,Barranquilla,4,Madera y Papel,proyeccion,53526619.12694989,0.0,53526619.12694989
2026-08-01,Barranquilla,4,Maquinaria y Afines,proyeccion,107847124.79378018,0.0,107847124.79378018
2026-08-01,Barranquilla,4,Mining,proyeccion,766757139.1080078,0.0,766757139.1080078
2026-08-01,Barranquilla,4,Persona Natural,proyeccion,13847930.10005886,0.0,13847930.10005886
2026-08-01,Barranquilla,4,Quimico,proyeccion,206037340.87406868,0.0,206037340.87406868
2026-08-01,Barranquilla,4,Servicio de apoyo empresarial,proyeccion,12984492.083780138,0.0,12984492.083780138
2026-08-01,Barranquilla,4,Servicios Publicos,proyeccion,72295514.58486897,0.0,72295514.58486897
2026-08-01,Barranquilla,4,"Textiles, Confecciones y Cuero",proyeccion,32708242.34664941,0.0,32708242.34664941
2026-08-01,Barranquilla,4,Transporte y Logistica,proyeccion,65091345.70553689,0.0,65091345.70553689
2026-08-01,Cartagena,5,0,proyeccion,30424053.01776188,0.0,30424053.01776188
2026-08-01,Cartagena,5,Caucho y Plasticos,proyeccion,8053735.657252834,0.0,8053735.657252834
2026-08-01,Cartagena,5,Comercio,proyeccion,396534271.09986776,0.0,396534271.09986776
2026-08-01,Cartagena,5,Construction,proyeccion,349779054.9278666,0.0,349779054.9278666
2026-08-01,Cartagena,5,Empleados,proyeccion,7446951.078711215,0.0,7446951.078711215
2026-08-01,Cartagena,5,Equipo de Transporte,proyeccion,7565197.774412982,0.0,7565197.774412982
2026-08-01,Cartagena,5,Food,proyeccion,318702557.36403406,0.0,318702557.36403406
2026-08-01,Cartagena,5,Health/Social,proyeccion,18155968.06375731,0.0,18155968.06375731
2026-08-01,Cartagena,5,Hidrocarburo,proyeccion,330408842.74121994,0.0,330408842.74121994
2026-08-01,Cartagena,5,Industria,proyeccion,387277554.2770301,0.0,387277554.2770301
2026-08-01,Cartagena,5,Madera y Papel,proyeccion,93399507.90061247,0.0,93399507.90061247
2026-08-01,Cartagena,5,Maquinaria y Afines,proyeccion,44512144.52424853,0.0,44512144.52424853
2026-08-01,Cartagena,5,Mining,proyeccion,170391441.81177795,0.0,170391441.81177795
2026-08-01,Cartagena,5,Persona Natural,proyeccion,20351205.801180936,0.0,20351205.801180936
2026-08-01,Cartagena,5,Quimico,proyeccion,229274761.937391,0.0,229274761.937391
2026-08-01,Cartagena,5,Servicio de apoyo empresarial,proyeccion,21035685.67207756,0.0,21035685.67207756
2026-08-01,Cartagena,5,Servicios Publicos,proyeccion,369917065.750439,0.0,369917065.750439
2026-08-01,Cartagena,5,Transporte y Logistica,proyeccion,182125737.558944,0.0,182125737.558944
2026-08-01,Cartagena,5,Turistico,proyeccion,5618110.833550978,0.0,5618110.833550978
2026-09-01,Medellín,1,0,proyeccion,64900260.71105391,0.0,64900260.71105391
2026-09-01,Medellín,1,Agricultura,proyeccion,465478034.63825965,0.0,465478034.63825965
2026-09-01,Medellín,1,Articulos Para el Hogar y la Oficina,proyeccion,31312085.852236442,0.0,31312085.852236442
2026-09-01,Medellín,1,Caucho y Plasticos,proyeccion,59471579.86060309,0.0,59471579.86060309
2026-09-01,Medellín,1,Comercio,proyeccion,2009364537.4996927,0.0,2009364537.4996927
2026-09-01,Medellín,1,Construction,proyeccion,492909153.8965722,0.0,492909153.8965722
2026-09-01,Medellín,1,Education,proyeccion,4863237.648159207,0.0,4863237.648159207
2026-09-01,Medellín,1,Empleados,proyeccion,17734361.42445284,0.0,17734361.42445284
2026-09-01,Medellín,1,Equipo de Transporte,proyeccion,27769952.540335014,0.0,27769952.540335014
2026-09-01,Medellín,1,Food,proyeccion,993307751.2891421,0.0,993307751.2891421
2026-09-01,Medellín,1,Health/Social,proyeccion,33797551.30368497,0.0,33797551.30368497
2026-09-01,Medellín,1,Hidrocarburo,proyeccion,170278346.63901317,0.0,170278346.63901317
2026-09-01,Medellín,1,IT/Communication,proyeccion,8247428.457983691,0.0,8247428.457983691
2026-09-01,Medellín,1,Industria,proyeccion,873384657.0881108,0.0,873384657.0881108
2026-09-01,Medellín,1,Madera y Papel,proyeccion,142772750.19704533,0.0,142772750.19704533
2026-09-01,Medellín,1,Maquinaria y Afines,proyeccion,146375651.0821052,0.0,146375651.0821052
2026-09-01,Medellín,1,Mining,proyeccion,547779938.3773879,0.0,547779938.3773879
2026-09-01,Medellín,1,Persona Natural,proyeccion,33935922.924883224,0.0,33935922.924883224
2026-09-01,Medellín,1,Quimico,proyeccion,473215269.5238726,0.0,473215269.5238726
2026-09-01,Medellín,1,Servicio de apoyo empresarial,proyeccion,121228717.69296122,0.0,121228717.69296122
2026-09-01,Medellín,1,Servicios Publicos,proyeccion,346081914.72703886,0.0,346081914.72703886
2026-09-01,Medellín,1,"Textiles, Confecciones y Cuero",proyeccion,100106392.72578421,0.0,100106392.72578421
2026-09-01,Medellín,1,Transporte y Logistica,proyeccion,129697876.87305486,0.0,129697876.87305486
2026-09-01,Medellín,1,Turistico,proyeccion,7098562.016867528,0.0,7098562.016867528
2026-09-01,Bogotá,2,0,proyeccion,38937389.1627785,0.0,38937389.1627785
2026-09-01,Bogotá,2,Agricultura,proyeccion,437276487.34815496,0.0,437276487.34815496
2026-09-01,Bogotá,2,Articulos Para el Hogar y la Oficina,proyeccion,99688803.69461393,0.0,99688803.69461393
2026-09-01,Bogotá,2,Caucho y Plasticos,proyeccion,36935345.475196615,0.0,36935345.475196615
2026-09-01,Bogotá,2,Comercio,proyeccion,2206559759.203467,0.0,2206559759.203467
2026-09-01,Bogotá,2,Construction,proyeccion,220841742.23456946,0.0,220841742.23456946
2026-09-01,Bogotá,2,Education,proyeccion,7152363.892245636,0.0,7152363.892245636
2026-09-01,Bogotá,2,Empleados,proyeccion,19282049.15682788,0.0,19282049.15682788
2026-09-01,Bogotá,2,Energy supply,proyeccion,18414095.64607937,0.0,18414095.64607937
2026-09-01,Bogotá,2,Equipo de Transporte,proyeccion,319294135.6094527,0.0,319294135.6094527
2026-09-01,Bogotá,2,Food,proyeccion,1261786393.025935,0.0,1261786393.025935
2026-09-01,Bogotá,2,Health/Social,proyeccion,25120767.281900853,0.0,25120767.281900853
2026-09-01,Bogotá,2,Hidrocarburo,proyeccion,568280724.5359466,0.0,568280724.5359466
2026-09-01,Bogotá,2,IT/Communication,proyeccion,28704933.64559868,0.0,28704933.64559868
2026-09-01,Bogotá,2,Industria,proyeccion,476595801.82010573,0.0,476595801.82010573
2026-09-01,Bogotá,2,Madera y Papel,proyeccion,100395727.76755196,0.0,100395727.76755196
2026-09-01,Bogotá,2,Maquinaria y Afines,proyeccion,324691136.8258094,0.0,324691136.8258094
2026-09-01,Bogotá,2,Mining,proyeccion,792856426.9831114,0.0,792856426.9831114
2026-09-01,Bogotá,2,Persona Natural,proyeccion,24673035.69094603,0.0,24673035.69094603
2026-09-01,Bogotá,2,Quimico,proyeccion,527210679.30960536,0.0,527210679.30960536
2026-09-01,Bogotá,2,Servicio de apoyo empresarial,proyeccion,34070363.81718384,0.0,34070363.81718384
2026-09-01,Bogotá,2,Servicios Publicos,proyeccion,104240230.93223211,0.0,104240230.93223211
2026-09-01,Bogotá,2,"Textiles, Confecciones y Cuero",proyeccion,44484661.95983511,0.0,44484661.95983511
2026-09-01,Bogotá,2,Transporte y Logistica,proyeccion,189219614.4314218,0.0,189219614.4314218
2026-09-01,Bogotá,2,Turistico,proyeccion,2748504.9047368,0.0,2748504.9047368
2026-09-01,Cali,3,0,proyeccion,31938790.59653289,0.0,31938790.59653289
2026-09-01,Cali,3,Agricultura,proyeccion,26878662.36578001,0.0,26878662.36578001
2026-09-01,Cali,3,Articulos Para el Hogar y la Oficina,proyeccion,24392705.793824114,0.0,24392705.793824114
2026-09-01,Cali,3,Caucho y Plasticos,proyeccion,87490141.1895523,0.0,87490141.1895523
2026-09-01,Cali,3,Comercio,proyeccion,884390235.0428997,0.0,884390235.0428997
2026-09-01,Cali,3,Construction,proyeccion,69992464.46416274,0.0,69992464.46416274
2026-09-01,Cali,3,Education,proyeccion,3479896.765497064,0.0,3479896.765497064
2026-09-01,Cali,3,Empleados,proyeccion,7791708.728439234,0.0,7791708.728439234
2026-09-01,Cali,3,Equipo de Transporte,proyeccion,105492433.83218616,0.0,105492433.83218616
2026-09-01,Cali,3,Food,proyeccion,1215519746.131013,0.0,1215519746.131013
2026-09-01,Cali,3,Health/Social,proyeccion,2010977.6893222313,0.0,2010977.6893222313
2026-09-01,Cali,3,Hidrocarburo,proyeccion,30292330.80731279,0.0,30292330.80731279
2026-09-01,Cali,3,IT/Communication,proyeccion,11082284.561327511,0.0,11082284.561327511
2026-09-01,Cali,3,Industria,proyeccion,254351713.9783284,0.0,254351713.9783284
2026-09-01,Cali,3,Madera y Papel,proyeccion,136131363.21293432,0.0,136131363.21293432
2026-09-01,Cali,3,Maquinaria y Afines,proyeccion,66073877.75660446,0.0,66073877.75660446
2026-09-01,Cali,3,Mining,proyeccion,104893908.80176686,0.0,104893908.80176686
2026-09-01,Cali,3,Persona Natural,proyeccion,30900332.043178033,0.0,30900332.043178033
2026-09-01,Cali,3,Quimico,proyeccion,403086282.400201,0.0,403086282.400201
2026-09-01,Cali,3,Servicio de apoyo empresarial,proyeccion,5777071.116570896,0.0,5777071.116570896
2026-09-01,Cali,3,Servicios Publicos,proyeccion,39900971.31407885,0.0,39900971.31407885
2026-09-01,Cali,3,"Textiles, Confecciones y Cuero",proyeccion,19048984.83881822,0.0,19048984.83881822
2026-09-01,Cali,3,Transporte y Logistica,proyeccion,33133767.441680383,0.0,33133767.441680383
2026-09-01,Cali,3,Turistico,proyeccion,7748354.878893863,0.0,7748354.878893863
2026-09-01,Barranquilla,4,0,proyeccion,34582230.31229608,0.0,34582230.31229608
2026-09-01,Barranquilla,4,Agricultura,proyeccion,33594378.53246941,0.0,33594378.53246941
2026-09-01,Barranquilla,4,Articulos Para el Hogar y la Oficina,proyeccion,24647326.081776753,0.0,24647326.081776753
2026-09-01,Barranquilla,4,Caucho y Plasticos,proyeccion,20974255.391054314,0.0,20974255.391054314
2026-09-01,Barranquilla,4,Comercio,proyeccion,408623344.51647425,0.0,408623344.51647425
2026-09-01,Barranquilla,4,Construction,proyeccion,198691480.29718396,0.0,198691480.29718396
2026-09-01,Barranquilla,4,Empleados,proyeccion,8212329.3453067895,0.0,8212329.3453067895
2026-09-01,Barranquilla,4,Equipo de Transporte,proyeccion,12917800.983597195,0.0,12917800.983597195
2026-09-01,Barranquilla,4,Food,proyeccion,316179076.8937042,0.0,316179076.8937042
2026-09-01,Barranquilla,4,Health/Social,proyeccion,7756648.676789625,0.0,7756648.676789625
2026-09-01,Barranquilla,4,Hidrocarburo,proyeccion,58943215.46224441,0.0,58943215.46224441
2026-09-01,Barranquilla,4,Industria,proyeccion,879642669.095579,0.0,879642669.095579
2026-09-01,Barranquilla,4,Madera y Papel,proyeccion,55101297.69103555,0.0,55101297.69103555
2026-09-01,Barranquilla,4,Maquinaria y Afines,proyeccion,107708559.61667542,0.0,107708559.61667542
2026-09-01,Barranquilla,4,Mining,proyeccion,795301111.6315985,0.0,795301111.6315985
2026-09-01,Barranquilla,4,Persona Natural,proyeccion,18157358.216153007,0.0,18157358.216153007
2026-09-01,Barranquilla,4,Quimico,proyeccion,216482458.4225365,0.0,216482458.4225365
2026-09-01,Barranquilla,4,Servicio de apoyo empresarial,proyeccion,13222500.83953424,0.0,13222500.83953424
2026-09-01,Barranquilla,4,Servicios Publicos,proyeccion,73117490.1314874,0.0,73117490.1314874
2026-09-01,Barranquilla,4,"Textiles, Confecciones y Cuero",proyeccion,32816375.274569824,0.0,32816375.274569824
2026-09-01,Barranquilla,4,Transporte y Logistica,proyeccion,64027198.32297906,0.0,64027198.32297906
2026-09-01,Cartagena,5,0,proyeccion,32032895.338312965,0.0,32032895.338312965
2026-09-01,Cartagena,5,Caucho y Plasticos,proyeccion,10179568.105107062,0.0,10179568.105107062
2026-09-01,Cartagena,5,Comercio,proyeccion,399679271.56922483,0.0,399679271.56922483
2026-09-01,Cartagena,5,Construction,proyeccion,349482416.5638253,0.0,349482416.5638253
2026-09-01,Cartagena,5,Empleados,proyeccion,9105595.289152922,0.0,9105595.289152922
2026-09-01,Cartagena,5,Equipo de Transporte,proyeccion,8054960.095121316,0.0,8054960.095121316
2026-09-01,Cartagena,5,Food,proyeccion,330480738.2901691,0.0,330480738.2901691
2026-09-01,Cartagena,5,Health/Social,proyeccion,18189443.838398393,0.0,18189443.838398393
2026-09-01,Cartagena,5,Hidrocarburo,proyeccion,306627040.54164743,0.0,306627040.54164743
2026-09-01,Cartagena,5,Industria,proyeccion,393425840.916514,0.0,393425840.916514
2026-09-01,Cartagena,5,Madera y Papel,proyeccion,96509909.00121836,0.0,96509909.00121836
2026-09-01,Cartagena,5,Maquinaria y Afines,proyeccion,50046462.43062023,0.0,50046462.43062023
2026-09-01,Cartagena,5,Mining,proyeccion,172765860.95168605,0.0,172765860.95168605
2026-09-01,Cartagena,5,Persona Natural,proyeccion,20722125.67694728,0.0,20722125.67694728
2026-09-01,Cartagena,5,Quimico,proyeccion,230504639.2579113,0.0,230504639.2579113
2026-09-01,Cartagena,5,Servicio de apoyo empresarial,proyeccion,23058865.772293463,0.0,23058865.772293463
2026-09-01,Cartagena,5,Servicios Publicos,proyeccion,485545734.45667624,0.0,485545734.45667624
2026-09-01,Cartagena,5,Transporte y Logistica,proyeccion,190613619.4497143,0.0,190613619.4497143
2026-09-01,Cartagena,5,Turistico,proyeccion,6125536.9254891435,0.0,6125536.9254891435
2026-10-01,Medellín,1,0,proyeccion,72733396.19378006,0.0,72733396.19378006
2026-10-01,Medellín,1,Agricultura,proyeccion,465276240.1887986,0.0,465276240.1887986
2026-10-01,Medellín,1,Articulos Para el Hogar y la Oficina,proyeccion,32014687.798476882,0.0,32014687.798476882
2026-10-01,Medellín,1,Caucho y Plasticos,proyeccion,62902526.19129118,0.0,62902526.19129118
2026-10-01,Medellín,1,Comercio,proyeccion,2013164978.7287257,0.0,2013164978.7287257
2026-10-01,Medellín,1,Construction,proyeccion,456145365.5879302,0.0,456145365.5879302
2026-10-01,Medellín,1,Education,proyeccion,5217270.809343978,0.0,5217270.809343978
2026-10-01,Medellín,1,Empleados,proyeccion,19105849.01033452,0.0,19105849.01033452
2026-10-01,Medellín,1,Equipo de Transporte,proyeccion,31437210.774101328,0.0,31437210.774101328
2026-10-01,Medellín,1,Food,proyeccion,1206123403.8230753,0.0,1206123403.8230753
2026-10-01,Medellín,1,Health/Social,proyeccion,32575164.534336995,0.0,32575164.534336995
2026-10-01,Medellín,1,Hidrocarburo,proyeccion,178796342.4109264,0.0,178796342.4109264
2026-10-01,Medellín,1,IT/Communication,proyeccion,8225972.15375802,0.0,8225972.15375802
2026-10-01,Medellín,1,Industria,proyeccion,895059388.6532217,0.0,895059388.6532217
2026-10-01,Medellín,1,Madera y Papel,proyeccion,147739863.08464462,0.0,147739863.08464462
2026-10-01,Medellín,1,Maquinaria y Afines,proyeccion,153233119.13442403,0.0,153233119.13442403
2026-10-01,Medellín,1,Mining,proyeccion,602907901.6369224,0.0,602907901.6369224
2026-10-01,Medellín,1,Persona Natural,proyeccion,34374447.13873729,0.0,34374447.13873729
2026-10-01,Medellín,1,Quimico,proyeccion,492245741.63745326,0.0,492245741.63745326
2026-10-01,Medellín,1,Servicio de apoyo empresarial,proyeccion,115503761.83781254,0.0,115503761.83781254
2026-10-01,Medellín,1,Servicios Publicos,proyeccion,345638117.5029451,0.0,345638117.5029451
2026-10-01,Medellín,1,"Textiles, Confecciones y Cuero",proyeccion,105555634.61382614,0.0,105555634.61382614
2026-10-01,Medellín,1,Transporte y Logistica,proyeccion,132336852.2316966,0.0,132336852.2316966
2026-10-01,Medellín,1,Turistico,proyeccion,7070593.297929294,0.0,7070593.297929294
2026-10-01,Bogotá,2,0,proyeccion,35204014.62827347,0.0,35204014.62827347
2026-10-01,Bogotá,2,Agricultura,proyeccion,450168882.42126524,0.0,450168882.42126524
2026-10-01,Bogotá,2,Articulos Para el Hogar y la Oficina,proyeccion,99042411.00491199,0.0,99042411.00491199
2026-10-01,Bogotá,2,Caucho y Plasticos,proyeccion,39975088.55323983,0.0,39975088.55323983
2026-10-01,Bogotá,2,Comercio,proyeccion,2207188397.7460766,0.0,2207188397.7460766
2026-10-01,Bogotá,2,Construction,proyeccion,200683849.06943378,0.0,200683849.06943378
2026-10-01,Bogotá,2,Education,proyeccion,8265094.430136404,0.0,8265094.430136404
2026-10-01,Bogotá,2,Empleados,proyeccion,19495966.77709574,0.0,19495966.77709574
2026-10-01,Bogotá,2,Energy supply,proyeccion,18956969.146462835,0.0,18956969.146462835
2026-10-01,Bogotá,2,Equipo de Transporte,proyeccion,305280049.44000614,0.0,305280049.44000614
2026-10-01,Bogotá,2,Food,proyeccion,1241219465.2099106,0.0,1241219465.2099106
2026-10-01,Bogotá,2,Health/Social,proyeccion,25039075.71308642,0.0,25039075.71308642
2026-10-01,Bogotá,2,Hidrocarburo,proyeccion,540824671.3151743,0.0,540824671.3151743
2026-10-01,Bogotá,2,IT/Communication,proyeccion,32319117.304549333,0.0,32319117.304549333
2026-10-01,Bogotá,2,Industria,proyeccion,485375931.1233181,0.0,485375931.1233181
2026-10-01,Bogotá,2,Madera y Papel,proyeccion,103670838.41220888,0.0,103670838.41220888
2026-10-01,Bogotá,2,Maquinaria y Afines,proyeccion,305899988.49943346,0.0,305899988.49943346
2026-10-01,Bogotá,2,Mining,proyeccion,772245727.0296265,0.0,772245727.0296265
2026-10-01,Bogotá,2,Persona Natural,proyeccion,29563160.279099632,0.0,29563160.279099632
2026-10-01,Bogotá,2,Quimico,proyeccion,504549947.8336388,0.0,504549947.8336388
2026-10-01,Bogotá,2,Servicio de apoyo empresarial,proyeccion,34004590.96093997,0.0,34004590.96093997
2026-10-01,Bogotá,2,Servicios Publicos,proyeccion,103880742.13819408,0.0,103880742.13819408
2026-10-01,Bogotá,2,"Textiles, Confecciones y Cuero",proyeccion,47545252.38570957,0.0,47545252.38570957
2026-10-01,Bogotá,2,Transporte y Logistica,proyeccion,189396831.7136363,0.0,189396831.7136363
2026-10-01,Bogotá,2,Turistico,proyeccion,2629078.794059285,0.0,2629078.794059285
2026-10-01,Cali,3,0,proyeccion,32632960.708443433,0.0,32632960.708443433
2026-10-01,Cali,3,Agricultura,proyeccion,27496314.674861196,0.0,27496314.674861196
2026-10-01,Cali,3,Articulos Para el Hogar y la Oficina,proyeccion,24925167.817454576,0.0,24925167.817454576
2026-10-01,Cali,3,Caucho y Plasticos,proyeccion,88518442.13391618,0.0,88518442.13391618
2026-10-01,Cali,3,Comercio,proyeccion,907496596.2191728,0.0,907496596.2191728
2026-10-01,Cali,3,Construction,proyeccion,71864011.13751815,0.0,71864011.13751815
2026-10-01,Cali,3,Education,proyeccion,3137553.2121750433,0.0,3137553.2121750433
2026-10-01,Cali,3,Empleados,proyeccion,9641054.585593242,0.0,9641054.585593242
2026-10-01,Cali,3,Equipo de Transporte,proyeccion,104192733.03803949,0.0,104192733.03803949
2026-10-01,Cali,3,Food,proyeccion,1195468623.2234385,0.0,1195468623.2234385
2026-10-01,Cali,3,Health/Social,proyeccion,2045475.198780791,0.0,2045475.198780791
2026-10-01,Cali,3,Hidrocarburo,proyeccion,31398334.079976067,0.0,31398334.079976067
2026-10-01,Cali,3,IT/Communication,proyeccion,11826480.226042168,0.0,11826480.226042168
2026-10-01,Cali,3,Industria,proyeccion,237471925.13344163,0.0,237471925.13344163
2026-10-01,Cali,3,Madera y Papel,proyeccion,141380532.56551275,0.0,141380532.56551275
2026-10-01,Cali,3,Maquinaria y Afines,proyeccion,71832725.92233449,0.0,71832725.92233449
2026-10-01,Cali,3,Mining,proyeccion,105388190.12868689,0.0,105388190.12868689
2026-10-01,Cali,3,Persona Natural,proyeccion,31004958.280841183,0.0,31004958.280841183
2026-10-01,Cali,3,Quimico,proyeccion,411813138.12057745,0.0,411813138.12057745
2026-10-01,Cali,3,Servicio de apoyo empresarial,proyeccion,6908853.459702203,0.0,6908853.459702203
2026-10-01,Cali,3,Servicios Publicos,proyeccion,38674890.49691545,0.0,38674890.49691545
2026-10-01,Cali,3,"Textiles, Confecciones y Cuero",proyeccion,18293172.208451387,0.0,18293172.208451387
2026-10-01,Cali,3,Transporte y Logistica,proyeccion,35358703.94082814,0.0,35358703.94082814
2026-10-01,Cali,3,Turistico,proyeccion,8721641.131225748,0.0,8721641.131225748
2026-10-01,Barranquilla,4,0,proyeccion,38020506.15121111,0.0,38020506.15121111
2026-10-01,Barranquilla,4,Agricultura,proyeccion,40176300.17003691,0.0,40176300.17003691
2026-10-01,Barranquilla,4,Articulos Para el Hogar y la Oficina,proyeccion,23963744.33589559,0.0,23963744.33589559
2026-10-01,Barranquilla,4,Caucho y Plasticos,proyeccion,21736542.22017009,0.0,21736542.22017009
2026-10-01,Barranquilla,4,Comercio,proyeccion,389993444.7695525,0.0,389993444.7695525
2026-10-01,Barranquilla,4,Construction,proyeccion,175987802.8563982,0.0,175987802.8563982
2026-10-01,Barranquilla,4,Empleados,proyeccion,9472250.457429137,0.0,9472250.457429137
2026-10-01,Barranquilla,4,Equipo de Transporte,proyeccion,12856438.849690018,0.0,12856438.849690018
2026-10-01,Barranquilla,4,Food,proyeccion,323902472.847699,0.0,323902472.847699
2026-10-01,Barranquilla,4,Health/Social,proyeccion,8828212.995363897,0.0,8828212.995363897
2026-10-01,Barranquilla,4,Hidrocarburo,proyeccion,58982680.107431196,0.0,58982680.107431196
2026-10-01,Barranquilla,4,Industria,proyeccion,777016849.3554692,0.0,777016849.3554692
2026-10-01,Barranquilla,4,Madera y Papel,proyeccion,59018690.50630399,0.0,59018690.50630399
2026-10-01,Barranquilla,4,Maquinaria y Afines,proyeccion,107829820.21501389,0.0,107829820.21501389
2026-10-01,Barranquilla,4,Mining,proyeccion,797604428.6886072,0.0,797604428.6886072
2026-10-01,Barranquilla,4,Persona Natural,proyeccion,19343299.568910208,0.0,19343299.568910208
2026-10-01,Barranquilla,4,Quimico,proyeccion,227026244.8707068,0.0,227026244.8707068
2026-10-01,Barranquilla,4,Servicio de apoyo empresarial,proyeccion,13633479.878249299,0.0,13633479.878249299
2026-10-01,Barranquilla,4,Servicios Publicos,proyeccion,74878381.24684098,0.0,74878381.24684098
2026-10-01,Barranquilla,4,"Textiles, Confecciones y Cuero",proyeccion,32642318.299604006,0.0,32642318.299604006
2026-10-01,Barranquilla,4,Transporte y Logistica,proyeccion,63670546.555894434,0.0,63670546.555894434
2026-10-01,Cartagena,5,0,proyeccion,32753624.81554181,0.0,32753624.81554181
2026-10-01,Cartagena,5,Caucho y Plasticos,proyeccion,9536040.748541174,0.0,9536040.748541174
2026-10-01,Cartagena,5,Comercio,proyeccion,388058784.6807864,0.0,388058784.6807864
2026-10-01,Cartagena,5,Construction,proyeccion,368205366.5046582,0.0,368205366.5046582
2026-10-01,Cartagena,5,Empleados,proyeccion,10173463.330244543,0.0,10173463.330244543
2026-10-01,Cartagena,5,Equipo de Transporte,proyeccion,9526357.642765248,0.0,9526357.642765248
2026-10-01,Cartagena,5,Food,proyeccion,326996266.6859786,0.0,326996266.6859786
2026-10-01,Cartagena,5,Health/Social,proyeccion,18294144.407042127,0.0,18294144.407042127
2026-10-01,Cartagena,5,Hidrocarburo,proyeccion,312306815.8347402,0.0,312306815.8347402
2026-10-01,Cartagena,5,Industria,proyeccion,384384924.6337285,0.0,384384924.6337285
2026-10-01,Cartagena,5,Madera y Papel,proyeccion,97215372.81992327,0.0,97215372.81992327
2026-10-01,Cartagena,5,Maquinaria y Afines,proyeccion,48119914.579715446,0.0,48119914.579715446
2026-10-01,Cartagena,5,Mining,proyeccion,181627609.70594457,0.0,181627609.70594457
2026-10-01,Cartagena,5,Persona Natural,proyeccion,21108385.936891235,0.0,21108385.936891235
2026-10-01,Cartagena,5,Quimico,proyeccion,220655042.91253603,0.0,220655042.91253603
2026-10-01,Cartagena,5,Servicio de apoyo empresarial,proyeccion,23641333.590061,0.0,23641333.590061
2026-10-01,Cartagena,5,Servicios Publicos,proyeccion,364658941.7867397,0.0,364658941.7867397
2026-10-01,Cartagena,5,Transporte y Logistica,proyeccion,198624231.04734507,0.0,198624231.04734507
2026-10-01,Cartagena,5,Turistico,proyeccion,5979976.388105817,0.0,5979976.388105817
