fecha,Sucursal,bodega,sector,tipo,venta_neta,lineas,facturas
2024-01-01,Medellín,1,0,historico,88468854.85,506.0,308.0
2024-02-01,Medellín,1,0,historico,93004465.28,540.0,362.0
2024-03-01,Medellín,1,0,historico,94657412.58,529.0,347.0
2024-04-01,Medellín,1,0,historico,69885937.79,491.0,341.0
2024-05-01,Medellín,1,0,historico,80997623.5,498.0,336.0
2024-06-01,Medellín,1,0,historico,45904336.6,350.0,256.0
2024-07-01,Medellín,1,0,historico,86430427.03,508.0,338.0
2024-08-01,Medellín,1,0,historico,91021374.7,489.0,292.0
2024-09-01,Medellín,1,0,historico,126877917.3,508.0,338.0
2024-10-01,Medellín,1,0,historico,81396127.66,543.0,351.0
2024-11-01,Medellín,1,0,historico,79292712.47,484.0,316.0
2024-12-01,Medellín,1,0,historico,149439504.54,432.0,308.0
2025-01-01,Medellín,1,0,historico,117858653.01,561.0,336.0
2025-02-01,Medellín,1,0,historico,90732740.7,407.0,249.0
2025-03-01,Medellín,1,0,historico,93530362.92,359.0,219.0
2025-04-01,Medellín,1,0,historico,67148491.09,305.0,205.0
2025-05-01,Medellín,1,0,historico,74531329.87,406.0,248.0
2025-06-01,Medellín,1,0,historico,75877973.6,279.0,192.0
2025-07-01,Medellín,1,0,historico,93261107.86,1189.0,240.0
2025-08-01,Medellín,1,0,historico,126793298.65,290.0,175.0
2025-09-01,Medellín,1,0,historico,69890887.18,283.0,170.0
2025-10-01,Medellín,1,0,historico,84271759.25,332.0,210.0
2025-11-01,Medellín,1,0,historico,29664642.3,215.0,138.0
2025-12-01,Medellín,1,0,historico,47813667.3,192.0,132.0
2026-01-01,Medellín,1,0,historico,49497780.4,242.0,155.0
2026-02-01,Medellín,1,0,historico,44666103.44,264.0,177.0
2026-03-01,Medellín,1,0,historico,21065489.0,123.0,77.0
2026-04-01,Medellín,1,0,historico,52198055.0,204.0,120.0
2024-01-01,Medellín,1,Agricultura,historico,88186038.0,145.0,56.0
2024-02-01,Medellín,1,Agricultura,historico,87791734.0,359.0,66.0
2024-03-01,Medellín,1,Agricultura,historico,146235990.8,462.0,98.0
2024-04-01,Medellín,1,Agricultura,historico,213918783.88,604.0,145.0
2024-05-01,Medellín,1,Agricultura,historico,131069166.0,532.0,103.0
2024-06-01,Medellín,1,Agricultura,historico,166328515.0,609.0,125.0
2024-07-01,Medellín,1,Agricultura,historico,138774175.2,755.0,153.0
2024-08-01,Medellín,1,Agricultura,historico,155460684.56,702.0,157.0
2024-09-01,Medellín,1,Agricultura,historico,379134051.5,1455.0,299.0
2024-10-01,Medellín,1,Agricultura,historico,227472673.0,789.0,219.0
2024-11-01,Medellín,1,Agricultura,historico,256756498.0,1025.0,212.0
2024-12-01,Medellín,1,Agricultura,historico,484454432.0,1298.0,245.0
2025-01-01,Medellín,1,Agricultura,historico,313004685.36,1215.0,301.0
2025-02-01,Medellín,1,Agricultura,historico,379853506.8,1084.0,269.0
2025-03-01,Medellín,1,Agricultura,historico,402807078.5,1269.0,261.0
2025-04-01,Medellín,1,Agricultura,historico,193824514.0,905.0,211.0
2025-05-01,Medellín,1,Agricultura,historico,437844369.44,1594.0,355.0
2025-06-01,Medellín,1,Agricultura,historico,323185530.0,1075.0,290.0
2025-07-01,Medellín,1,Agricultura,historico,358567493.46,1382.0,373.0
2025-08-01,Medellín,1,Agricultura,historico,345505072.3,1291.0,284.0
2025-09-01,Medellín,1,Agricultura,historico,548710328.28,1927.0,354.0
2025-10-01,Medellín,1,Agricultura,historico,469019590.68,1300.0,258.0
2025-11-01,Medellín,1,Agricultura,historico,336220920.74,1449.0,348.0
2025-12-01,Medellín,1,Agricultura,historico,537175717.9,1897.0,467.0
2026-01-01,Medellín,1,Agricultura,historico,264333949.0,1075.0,268.0
2026-02-01,Medellín,1,Agricultura,historico,320617498.2,1046.0,291.0
2026-03-01,Medellín,1,Agricultura,historico,474173339.0,1866.0,335.0
2026-04-01,Medellín,1,Agricultura,historico,417800460.95,1467.0,338.0
2024-01-01,Medellín,1,Articulos Para el Hogar y la Oficina,historico,2385276.0,4.0,4.0
2024-02-01,Medellín,1,Articulos Para el Hogar y la Oficina,historico,17202796.0,29.0,18.0
2024-03-01,Medellín,1,Articulos Para el Hogar y la Oficina,historico,37085470.0,29.0,16.0
2024-04-01,Medellín,1,Articulos Para el Hogar y la Oficina,historico,13635941.0,20.0,12.0
2024-05-01,Medellín,1,Articulos Para el Hogar y la Oficina,historico,5666698.0,10.0,8.0
2024-06-01,Medellín,1,Articulos Para el Hogar y la Oficina,historico,4544685.0,12.0,10.0
2024-07-01,Medellín,1,Articulos Para el Hogar y la Oficina,historico,5138148.0,9.0,9.0
2024-08-01,Medellín,1,Articulos Para el Hogar y la Oficina,historico,6317770.0,18.0,10.0
2024-09-01,Medellín,1,Articulos Para el Hogar y la Oficina,historico,38504458.0,36.0,22.0
2024-10-01,Medellín,1,Articulos Para el Hogar y la Oficina,historico,14166941.0,31.0,17.0
2024-11-01,Medellín,1,Articulos Para el Hogar y la Oficina,historico,23683591.0,38.0,21.0
2024-12-01,Medellín,1,Articulos Para el Hogar y la Oficina,historico,2714643.0,22.0,12.0
2025-01-01,Medellín,1,Articulos Para el Hogar y la Oficina,historico,17213272.0,34.0,18.0
2025-02-01,Medellín,1,Articulos Para el Hogar y la Oficina,historico,10531962.0,17.0,12.0
2025-03-01,Medellín,1,Articulos Para el Hogar y la Oficina,historico,13961014.0,27.0,16.0
2025-04-01,Medellín,1,Articulos Para el Hogar y la Oficina,historico,19073115.0,20.0,16.0
2025-05-01,Medellín,1,Articulos Para el Hogar y la Oficina,historico,30330139.0,39.0,24.0
2025-06-01,Medellín,1,Articulos Para el Hogar y la Oficina,historico,17916936.0,32.0,20.0
2025-07-01,Medellín,1,Articulos Para el Hogar y la Oficina,historico,15828709.0,21.0,18.0
2025-08-01,Medellín,1,Articulos Para el Hogar y la Oficina,historico,20164047.0,40.0,24.0
2025-09-01,Medellín,1,Articulos Para el Hogar y la Oficina,historico,24734358.75,55.0,21.0
2025-10-01,Medellín,1,Articulos Para el Hogar y la Oficina,historico,33804180.0,40.0,26.0
2025-11-01,Medellín,1,Articulos Para el Hogar y la Oficina,historico,40430027.0,42.0,24.0
2025-12-01,Medellín,1,Articulos Para el Hogar y la Oficina,historico,32119329.0,45.0,24.0
2026-01-01,Medellín,1,Articulos Para el Hogar y la Oficina,historico,26056185.0,31.0,18.0
2026-02-01,Medellín,1,Articulos Para el Hogar y la Oficina,historico,15061839.0,28.0,17.0
2026-03-01,Medellín,1,Articulos Para el Hogar y la Oficina,historico,19229865.0,52.0,26.0
2026-04-01,Medellín,1,Articulos Para el Hogar y la Oficina,historico,12770738.0,45.0,16.0
2024-01-01,Medellín,1,Caucho y Plasticos,historico,45014011.0,93.0,52.0
2024-02-01,Medellín,1,Caucho y Plasticos,historico,63095607.08,92.0,64.0
2024-03-01,Medellín,1,Caucho y Plasticos,historico,50018986.0,99.0,53.0
2024-04-01,Medellín,1,Caucho y Plasticos,historico,82011362.5,90.0,70.0
2024-05-01,Medellín,1,Caucho y Plasticos,historico,72450797.4,86.0,53.0
2024-06-01,Medellín,1,Caucho y Plasticos,historico,66011323.96,96.0,47.0
2024-07-01,Medellín,1,Caucho y Plasticos,historico,69190446.0,100.0,58.0
2024-08-01,Medellín,1,Caucho y Plasticos,historico,43838505.0,89.0,44.0
2024-09-01,Medellín,1,Caucho y Plasticos,historico,84269211.95,131.0,69.0
2024-10-01,Medellín,1,Caucho y Plasticos,historico,58675066.5,104.0,73.0
2024-11-01,Medellín,1,Caucho y Plasticos,historico,115614150.3,130.0,67.0
2024-12-01,Medellín,1,Caucho y Plasticos,historico,61641143.24,85.0,42.0
2025-01-01,Medellín,1,Caucho y Plasticos,historico,41815183.35,90.0,62.0
2025-02-01,Medellín,1,Caucho y Plasticos,historico,46417936.46,75.0,49.0
2025-03-01,Medellín,1,Caucho y Plasticos,historico,59416546.4,82.0,66.0
2025-04-01,Medellín,1,Caucho y Plasticos,historico,43709324.33,79.0,60.0
2025-05-01,Medellín,1,Caucho y Plasticos,historico,60556671.42,95.0,67.0
2025-06-01,Medellín,1,Caucho y Plasticos,historico,49819959.25,72.0,54.0
2025-07-01,Medellín,1,Caucho y Plasticos,historico,55437325.5,106.0,75.0
2025-08-01,Medellín,1,Caucho y Plasticos,historico,46922958.37,75.0,53.0
2025-09-01,Medellín,1,Caucho y Plasticos,historico,52464155.88,77.0,59.0
2025-10-01,Medellín,1,Caucho y Plasticos,historico,53320667.0,84.0,58.0
2025-11-01,Medellín,1,Caucho y Plasticos,historico,61344676.2,87.0,55.0
2025-12-01,Medellín,1,Caucho y Plasticos,historico,70924776.88,73.0,47.0
2026-01-01,Medellín,1,Caucho y Plasticos,historico,57423958.15,77.0,51.0
2026-02-01,Medellín,1,Caucho y Plasticos,historico,57666501.0,87.0,63.0
2026-03-01,Medellín,1,Caucho y Plasticos,historico,43063172.5,71.0,51.0
2026-04-01,Medellín,1,Caucho y Plasticos,historico,44334788.01,80.0,61.0
2024-01-01,Medellín,1,Comercio,historico,1131018058.34,2337.0,1046.0
2024-02-01,Medellín,1,Comercio,historico,1266042876.74,2516.0,1243.0
2024-03-01,Medellín,1,Comercio,historico,961579864.01,2069.0,1012.0
2024-04-01,Medellín,1,Comercio,historico,1412769594.0,2886.0,1243.0
2024-05-01,Medellín,1,Comercio,historico,1146114511.2,2455.0,1128.0
2024-06-01,Medellín,1,Comercio,historico,1057888452.95,2456.0,1033.0
2024-07-01,Medellín,1,Comercio,historico,1083302033.95,2659.0,1226.0
2024-08-01,Medellín,1,Comercio,historico,1251521573.7,2519.0,1204.0
2024-09-01,Medellín,1,Comercio,historico,1332992716.16,2661.0,1328.0
2024-10-01,Medellín,1,Comercio,historico,1297122157.82,2769.0,1264.0
2024-11-01,Medellín,1,Comercio,historico,1236371643.1,2288.0,1073.0
2024-12-01,Medellín,1,Comercio,historico,1051978312.79,2148.0,987.0
2025-01-01,Medellín,1,Comercio,historico,1216270056.62,2346.0,1049.0
2025-02-01,Medellín,1,Comercio,historico,1587103593.83,2984.0,1318.0
2025-03-01,Medellín,1,Comercio,historico,1374982595.34,2843.0,1327.0
2025-04-01,Medellín,1,Comercio,historico,1391665074.16,2926.0,1318.0
2025-05-01,Medellín,1,Comercio,historico,1439930264.08,3175.0,1431.0
2025-06-01,Medellín,1,Comercio,historico,1368081642.19,2854.0,1279.0
2025-07-01,Medellín,1,Comercio,historico,1828382637.54,3823.0,1666.0
2025-08-01,Medellín,1,Comercio,historico,1486027218.86,3027.0,1240.0
2025-09-01,Medellín,1,Comercio,historico,1678365314.19,3580.0,1518.0
2025-10-01,Medellín,1,Comercio,historico,1862022773.57,3758.0,1492.0
2025-11-01,Medellín,1,Comercio,historico,1527382145.68,2879.0,1261.0
2025-12-01,Medellín,1,Comercio,historico,1595286490.42,2889.0,1249.0
2026-01-01,Medellín,1,Comercio,historico,1820157200.65,3011.0,1191.0
2026-02-01,Medellín,1,Comercio,historico,1750843575.5,3599.0,1537.0
2026-03-01,Medellín,1,Comercio,historico,1809695979.49,3490.0,1489.0
2026-04-01,Medellín,1,Comercio,historico,1997867587.68,3325.0,1426.0
2024-01-01,Medellín,1,Construction,historico,289788882.04,468.0,167.0
2024-02-01,Medellín,1,Construction,historico,565763614.58,1000.0,259.0
2024-03-01,Medellín,1,Construction,historico,434868989.71,888.0,254.0
2024-04-01,Medellín,1,Construction,historico,582970328.0,864.0,245.0
2024-05-01,Medellín,1,Construction,historico,775529521.9,831.0,253.0
2024-06-01,Medellín,1,Construction,historico,381820875.4,483.0,192.0
2024-07-01,Medellín,1,Construction,historico,476515309.2,863.0,269.0
2024-08-01,Medellín,1,Construction,historico,420628178.27,713.0,210.0
2024-09-01,Medellín,1,Construction,historico,275227552.4,469.0,198.0
2024-10-01,Medellín,1,Construction,historico,403815238.7,665.0,234.0
2024-11-01,Medellín,1,Construction,historico,365779771.99,689.0,199.0
2024-12-01,Medellín,1,Construction,historico,214131475.11,484.0,191.0
2025-01-01,Medellín,1,Construction,historico,275836619.03,468.0,176.0
2025-02-01,Medellín,1,Construction,historico,851894742.41,593.0,205.0
2025-03-01,Medellín,1,Construction,historico,646886684.36,563.0,185.0
2025-04-01,Medellín,1,Construction,historico,658705700.01,738.0,237.0
2025-05-01,Medellín,1,Construction,historico,546937399.04,715.0,248.0
2025-06-01,Medellín,1,Construction,historico,495634509.46,719.0,265.0
2025-07-01,Medellín,1,Construction,historico,443570897.99,911.0,309.0
2025-08-01,Medellín,1,Construction,historico,437931893.0,797.0,246.0
2025-09-01,Medellín,1,Construction,historico,570460058.76,670.0,274.0
2025-10-01,Medellín,1,Construction,historico,350279701.95,634.0,250.0
2025-11-01,Medellín,1,Construction,historico,528455187.45,776.0,258.0
2025-12-01,Medellín,1,Construction,historico,371648009.32,823.0,282.0
2026-01-01,Medellín,1,Construction,historico,400036262.94,665.0,210.0
2026-02-01,Medellín,1,Construction,historico,406418631.0,748.0,260.0
2026-03-01,Medellín,1,Construction,historico,366857231.2,624.0,217.0
2026-04-01,Medellín,1,Construction,historico,570222097.23,752.0,262.0
2024-01-01,Medellín,1,Education,historico,903300.0,3.0,2.0
2024-02-01,Medellín,1,Education,historico,1760750.0,6.0,4.0
2024-03-01,Medellín,1,Education,historico,76000.0,1.0,1.0
2024-04-01,Medellín,1,Education,historico,8699675.0,6.0,5.0
2024-05-01,Medellín,1,Education,historico,623400.0,2.0,2.0
2024-06-01,Medellín,1,Education,historico,35500.0,1.0,1.0
2024-07-01,Medellín,1,Education,historico,186505.0,2.0,2.0
2024-08-01,Medellín,1,Education,historico,4409470.0,7.0,2.0
2024-09-01,Medellín,1,Education,historico,1730000.0,2.0,1.0
2024-10-01,Medellín,1,Education,historico,5776780.0,36.0,24.0
2024-11-01,Medellín,1,Education,historico,13285180.0,14.0,2.0
2024-12-01,Medellín,1,Education,historico,3822300.0,7.0,3.0
2025-01-01,Medellín,1,Education,historico,1037200.0,6.0,2.0
2025-02-01,Medellín,1,Education,historico,2446560.0,5.0,3.0
2025-03-01,Medellín,1,Education,historico,2167710.0,11.0,5.0
2025-04-01,Medellín,1,Education,historico,7273680.0,7.0,3.0
2025-05-01,Medellín,1,Education,historico,299265.0,1.0,1.0
2025-06-01,Medellín,1,Education,historico,3865575.46,33.0,4.0
2025-07-01,Medellín,1,Education,historico,3838893.0,14.0,6.0
2025-08-01,Medellín,1,Education,historico,818580.0,4.0,4.0
2025-09-01,Medellín,1,Education,historico,298284.0,3.0,3.0
2025-10-01,Medellín,1,Education,historico,4589559.46,12.0,8.0
2025-11-01,Medellín,1,Education,historico,3468700.0,2.0,1.0
2025-12-01,Medellín,1,Education,historico,16182300.0,5.0,3.0
2026-01-01,Medellín,1,Education,historico,0.0,0.0,0.0
2026-02-01,Medellín,1,Education,historico,793000.0,2.0,2.0
2026-03-01,Medellín,1,Education,historico,752500.0,3.0,3.0
2026-04-01,Medellín,1,Education,historico,6975749.0,16.0,12.0
2024-01-01,Medellín,1,Empleados,historico,1453881.0,100.0,90.0
2024-02-01,Medellín,1,Empleados,historico,1114961.0,42.0,33.0
2024-03-01,Medellín,1,Empleados,historico,1376507.0,42.0,33.0
2024-04-01,Medellín,1,Empleados,historico,1639307.5,68.0,45.0
2024-05-01,Medellín,1,Empleados,historico,2222072.0,67.0,50.0
2024-06-01,Medellín,1,Empleados,historico,1890296.49,43.0,35.0
2024-07-01,Medellín,1,Empleados,historico,2148111.0,58.0,44.0
2024-08-01,Medellín,1,Empleados,historico,3577624.0,71.0,56.0
2024-09-01,Medellín,1,Empleados,historico,2459234.0,68.0,57.0
2024-10-01,Medellín,1,Empleados,historico,15815904.46,175.0,125.0
2024-11-01,Medellín,1,Empleados,historico,3579377.3400000003,89.0,53.0
2024-12-01,Medellín,1,Empleados,historico,-155019.12,179.0,124.0
2025-01-01,Medellín,1,Empleados,historico,2752203.0,116.0,83.0
2025-02-01,Medellín,1,Empleados,historico,1951164.0,112.0,86.0
2025-03-01,Medellín,1,Empleados,historico,5963742.75,123.0,90.0
2025-04-01,Medellín,1,Empleados,historico,2276760.92,73.0,62.0
2025-05-01,Medellín,1,Empleados,historico,8423824.0,131.0,90.0
2025-06-01,Medellín,1,Empleados,historico,5941000.0,94.0,65.0
2025-07-01,Medellín,1,Empleados,historico,11434136.0,293.0,149.0
2025-08-01,Medellín,1,Empleados,historico,-4850191.0,192.0,98.0
2025-09-01,Medellín,1,Empleados,historico,-666967.0,74.0,57.0
2025-10-01,Medellín,1,Empleados,historico,4512537.01,154.0,116.0
2025-11-01,Medellín,1,Empleados,historico,2444583.26,81.0,56.0
2025-12-01,Medellín,1,Empleados,historico,19553076.5,264.0,196.0
2026-01-01,Medellín,1,Empleados,historico,5987441.0,185.0,112.0
2026-02-01,Medellín,1,Empleados,historico,10191846.68,117.0,79.0
2026-03-01,Medellín,1,Empleados,historico,-3946874.55,119.0,91.0
2026-04-01,Medellín,1,Empleados,historico,2318532.0,119.0,89.0
2024-01-01,Medellín,1,Equipo de Transporte,historico,13385898.0,27.0,17.0
2024-02-01,Medellín,1,Equipo de Transporte,historico,17358250.05,41.0,24.0
2024-03-01,Medellín,1,Equipo de Transporte,historico,10922690.0,34.0,17.0
2024-04-01,Medellín,1,Equipo de Transporte,historico,23742926.5,26.0,21.0
2024-05-01,Medellín,1,Equipo de Transporte,historico,13615503.0,40.0,24.0
2024-06-01,Medellín,1,Equipo de Transporte,historico,9747461.0,28.0,13.0
2024-07-01,Medellín,1,Equipo de Transporte,historico,6345486.0,18.0,14.0
2024-08-01,Medellín,1,Equipo de Transporte,historico,7364296.0,17.0,10.0
2024-09-01,Medellín,1,Equipo de Transporte,historico,17993554.0,24.0,16.0
2024-10-01,Medellín,1,Equipo de Transporte,historico,68489025.0,43.0,24.0
2024-11-01,Medellín,1,Equipo de Transporte,historico,6619740.0,14.0,12.0
2024-12-01,Medellín,1,Equipo de Transporte,historico,28168667.27,37.0,22.0
2025-01-01,Medellín,1,Equipo de Transporte,historico,3620624.0,9.0,7.0
2025-02-01,Medellín,1,Equipo de Transporte,historico,7058088.0,30.0,16.0
2025-03-01,Medellín,1,Equipo de Transporte,historico,17369206.0,28.0,12.0
2025-04-01,Medellín,1,Equipo de Transporte,historico,2266880.0,2.0,2.0
2025-05-01,Medellín,1,Equipo de Transporte,historico,71166910.0,72.0,22.0
2025-06-01,Medellín,1,Equipo de Transporte,historico,5942550.0,7.0,6.0
2025-07-01,Medellín,1,Equipo de Transporte,historico,16828642.92,26.0,18.0
2025-08-01,Medellín,1,Equipo de Transporte,historico,19329660.0,24.0,19.0
2025-09-01,Medellín,1,Equipo de Transporte,historico,9977896.07,33.0,15.0
2025-10-01,Medellín,1,Equipo de Transporte,historico,22921146.0,25.0,18.0
2025-11-01,Medellín,1,Equipo de Transporte,historico,18532618.0,59.0,26.0
2025-12-01,Medellín,1,Equipo de Transporte,historico,15034766.0,43.0,19.0
2026-01-01,Medellín,1,Equipo de Transporte,historico,9110610.0,23.0,13.0
2026-02-01,Medellín,1,Equipo de Transporte,historico,7893456.0,24.0,12.0
2026-03-01,Medellín,1,Equipo de Transporte,historico,21755745.0,45.0,27.0
2026-04-01,Medellín,1,Equipo de Transporte,historico,14616907.0,40.0,22.0
2024-01-01,Medellín,1,Food,historico,581760859.42,851.0,387.0
2024-02-01,Medellín,1,Food,historico,772430185.42,941.0,543.0
2024-03-01,Medellín,1,Food,historico,662786429.58,1067.0,559.0
2024-04-01,Medellín,1,Food,historico,728103739.82,1072.0,573.0
2024-05-01,Medellín,1,Food,historico,751564050.58,1148.0,609.0
2024-06-01,Medellín,1,Food,historico,728803990.85,1107.0,557.0
2024-07-01,Medellín,1,Food,historico,882022505.5,1171.0,621.0
2024-08-01,Medellín,1,Food,historico,765921080.98,1174.0,563.0
2024-09-01,Medellín,1,Food,historico,951541848.96,1233.0,635.0
2024-10-01,Medellín,1,Food,historico,768246917.82,1237.0,654.0
2024-11-01,Medellín,1,Food,historico,731861841.64,1122.0,545.0
2024-12-01,Medellín,1,Food,historico,956871287.6,1268.0,533.0
2025-01-01,Medellín,1,Food,historico,582944409.48,1091.0,482.0
2025-02-01,Medellín,1,Food,historico,754422312.92,1081.0,532.0
2025-03-01,Medellín,1,Food,historico,721548677.67,1220.0,549.0
2025-04-01,Medellín,1,Food,historico,707091121.8,1202.0,532.0
2025-05-01,Medellín,1,Food,historico,881384907.77,1320.0,584.0
2025-06-01,Medellín,1,Food,historico,881014902.55,1059.0,597.0
2025-07-01,Medellín,1,Food,historico,1091870472.67,1314.0,662.0
2025-08-01,Medellín,1,Food,historico,951603520.28,1276.0,613.0
2025-09-01,Medellín,1,Food,historico,829804285.42,1600.0,660.0
2025-10-01,Medellín,1,Food,historico,980506465.02,1738.0,725.0
2025-11-01,Medellín,1,Food,historico,880112397.87,1498.0,589.0
2025-12-01,Medellín,1,Food,historico,1368662103.78,1534.0,604.0
2026-01-01,Medellín,1,Food,historico,768148964.83,1309.0,538.0
2026-02-01,Medellín,1,Food,historico,885459615.83,1475.0,640.0
2026-03-01,Medellín,1,Food,historico,1014607033.35,1361.0,625.0
2026-04-01,Medellín,1,Food,historico,977774748.5,1622.0,675.0
2024-01-01,Medellín,1,Health/Social,historico,12269173.0,23.0,17.0
2024-02-01,Medellín,1,Health/Social,historico,25625449.0,59.0,29.0
2024-03-01,Medellín,1,Health/Social,historico,16436161.0,39.0,25.0
2024-04-01,Medellín,1,Health/Social,historico,15773595.0,95.0,51.0
2024-05-01,Medellín,1,Health/Social,historico,6812758.0,48.0,26.0
2024-06-01,Medellín,1,Health/Social,historico,14704530.0,56.0,31.0
2024-07-01,Medellín,1,Health/Social,historico,17699603.0,89.0,40.0
2024-08-01,Medellín,1,Health/Social,historico,16353829.0,35.0,18.0
2024-09-01,Medellín,1,Health/Social,historico,9242741.0,38.0,27.0
2024-10-01,Medellín,1,Health/Social,historico,12631078.0,51.0,24.0
2024-11-01,Medellín,1,Health/Social,historico,33147047.0,36.0,18.0
2024-12-01,Medellín,1,Health/Social,historico,21517774.0,60.0,33.0
2025-01-01,Medellín,1,Health/Social,historico,3542689.0,19.0,14.0
2025-02-01,Medellín,1,Health/Social,historico,38713429.0,93.0,36.0
2025-03-01,Medellín,1,Health/Social,historico,12734640.0,80.0,38.0
2025-04-01,Medellín,1,Health/Social,historico,56419503.0,72.0,31.0
2025-05-01,Medellín,1,Health/Social,historico,20719867.31,85.0,31.0
2025-06-01,Medellín,1,Health/Social,historico,20117674.55,67.0,39.0
2025-07-01,Medellín,1,Health/Social,historico,39683024.58,79.0,45.0
2025-08-01,Medellín,1,Health/Social,historico,15059696.0,55.0,28.0
2025-09-01,Medellín,1,Health/Social,historico,31303341.0,109.0,47.0
2025-10-01,Medellín,1,Health/Social,historico,14349187.0,53.0,31.0
2025-11-01,Medellín,1,Health/Social,historico,19092173.0,67.0,39.0
2025-12-01,Medellín,1,Health/Social,historico,9977299.42,66.0,36.0
2026-01-01,Medellín,1,Health/Social,historico,37308734.0,48.0,25.0
2026-02-01,Medellín,1,Health/Social,historico,8310997.0,39.0,23.0
2026-03-01,Medellín,1,Health/Social,historico,20444947.0,57.0,41.0
2026-04-01,Medellín,1,Health/Social,historico,23069579.0,75.0,49.0
2024-01-01,Medellín,1,Hidrocarburo,historico,262642304.51999998,87.0,44.0
2024-02-01,Medellín,1,Hidrocarburo,historico,156295467.28,114.0,49.0
2024-03-01,Medellín,1,Hidrocarburo,historico,181478304.91,197.0,73.0
2024-04-01,Medellín,1,Hidrocarburo,historico,291585312.1,211.0,87.0
2024-05-01,Medellín,1,Hidrocarburo,historico,173273355.96,91.0,57.0
2024-06-01,Medellín,1,Hidrocarburo,historico,365069414.15000004,89.0,52.0
2024-07-01,Medellín,1,Hidrocarburo,historico,368540106.49,152.0,65.0
2024-08-01,Medellín,1,Hidrocarburo,historico,206803639.58,99.0,50.0
2024-09-01,Medellín,1,Hidrocarburo,historico,138295590.93,157.0,58.0
2024-10-01,Medellín,1,Hidrocarburo,historico,42012493.85,69.0,27.0
2024-11-01,Medellín,1,Hidrocarburo,historico,88094640.82,79.0,36.0
2024-12-01,Medellín,1,Hidrocarburo,historico,133427760.3,94.0,50.0
2025-01-01,Medellín,1,Hidrocarburo,historico,219639892.35,153.0,53.0
2025-02-01,Medellín,1,Hidrocarburo,historico,125299420.12,138.0,67.0
2025-03-01,Medellín,1,Hidrocarburo,historico,939085352.0699999,130.0,64.0
2025-04-01,Medellín,1,Hidrocarburo,historico,317808595.73,64.0,31.0
2025-05-01,Medellín,1,Hidrocarburo,historico,659484928.02,116.0,69.0
2025-06-01,Medellín,1,Hidrocarburo,historico,531098006.8,138.0,71.0
2025-07-01,Medellín,1,Hidrocarburo,historico,309267096.21,153.0,64.0
2025-08-01,Medellín,1,Hidrocarburo,historico,138544068.32,206.0,85.0
2025-09-01,Medellín,1,Hidrocarburo,historico,261754738.99,154.0,78.0
2025-10-01,Medellín,1,Hidrocarburo,historico,101344183.37,147.0,68.0
2025-11-01,Medellín,1,Hidrocarburo,historico,333373959.03,135.0,50.0
2025-12-01,Medellín,1,Hidrocarburo,historico,420334202.42,131.0,49.0
2026-01-01,Medellín,1,Hidrocarburo,historico,250410538.24,142.0,42.0
2026-02-01,Medellín,1,Hidrocarburo,historico,170065728.22,156.0,56.0
2026-03-01,Medellín,1,Hidrocarburo,historico,127360005.8,113.0,39.0
2026-04-01,Medellín,1,Hidrocarburo,historico,-3635119.0,157.0,42.0
2024-01-01,Medellín,1,IT/Communication,historico,368832.0,4.0,3.0
2024-02-01,Medellín,1,IT/Communication,historico,3761658.0,10.0,5.0
2024-03-01,Medellín,1,IT/Communication,historico,1331554.0,9.0,5.0
2024-04-01,Medellín,1,IT/Communication,historico,763607.0,8.0,4.0
2024-05-01,Medellín,1,IT/Communication,historico,1697308.0,12.0,8.0
2024-06-01,Medellín,1,IT/Communication,historico,5587325.0,11.0,4.0
2024-07-01,Medellín,1,IT/Communication,historico,2033454.0,19.0,9.0
2024-08-01,Medellín,1,IT/Communication,historico,2740680.0,10.0,4.0
2024-09-01,Medellín,1,IT/Communication,historico,1027200.0,6.0,5.0
2024-10-01,Medellín,1,IT/Communication,historico,1246445.0,5.0,5.0
2024-11-01,Medellín,1,IT/Communication,historico,1801058.0,10.0,5.0
2024-12-01,Medellín,1,IT/Communication,historico,663052.0,5.0,3.0
2025-01-01,Medellín,1,IT/Communication,historico,1248345.0,8.0,4.0
2025-02-01,Medellín,1,IT/Communication,historico,4548880.0,14.0,9.0
2025-03-01,Medellín,1,IT/Communication,historico,3524408.0,11.0,9.0
2025-04-01,Medellín,1,IT/Communication,historico,1606773.0,8.0,6.0
2025-05-01,Medellín,1,IT/Communication,historico,1009780.0,6.0,4.0
2025-06-01,Medellín,1,IT/Communication,historico,2655968.58,11.0,7.0
2025-07-01,Medellín,1,IT/Communication,historico,3382795.0,18.0,10.0
2025-08-01,Medellín,1,IT/Communication,historico,1222085.0,7.0,4.0
2025-09-01,Medellín,1,IT/Communication,historico,4029239.0,15.0,8.0
2025-10-01,Medellín,1,IT/Communication,historico,6810356.0,11.0,7.0
2025-11-01,Medellín,1,IT/Communication,historico,22495585.0,19.0,7.0
2025-12-01,Medellín,1,IT/Communication,historico,2440500.0,7.0,6.0
2026-01-01,Medellín,1,IT/Communication,historico,3097385.0,16.0,6.0
2026-02-01,Medellín,1,IT/Communication,historico,3738938.0,11.0,8.0
2026-03-01,Medellín,1,IT/Communication,historico,3531080.0,8.0,3.0
2026-04-01,Medellín,1,IT/Communication,historico,22353184.0,18.0,8.0
2024-01-01,Medellín,1,Industria,historico,612609239.35,663.0,379.0
2024-02-01,Medellín,1,Industria,historico,808070634.55,749.0,430.0
2024-03-01,Medellín,1,Industria,historico,607597664.38,643.0,394.0
2024-04-01,Medellín,1,Industria,historico,814280166.92,798.0,438.0
2024-05-01,Medellín,1,Industria,historico,870354269.68,765.0,455.0
2024-06-01,Medellín,1,Industria,historico,693196924.63,672.0,385.0
2024-07-01,Medellín,1,Industria,historico,809471983.62,816.0,459.0
2024-08-01,Medellín,1,Industria,historico,867006078.08,739.0,404.0
2024-09-01,Medellín,1,Industria,historico,805241492.91,809.0,453.0
2024-10-01,Medellín,1,Industria,historico,909426550.6,959.0,495.0
2024-11-01,Medellín,1,Industria,historico,718422705.6,743.0,422.0
2024-12-01,Medellín,1,Industria,historico,903687039.68,809.0,430.0
2025-01-01,Medellín,1,Industria,historico,717993765.4,628.0,332.0
2025-02-01,Medellín,1,Industria,historico,713328648.89,759.0,404.0
2025-03-01,Medellín,1,Industria,historico,935952293.34,778.0,439.0
2025-04-01,Medellín,1,Industria,historico,752739890.11,810.0,433.0
2025-05-01,Medellín,1,Industria,historico,789026802.8,888.0,461.0
2025-06-01,Medellín,1,Industria,historico,807708580.44,691.0,382.0
2025-07-01,Medellín,1,Industria,historico,815278493.7,843.0,450.0
2025-08-01,Medellín,1,Industria,historico,761882849.24,745.0,402.0
2025-09-01,Medellín,1,Industria,historico,939509498.1,966.0,511.0
2025-10-01,Medellín,1,Industria,historico,969093193.79,900.0,465.0
2025-11-01,Medellín,1,Industria,historico,824235928.76,738.0,408.0
2025-12-01,Medellín,1,Industria,historico,643220199.37,729.0,389.0
2026-01-01,Medellín,1,Industria,historico,496415842.9,687.0,320.0
2026-02-01,Medellín,1,Industria,historico,739193076.0,853.0,430.0
2026-03-01,Medellín,1,Industria,historico,756607364.0,844.0,460.0
2026-04-01,Medellín,1,Industria,historico,1049007132.2,890.0,490.0
2024-01-01,Medellín,1,Madera y Papel,historico,69966526.0,127.0,73.0
2024-02-01,Medellín,1,Madera y Papel,historico,215745288.0,226.0,105.0
2024-03-01,Medellín,1,Madera y Papel,historico,75844529.0,130.0,68.0
2024-04-01,Medellín,1,Madera y Papel,historico,146564221.0,200.0,93.0
2024-05-01,Medellín,1,Madera y Papel,historico,100482343.0,261.0,85.0
2024-06-01,Medellín,1,Madera y Papel,historico,83226246.0,159.0,73.0
2024-07-01,Medellín,1,Madera y Papel,historico,82505178.0,173.0,78.0
2024-08-01,Medellín,1,Madera y Papel,historico,75410618.0,164.0,84.0
2024-09-01,Medellín,1,Madera y Papel,historico,84439701.0,169.0,71.0
2024-10-01,Medellín,1,Madera y Papel,historico,109444197.0,191.0,81.0
2024-11-01,Medellín,1,Madera y Papel,historico,87216091.0,198.0,82.0
2024-12-01,Medellín,1,Madera y Papel,historico,101177186.0,227.0,87.0
2025-01-01,Medellín,1,Madera y Papel,historico,77136501.0,150.0,81.0
2025-02-01,Medellín,1,Madera y Papel,historico,94074527.8,170.0,76.0
2025-03-01,Medellín,1,Madera y Papel,historico,125855177.35,183.0,95.0
2025-04-01,Medellín,1,Madera y Papel,historico,120746592.0,184.0,78.0
2025-05-01,Medellín,1,Madera y Papel,historico,148539830.8,198.0,85.0
2025-06-01,Medellín,1,Madera y Papel,historico,63282465.0,120.0,65.0
2025-07-01,Medellín,1,Madera y Papel,historico,144236955.0,235.0,115.0
2025-08-01,Medellín,1,Madera y Papel,historico,93463799.4,229.0,78.0
2025-09-01,Medellín,1,Madera y Papel,historico,106410570.46,215.0,109.0
2025-10-01,Medellín,1,Madera y Papel,historico,120817374.57,250.0,119.0
2025-11-01,Medellín,1,Madera y Papel,historico,118970953.37,178.0,80.0
2025-12-01,Medellín,1,Madera y Papel,historico,116255978.0,202.0,90.0
2026-01-01,Medellín,1,Madera y Papel,historico,103781331.0,151.0,86.0
2026-02-01,Medellín,1,Madera y Papel,historico,174599334.0,223.0,109.0
2026-03-01,Medellín,1,Madera y Papel,historico,149199025.0,241.0,104.0
2026-04-01,Medellín,1,Madera y Papel,historico,111498942.0,183.0,91.0
2024-01-01,Medellín,1,Maquinaria y Afines,historico,48082744.72,130.0,86.0
2024-02-01,Medellín,1,Maquinaria y Afines,historico,111235167.74,229.0,126.0
2024-03-01,Medellín,1,Maquinaria y Afines,historico,70013884.34,171.0,104.0
2024-04-01,Medellín,1,Maquinaria y Afines,historico,246912070.83,266.0,130.0
2024-05-01,Medellín,1,Maquinaria y Afines,historico,78459987.18,211.0,111.0
2024-06-01,Medellín,1,Maquinaria y Afines,historico,71444440.17,197.0,100.0
2024-07-01,Medellín,1,Maquinaria y Afines,historico,80148875.22,259.0,129.0
2024-08-01,Medellín,1,Maquinaria y Afines,historico,267199992.37,259.0,122.0
2024-09-01,Medellín,1,Maquinaria y Afines,historico,159329209.16,285.0,131.0
2024-10-01,Medellín,1,Maquinaria y Afines,historico,137316016.26,277.0,124.0
2024-11-01,Medellín,1,Maquinaria y Afines,historico,61870555.28,305.0,123.0
2024-12-01,Medellín,1,Maquinaria y Afines,historico,91464795.62,205.0,113.0
2025-01-01,Medellín,1,Maquinaria y Afines,historico,69132368.2,189.0,108.0
2025-02-01,Medellín,1,Maquinaria y Afines,historico,126549806.36,240.0,124.0
2025-03-01,Medellín,1,Maquinaria y Afines,historico,98356319.88,233.0,129.0
2025-04-01,Medellín,1,Maquinaria y Afines,historico,85736353.06,207.0,105.0
2025-05-01,Medellín,1,Maquinaria y Afines,historico,108841317.92,192.0,108.0
2025-06-01,Medellín,1,Maquinaria y Afines,historico,88605937.8,197.0,111.0
2025-07-01,Medellín,1,Maquinaria y Afines,historico,114748130.2,250.0,123.0
2025-08-01,Medellín,1,Maquinaria y Afines,historico,81376647.03,210.0,116.0
2025-09-01,Medellín,1,Maquinaria y Afines,historico,122317494.04,264.0,128.0
2025-10-01,Medellín,1,Maquinaria y Afines,historico,122827520.88,301.0,144.0
2025-11-01,Medellín,1,Maquinaria y Afines,historico,79773662.27,202.0,108.0
2025-12-01,Medellín,1,Maquinaria y Afines,historico,168145351.32,250.0,128.0
2026-01-01,Medellín,1,Maquinaria y Afines,historico,57824968.3,181.0,91.0
2026-02-01,Medellín,1,Maquinaria y Afines,historico,133343061.74,270.0,130.0
2026-03-01,Medellín,1,Maquinaria y Afines,historico,116149863.16,255.0,132.0
2026-04-01,Medellín,1,Maquinaria y Afines,historico,97438716.5,221.0,110.0
2024-01-01,Medellín,1,Mining,historico,447816641.02,401.0,200.0
2024-02-01,Medellín,1,Mining,historico,572653477.06,592.0,262.0
2024-03-01,Medellín,1,Mining,historico,1097874112.96,397.0,202.0
2024-04-01,Medellín,1,Mining,historico,570366902.19,452.0,222.0
2024-05-01,Medellín,1,Mining,historico,600561301.7,540.0,275.0
2024-06-01,Medellín,1,Mining,historico,319338089.74,317.0,143.0
2024-07-01,Medellín,1,Mining,historico,688034462.01,414.0,202.0
2024-08-01,Medellín,1,Mining,historico,652754183.67,486.0,225.0
2024-09-01,Medellín,1,Mining,historico,507525154.98,421.0,234.0
2024-10-01,Medellín,1,Mining,historico,451752615.87,344.0,186.0
2024-11-01,Medellín,1,Mining,historico,437607516.87,304.0,178.0
2024-12-01,Medellín,1,Mining,historico,367621022.13,396.0,211.0
2025-01-01,Medellín,1,Mining,historico,580996648.48,312.0,169.0
2025-02-01,Medellín,1,Mining,historico,423047402.23,347.0,198.0
2025-03-01,Medellín,1,Mining,historico,503930596.52,402.0,207.0
2025-04-01,Medellín,1,Mining,historico,596909244.18,306.0,164.0
2025-05-01,Medellín,1,Mining,historico,698308956.9,423.0,234.0
2025-06-01,Medellín,1,Mining,historico,506690369.15,309.0,161.0
2025-07-01,Medellín,1,Mining,historico,515041619.97,418.0,173.0
2025-08-01,Medellín,1,Mining,historico,726730688.89,371.0,186.0
2025-09-01,Medellín,1,Mining,historico,672757844.0,340.0,189.0
2025-10-01,Medellín,1,Mining,historico,1197236957.37,468.0,208.0
2025-11-01,Medellín,1,Mining,historico,478216026.98,309.0,172.0
2025-12-01,Medellín,1,Mining,historico,620856234.9,333.0,146.0
2026-01-01,Medellín,1,Mining,historico,708990009.56,343.0,186.0
2026-02-01,Medellín,1,Mining,historico,405033847.0,306.0,146.0
2026-03-01,Medellín,1,Mining,historico,645907857.31,470.0,201.0
2026-04-01,Medellín,1,Mining,historico,521442427.98,351.0,167.0
2024-01-01,Medellín,1,Persona Natural,historico,9213338.0,30.0,20.0
2024-02-01,Medellín,1,Persona Natural,historico,6116832.0,38.0,20.0
2024-03-01,Medellín,1,Persona Natural,historico,1615122.0,14.0,11.0
2024-04-01,Medellín,1,Persona Natural,historico,2643622.0,25.0,17.0
2024-05-01,Medellín,1,Persona Natural,historico,5164929.0,30.0,22.0
2024-06-01,Medellín,1,Persona Natural,historico,3294169.0,24.0,16.0
2024-07-01,Medellín,1,Persona Natural,historico,6244827.2,47.0,33.0
2024-08-01,Medellín,1,Persona Natural,historico,2925732.0,31.0,22.0
2024-09-01,Medellín,1,Persona Natural,historico,12103310.0,24.0,18.0
2024-10-01,Medellín,1,Persona Natural,historico,2693808.0,26.0,21.0
2024-11-01,Medellín,1,Persona Natural,historico,2713576.4,22.0,17.0
2024-12-01,Medellín,1,Persona Natural,historico,1729699.0,23.0,14.0
2025-01-01,Medellín,1,Persona Natural,historico,13943659.6,73.0,25.0
2025-02-01,Medellín,1,Persona Natural,historico,14487394.6,77.0,47.0
2025-03-01,Medellín,1,Persona Natural,historico,17800804.05,113.0,73.0
2025-04-01,Medellín,1,Persona Natural,historico,14135893.94,81.0,64.0
2025-05-01,Medellín,1,Persona Natural,historico,27113585.55,82.0,57.0
2025-06-01,Medellín,1,Persona Natural,historico,21390432.8,99.0,52.0
2025-07-01,Medellín,1,Persona Natural,historico,16072262.620000001,116.0,88.0
2025-08-01,Medellín,1,Persona Natural,historico,19114172.2,94.0,60.0
2025-09-01,Medellín,1,Persona Natural,historico,19253366.83,103.0,75.0
2025-10-01,Medellín,1,Persona Natural,historico,17805404.05,129.0,87.0
2025-11-01,Medellín,1,Persona Natural,historico,9720219.43,84.0,53.0
2025-12-01,Medellín,1,Persona Natural,historico,18641724.48,77.0,57.0
2026-01-01,Medellín,1,Persona Natural,historico,14683704.5,80.0,49.0
2026-02-01,Medellín,1,Persona Natural,historico,18455909.15,112.0,78.0
2026-03-01,Medellín,1,Persona Natural,historico,22367931.46,166.0,115.0
2026-04-01,Medellín,1,Persona Natural,historico,18220894.5,119.0,82.0
2024-01-01,Medellín,1,Quimico,historico,161694768.02,345.0,172.0
2024-02-01,Medellín,1,Quimico,historico,236163849.6,358.0,180.0
2024-03-01,Medellín,1,Quimico,historico,249515645.16,478.0,221.0
2024-04-01,Medellín,1,Quimico,historico,222160731.0,428.0,212.0
2024-05-01,Medellín,1,Quimico,historico,293399160.54,445.0,219.0
2024-06-01,Medellín,1,Quimico,historico,276185961.8,458.0,201.0
2024-07-01,Medellín,1,Quimico,historico,266426566.0,420.0,205.0
2024-08-01,Medellín,1,Quimico,historico,268937834.61,565.0,243.0
2024-09-01,Medellín,1,Quimico,historico,353374971.6,500.0,243.0
2024-10-01,Medellín,1,Quimico,historico,341638881.38,471.0,237.0
2024-11-01,Medellín,1,Quimico,historico,291618686.53000003,473.0,204.0
2024-12-01,Medellín,1,Quimico,historico,250505900.8,399.0,207.0
2025-01-01,Medellín,1,Quimico,historico,259831019.46,378.0,179.0
2025-02-01,Medellín,1,Quimico,historico,437624285.5,487.0,242.0
2025-03-01,Medellín,1,Quimico,historico,249305679.0,508.0,199.0
2025-04-01,Medellín,1,Quimico,historico,326210483.84,495.0,238.0
2025-05-01,Medellín,1,Quimico,historico,307303956.96,501.0,272.0
2025-06-01,Medellín,1,Quimico,historico,285038150.5,529.0,252.0
2025-07-01,Medellín,1,Quimico,historico,522870089.78,551.0,277.0
2025-08-01,Medellín,1,Quimico,historico,1089875353.04,462.0,192.0
2025-09-01,Medellín,1,Quimico,historico,311446619.78,495.0,223.0
2025-10-01,Medellín,1,Quimico,historico,234241913.4,520.0,253.0
2025-11-01,Medellín,1,Quimico,historico,262105035.94,474.0,217.0
2025-12-01,Medellín,1,Quimico,historico,221930265.5,512.0,229.0
2026-01-01,Medellín,1,Quimico,historico,276408770.21,447.0,192.0
2026-02-01,Medellín,1,Quimico,historico,283842833.5,485.0,255.0
2026-03-01,Medellín,1,Quimico,historico,434667132.1,638.0,267.0
2026-04-01,Medellín,1,Quimico,historico,317830369.4,589.0,270.0
2024-01-01,Medellín,1,Servicio de apoyo empresarial,historico,7709627.72,53.0,18.0
2024-02-01,Medellín,1,Servicio de apoyo empresarial,historico,33542514.0,64.0,20.0
2024-03-01,Medellín,1,Servicio de apoyo empresarial,historico,28580650.0,71.0,27.0
2024-04-01,Medellín,1,Servicio de apoyo empresarial,historico,20820064.0,105.0,45.0
2024-05-01,Medellín,1,Servicio de apoyo empresarial,historico,51527586.0,141.0,34.0
2024-06-01,Medellín,1,Servicio de apoyo empresarial,historico,185338544.0,71.0,22.0
2024-07-01,Medellín,1,Servicio de apoyo empresarial,historico,83057990.0,132.0,56.0
2024-08-01,Medellín,1,Servicio de apoyo empresarial,historico,274055814.0,138.0,58.0
2024-09-01,Medellín,1,Servicio de apoyo empresarial,historico,163907960.0,134.0,50.0
2024-10-01,Medellín,1,Servicio de apoyo empresarial,historico,89141314.0,121.0,52.0
2024-11-01,Medellín,1,Servicio de apoyo empresarial,historico,57338713.0,56.0,23.0
2024-12-01,Medellín,1,Servicio de apoyo empresarial,historico,-12381446.0,117.0,35.0
2025-01-01,Medellín,1,Servicio de apoyo empresarial,historico,72769063.0,58.0,33.0
2025-02-01,Medellín,1,Servicio de apoyo empresarial,historico,22336476.8,78.0,28.0
2025-03-01,Medellín,1,Servicio de apoyo empresarial,historico,170943457.1,116.0,33.0
2025-04-01,Medellín,1,Servicio de apoyo empresarial,historico,41220045.85,105.0,38.0
2025-05-01,Medellín,1,Servicio de apoyo empresarial,historico,96582083.58,168.0,47.0
2025-06-01,Medellín,1,Servicio de apoyo empresarial,historico,32718219.41,96.0,34.0
2025-07-01,Medellín,1,Servicio de apoyo empresarial,historico,54471067.93,106.0,49.0
2025-08-01,Medellín,1,Servicio de apoyo empresarial,historico,47975390.0,155.0,55.0
2025-09-01,Medellín,1,Servicio de apoyo empresarial,historico,153373209.9,189.0,54.0
2025-10-01,Medellín,1,Servicio de apoyo empresarial,historico,71189377.3,138.0,50.0
2025-11-01,Medellín,1,Servicio de apoyo empresarial,historico,29301743.0,82.0,45.0
2025-12-01,Medellín,1,Servicio de apoyo empresarial,historico,13993652.0,66.0,35.0
2026-01-01,Medellín,1,Servicio de apoyo empresarial,historico,35633823.0,95.0,34.0
2026-02-01,Medellín,1,Servicio de apoyo empresarial,historico,91542067.0,91.0,40.0
2026-03-01,Medellín,1,Servicio de apoyo empresarial,historico,53539249.0,132.0,54.0
2026-04-01,Medellín,1,Servicio de apoyo empresarial,historico,263905841.0,149.0,60.0
2024-01-01,Medellín,1,Servicios Publicos,historico,89529837.4,127.0,64.0
2024-02-01,Medellín,1,Servicios Publicos,historico,132183989.0,171.0,112.0
2024-03-01,Medellín,1,Servicios Publicos,historico,105754268.0,156.0,108.0
2024-04-01,Medellín,1,Servicios Publicos,historico,279345725.0,288.0,131.0
2024-05-01,Medellín,1,Servicios Publicos,historico,325479583.04,316.0,119.0
2024-06-01,Medellín,1,Servicios Publicos,historico,196553255.0,261.0,122.0
2024-07-01,Medellín,1,Servicios Publicos,historico,356542382.02,306.0,116.0
2024-08-01,Medellín,1,Servicios Publicos,historico,446881912.0,403.0,101.0
2024-09-01,Medellín,1,Servicios Publicos,historico,173939950.0,168.0,77.0
2024-10-01,Medellín,1,Servicios Publicos,historico,165667980.02,220.0,99.0
2024-11-01,Medellín,1,Servicios Publicos,historico,158072928.0,184.0,107.0
2024-12-01,Medellín,1,Servicios Publicos,historico,265919714.0,163.0,66.0
2025-01-01,Medellín,1,Servicios Publicos,historico,114218257.0,103.0,53.0
2025-02-01,Medellín,1,Servicios Publicos,historico,102327999.5,130.0,60.0
2025-03-01,Medellín,1,Servicios Publicos,historico,214534504.23,161.0,74.0
2025-04-01,Medellín,1,Servicios Publicos,historico,170782149.71,180.0,61.0
2025-05-01,Medellín,1,Servicios Publicos,historico,394560185.0,172.0,85.0
2025-06-01,Medellín,1,Servicios Publicos,historico,226572645.04,169.0,91.0
2025-07-01,Medellín,1,Servicios Publicos,historico,265008908.0,157.0,79.0
2025-08-01,Medellín,1,Servicios Publicos,historico,200824140.13,153.0,73.0
2025-09-01,Medellín,1,Servicios Publicos,historico,400435008.0,227.0,82.0
2025-10-01,Medellín,1,Servicios Publicos,historico,268257316.0,154.0,58.0
2025-11-01,Medellín,1,Servicios Publicos,historico,360938162.62,182.0,67.0
2025-12-01,Medellín,1,Servicios Publicos,historico,1006287151.5,219.0,69.0
2026-01-01,Medellín,1,Servicios Publicos,historico,67603579.0,66.0,28.0
2026-02-01,Medellín,1,Servicios Publicos,historico,563761739.0,157.0,74.0
2026-03-01,Medellín,1,Servicios Publicos,historico,75573775.0,114.0,58.0
2026-04-01,Medellín,1,Servicios Publicos,historico,71728463.0,128.0,63.0
2024-01-01,Medellín,1,"Textiles, Confecciones y Cuero",historico,103026857.0,147.0,73.0
2024-02-01,Medellín,1,"Textiles, Confecciones y Cuero",historico,83186283.0,145.0,89.0
2024-03-01,Medellín,1,"Textiles, Confecciones y Cuero",historico,57988211.6,133.0,67.0
2024-04-01,Medellín,1,"Textiles, Confecciones y Cuero",historico,128869063.4,198.0,84.0
2024-05-01,Medellín,1,"Textiles, Confecciones y Cuero",historico,119168310.0,198.0,91.0
2024-06-01,Medellín,1,"Textiles, Confecciones y Cuero",historico,90760115.0,122.0,56.0
2024-07-01,Medellín,1,"Textiles, Confecciones y Cuero",historico,118886094.0,126.0,85.0
2024-08-01,Medellín,1,"Textiles, Confecciones y Cuero",historico,120915980.0,138.0,61.0
2024-09-01,Medellín,1,"Textiles, Confecciones y Cuero",historico,109022220.0,129.0,69.0
2024-10-01,Medellín,1,"Textiles, Confecciones y Cuero",historico,105439932.0,179.0,108.0
2024-11-01,Medellín,1,"Textiles, Confecciones y Cuero",historico,63958603.0,133.0,71.0
2024-12-01,Medellín,1,"Textiles, Confecciones y Cuero",historico,68896005.2,155.0,77.0
2025-01-01,Medellín,1,"Textiles, Confecciones y Cuero",historico,93007749.0,176.0,87.0
2025-02-01,Medellín,1,"Textiles, Confecciones y Cuero",historico,75244292.0,168.0,92.0
2025-03-01,Medellín,1,"Textiles, Confecciones y Cuero",historico,75624542.0,167.0,74.0
2025-04-01,Medellín,1,"Textiles, Confecciones y Cuero",historico,70894430.0,145.0,76.0
2025-05-01,Medellín,1,"Textiles, Confecciones y Cuero",historico,51347789.0,141.0,82.0
2025-06-01,Medellín,1,"Textiles, Confecciones y Cuero",historico,66475458.9,174.0,105.0
2025-07-01,Medellín,1,"Textiles, Confecciones y Cuero",historico,69582660.1,151.0,94.0
2025-08-01,Medellín,1,"Textiles, Confecciones y Cuero",historico,98679350.43,214.0,97.0
2025-09-01,Medellín,1,"Textiles, Confecciones y Cuero",historico,61578208.9,188.0,100.0
2025-10-01,Medellín,1,"Textiles, Confecciones y Cuero",historico,67872956.75,173.0,87.0
2025-11-01,Medellín,1,"Textiles, Confecciones y Cuero",historico,74261307.0,164.0,78.0
2025-12-01,Medellín,1,"Textiles, Confecciones y Cuero",historico,40503407.8,116.0,69.0
2026-01-01,Medellín,1,"Textiles, Confecciones y Cuero",historico,64110331.0,171.0,71.0
2026-02-01,Medellín,1,"Textiles, Confecciones y Cuero",historico,58220468.0,180.0,97.0
2026-03-01,Medellín,1,"Textiles, Confecciones y Cuero",historico,70956648.0,175.0,88.0
2026-04-01,Medellín,1,"Textiles, Confecciones y Cuero",historico,53779406.0,162.0,78.0
2024-01-01,Medellín,1,Transporte y Logistica,historico,32980338.0,170.0,62.0
2024-02-01,Medellín,1,Transporte y Logistica,historico,164489193.0,159.0,83.0
2024-03-01,Medellín,1,Transporte y Logistica,historico,97266579.0,182.0,91.0
2024-04-01,Medellín,1,Transporte y Logistica,historico,128090253.0,180.0,99.0
2024-05-01,Medellín,1,Transporte y Logistica,historico,214018403.0,214.0,116.0
2024-06-01,Medellín,1,Transporte y Logistica,historico,171944438.0,139.0,73.0
2024-07-01,Medellín,1,Transporte y Logistica,historico,99736547.0,187.0,97.0
2024-08-01,Medellín,1,Transporte y Logistica,historico,322735355.7,190.0,91.0
2024-09-01,Medellín,1,Transporte y Logistica,historico,96741914.4,186.0,90.0
2024-10-01,Medellín,1,Transporte y Logistica,historico,90246879.7,197.0,92.0
2024-11-01,Medellín,1,Transporte y Logistica,historico,56392014.0,201.0,83.0
2024-12-01,Medellín,1,Transporte y Logistica,historico,114900716.0,152.0,79.0
2025-01-01,Medellín,1,Transporte y Logistica,historico,131141063.0,163.0,84.0
2025-02-01,Medellín,1,Transporte y Logistica,historico,81196679.0,156.0,85.0
2025-03-01,Medellín,1,Transporte y Logistica,historico,89697438.0,172.0,78.0
2025-04-01,Medellín,1,Transporte y Logistica,historico,155207263.0,175.0,92.0
2025-05-01,Medellín,1,Transporte y Logistica,historico,187186499.0,161.0,82.0
2025-06-01,Medellín,1,Transporte y Logistica,historico,223239809.44,179.0,88.0
2025-07-01,Medellín,1,Transporte y Logistica,historico,163793123.0,209.0,113.0
2025-08-01,Medellín,1,Transporte y Logistica,historico,131891255.16,128.0,71.0
2025-09-01,Medellín,1,Transporte y Logistica,historico,116812059.0,191.0,94.0
2025-10-01,Medellín,1,Transporte y Logistica,historico,118427873.0,170.0,90.0
2025-11-01,Medellín,1,Transporte y Logistica,historico,91478866.0,148.0,72.0
2025-12-01,Medellín,1,Transporte y Logistica,historico,216722475.0,201.0,85.0
2026-01-01,Medellín,1,Transporte y Logistica,historico,80888597.0,179.0,85.0
2026-02-01,Medellín,1,Transporte y Logistica,historico,78502842.0,242.0,82.0
2026-03-01,Medellín,1,Transporte y Logistica,historico,102069211.0,231.0,104.0
2026-04-01,Medellín,1,Transporte y Logistica,historico,79994000.0,186.0,87.0
2024-01-01,Medellín,1,Turistico,historico,242490.0,2.0,2.0
2024-02-01,Medellín,1,Turistico,historico,0.0,0.0,0.0
2024-03-01,Medellín,1,Turistico,historico,333000.0,1.0,1.0
2024-04-01,Medellín,1,Turistico,historico,35787520.0,8.0,6.0
2024-05-01,Medellín,1,Turistico,historico,0.0,0.0,0.0
2024-06-01,Medellín,1,Turistico,historico,0.0,0.0,0.0
2024-07-01,Medellín,1,Turistico,historico,0.0,0.0,0.0
2024-08-01,Medellín,1,Turistico,historico,13580000.0,3.0,3.0
2024-09-01,Medellín,1,Turistico,historico,0.0,0.0,0.0
2024-10-01,Medellín,1,Turistico,historico,8400000.0,1.0,1.0
2024-11-01,Medellín,1,Turistico,historico,885600.0,3.0,1.0
2024-12-01,Medellín,1,Turistico,historico,345000.0,1.0,1.0
2025-01-01,Medellín,1,Turistico,historico,695100.0,4.0,4.0
2025-02-01,Medellín,1,Turistico,historico,1634899.58,7.0,2.0
2025-03-01,Medellín,1,Turistico,historico,1357736.4100000001,8.0,5.0
2025-04-01,Medellín,1,Turistico,historico,2369855.0,7.0,4.0
2025-05-01,Medellín,1,Turistico,historico,5622830.0,39.0,9.0
2025-06-01,Medellín,1,Turistico,historico,6947400.0,9.0,6.0
2025-07-01,Medellín,1,Turistico,historico,12355160.0,18.0,9.0
2025-08-01,Medellín,1,Turistico,historico,4780070.0,10.0,3.0
2025-09-01,Medellín,1,Turistico,historico,2620636.0,16.0,8.0
2025-10-01,Medellín,1,Turistico,historico,2269325.0,5.0,3.0
2025-11-01,Medellín,1,Turistico,historico,2686510.0,5.0,3.0
2025-12-01,Medellín,1,Turistico,historico,584160.0,2.0,2.0
2026-01-01,Medellín,1,Turistico,historico,3250260.0,6.0,4.0
2026-02-01,Medellín,1,Turistico,historico,7015836.0,16.0,7.0
2026-03-01,Medellín,1,Turistico,historico,5035806.0,9.0,5.0
2026-04-01,Medellín,1,Turistico,historico,3299912.0,7.0,3.0
2024-01-01,Bogotá,2,0,historico,124171799.0,312.0,163.0
2024-02-01,Bogotá,2,0,historico,129660871.0,376.0,208.0
2024-03-01,Bogotá,2,0,historico,74913358.0,274.0,167.0
2024-04-01,Bogotá,2,0,historico,151161255.0,379.0,191.0
2024-05-01,Bogotá,2,0,historico,103755333.0,332.0,162.0
2024-06-01,Bogotá,2,0,historico,88994694.8,331.0,184.0
2024-07-01,Bogotá,2,0,historico,119659702.0,330.0,214.0
2024-08-01,Bogotá,2,0,historico,116804495.75,311.0,196.0
2024-09-01,Bogotá,2,0,historico,63657556.0,263.0,155.0
2024-10-01,Bogotá,2,0,historico,111932098.05,369.0,209.0
2024-11-01,Bogotá,2,0,historico,113645687.72,363.0,205.0
2024-12-01,Bogotá,2,0,historico,107780185.64,238.0,152.0
2025-01-01,Bogotá,2,0,historico,88422927.0,206.0,125.0
2025-02-01,Bogotá,2,0,historico,67370030.0,261.0,125.0
2025-03-01,Bogotá,2,0,historico,84828468.0,235.0,121.0
2025-04-01,Bogotá,2,0,historico,72370046.32,259.0,145.0
2025-05-01,Bogotá,2,0,historico,81474869.13,237.0,143.0
2025-06-01,Bogotá,2,0,historico,47050187.0,173.0,104.0
2025-07-01,Bogotá,2,0,historico,42501238.76,207.0,111.0
2025-08-01,Bogotá,2,0,historico,50510224.0,187.0,96.0
2025-09-01,Bogotá,2,0,historico,52924247.0,173.0,106.0
2025-10-01,Bogotá,2,0,historico,38027064.8,181.0,108.0
2025-11-01,Bogotá,2,0,historico,39523716.0,134.0,73.0
2025-12-01,Bogotá,2,0,historico,40161856.0,133.0,73.0
2026-01-01,Bogotá,2,0,historico,29496559.0,98.0,53.0
2026-02-01,Bogotá,2,0,historico,38163104.0,160.0,78.0
2026-03-01,Bogotá,2,0,historico,16083625.0,69.0,44.0
2026-04-01,Bogotá,2,0,historico,22200509.0,90.0,41.0
2024-01-01,Bogotá,2,Agricultura,historico,97828669.0,85.0,56.0
2024-02-01,Bogotá,2,Agricultura,historico,131306936.0,147.0,89.0
2024-03-01,Bogotá,2,Agricultura,historico,186855703.0,186.0,87.0
2024-04-01,Bogotá,2,Agricultura,historico,90611622.0,157.0,92.0
2024-05-01,Bogotá,2,Agricultura,historico,136164840.0,117.0,79.0
2024-06-01,Bogotá,2,Agricultura,historico,96021458.0,113.0,66.0
2024-07-01,Bogotá,2,Agricultura,historico,160508081.96,186.0,96.0
2024-08-01,Bogotá,2,Agricultura,historico,107378745.0,173.0,88.0
2024-09-01,Bogotá,2,Agricultura,historico,156736478.4,225.0,97.0
2024-10-01,Bogotá,2,Agricultura,historico,294344443.0,423.0,145.0
2024-11-01,Bogotá,2,Agricultura,historico,334043609.0,464.0,153.0
2024-12-01,Bogotá,2,Agricultura,historico,509667298.0,808.0,220.0
2025-01-01,Bogotá,2,Agricultura,historico,468362079.0,701.0,207.0
2025-02-01,Bogotá,2,Agricultura,historico,481654417.0,641.0,218.0
2025-03-01,Bogotá,2,Agricultura,historico,315467943.0,634.0,228.0
2025-04-01,Bogotá,2,Agricultura,historico,694040878.2,975.0,390.0
2025-05-01,Bogotá,2,Agricultura,historico,238750868.0,412.0,212.0
2025-06-01,Bogotá,2,Agricultura,historico,437767074.0,496.0,245.0
2025-07-01,Bogotá,2,Agricultura,historico,259415513.0,554.0,251.0
2025-08-01,Bogotá,2,Agricultura,historico,360147218.0,747.0,298.0
2025-09-01,Bogotá,2,Agricultura,historico,314791945.64,659.0,235.0
2025-10-01,Bogotá,2,Agricultura,historico,375870604.0,712.0,276.0
2025-11-01,Bogotá,2,Agricultura,historico,406724239.6,761.0,296.0
2025-12-01,Bogotá,2,Agricultura,historico,448614989.8,773.0,269.0
2026-01-01,Bogotá,2,Agricultura,historico,431706068.0,912.0,298.0
2026-02-01,Bogotá,2,Agricultura,historico,419901602.0,1075.0,368.0
2026-03-01,Bogotá,2,Agricultura,historico,399021030.1,873.0,337.0
2026-04-01,Bogotá,2,Agricultura,historico,462148940.9,1092.0,379.0
2024-01-01,Bogotá,2,Articulos Para el Hogar y la Oficina,historico,32631669.0,50.0,23.0
2024-02-01,Bogotá,2,Articulos Para el Hogar y la Oficina,historico,23085304.0,34.0,18.0
2024-03-01,Bogotá,2,Articulos Para el Hogar y la Oficina,historico,74898494.0,87.0,28.0
2024-04-01,Bogotá,2,Articulos Para el Hogar y la Oficina,historico,43288484.0,70.0,29.0
2024-05-01,Bogotá,2,Articulos Para el Hogar y la Oficina,historico,28755778.0,43.0,24.0
2024-06-01,Bogotá,2,Articulos Para el Hogar y la Oficina,historico,77317424.0,65.0,31.0
2024-07-01,Bogotá,2,Articulos Para el Hogar y la Oficina,historico,54755832.0,67.0,36.0
2024-08-01,Bogotá,2,Articulos Para el Hogar y la Oficina,historico,64053025.0,118.0,38.0
2024-09-01,Bogotá,2,Articulos Para el Hogar y la Oficina,historico,60765324.0,50.0,31.0
2024-10-01,Bogotá,2,Articulos Para el Hogar y la Oficina,historico,49546760.0,75.0,31.0
2024-11-01,Bogotá,2,Articulos Para el Hogar y la Oficina,historico,58062435.0,53.0,30.0
2024-12-01,Bogotá,2,Articulos Para el Hogar y la Oficina,historico,39394964.0,75.0,44.0
2025-01-01,Bogotá,2,Articulos Para el Hogar y la Oficina,historico,61213830.0,62.0,30.0
2025-02-01,Bogotá,2,Articulos Para el Hogar y la Oficina,historico,112835886.0,107.0,45.0
2025-03-01,Bogotá,2,Articulos Para el Hogar y la Oficina,historico,67057554.0,91.0,44.0
2025-04-01,Bogotá,2,Articulos Para el Hogar y la Oficina,historico,118890699.0,132.0,56.0
2025-05-01,Bogotá,2,Articulos Para el Hogar y la Oficina,historico,97637148.0,97.0,41.0
2025-06-01,Bogotá,2,Articulos Para el Hogar y la Oficina,historico,85696160.0,98.0,49.0
2025-07-01,Bogotá,2,Articulos Para el Hogar y la Oficina,historico,64876430.56,79.0,39.0
2025-08-01,Bogotá,2,Articulos Para el Hogar y la Oficina,historico,96217739.0,127.0,56.0
2025-09-01,Bogotá,2,Articulos Para el Hogar y la Oficina,historico,88333539.0,83.0,39.0
2025-10-01,Bogotá,2,Articulos Para el Hogar y la Oficina,historico,88948481.0,124.0,40.0
2025-11-01,Bogotá,2,Articulos Para el Hogar y la Oficina,historico,113047178.0,103.0,36.0
2025-12-01,Bogotá,2,Articulos Para el Hogar y la Oficina,historico,122860785.0,191.0,45.0
2026-01-01,Bogotá,2,Articulos Para el Hogar y la Oficina,historico,99179402.0,66.0,38.0
2026-02-01,Bogotá,2,Articulos Para el Hogar y la Oficina,historico,80888154.0,82.0,30.0
2026-03-01,Bogotá,2,Articulos Para el Hogar y la Oficina,historico,107448094.0,73.0,26.0
2026-04-01,Bogotá,2,Articulos Para el Hogar y la Oficina,historico,163914567.0,110.0,32.0
2024-01-01,Bogotá,2,Caucho y Plasticos,historico,18842437.0,49.0,20.0
2024-02-01,Bogotá,2,Caucho y Plasticos,historico,20004542.0,68.0,29.0
2024-03-01,Bogotá,2,Caucho y Plasticos,historico,12337820.0,32.0,17.0
2024-04-01,Bogotá,2,Caucho y Plasticos,historico,15527691.0,65.0,23.0
2024-05-01,Bogotá,2,Caucho y Plasticos,historico,20679994.0,65.0,21.0
2024-06-01,Bogotá,2,Caucho y Plasticos,historico,39413755.0,41.0,23.0
2024-07-01,Bogotá,2,Caucho y Plasticos,historico,23920914.0,65.0,24.0
2024-08-01,Bogotá,2,Caucho y Plasticos,historico,27260418.0,56.0,29.0
2024-09-01,Bogotá,2,Caucho y Plasticos,historico,49461935.0,119.0,44.0
2024-10-01,Bogotá,2,Caucho y Plasticos,historico,27892214.0,56.0,25.0
2024-11-01,Bogotá,2,Caucho y Plasticos,historico,4985766.0,81.0,38.0
2024-12-01,Bogotá,2,Caucho y Plasticos,historico,21518312.0,85.0,31.0
2025-01-01,Bogotá,2,Caucho y Plasticos,historico,31935370.1,58.0,30.0
2025-02-01,Bogotá,2,Caucho y Plasticos,historico,15463247.9,58.0,32.0
2025-03-01,Bogotá,2,Caucho y Plasticos,historico,23091055.0,68.0,31.0
2025-04-01,Bogotá,2,Caucho y Plasticos,historico,46527326.0,91.0,36.0
2025-05-01,Bogotá,2,Caucho y Plasticos,historico,22591260.0,58.0,32.0
2025-06-01,Bogotá,2,Caucho y Plasticos,historico,25768627.0,80.0,39.0
2025-07-01,Bogotá,2,Caucho y Plasticos,historico,41899586.46,82.0,43.0
2025-08-01,Bogotá,2,Caucho y Plasticos,historico,49434004.0,96.0,51.0
2025-09-01,Bogotá,2,Caucho y Plasticos,historico,35027364.0,121.0,40.0
2025-10-01,Bogotá,2,Caucho y Plasticos,historico,52317884.92,72.0,35.0
2025-11-01,Bogotá,2,Caucho y Plasticos,historico,65674555.0,129.0,36.0
2025-12-01,Bogotá,2,Caucho y Plasticos,historico,30989405.0,83.0,35.0
2026-01-01,Bogotá,2,Caucho y Plasticos,historico,25401303.0,55.0,21.0
2026-02-01,Bogotá,2,Caucho y Plasticos,historico,20353155.0,76.0,20.0
2026-03-01,Bogotá,2,Caucho y Plasticos,historico,55643394.0,108.0,27.0
2026-04-01,Bogotá,2,Caucho y Plasticos,historico,28731636.0,92.0,40.0
2024-01-01,Bogotá,2,Comercio,historico,1766633743.11,2745.0,1108.0
2024-02-01,Bogotá,2,Comercio,historico,1917133548.42,3738.0,1453.0
2024-03-01,Bogotá,2,Comercio,historico,1676357594.01,3365.0,1198.0
2024-04-01,Bogotá,2,Comercio,historico,2068651591.33,3847.0,1444.0
2024-05-01,Bogotá,2,Comercio,historico,1975342041.5,3938.0,1468.0
2024-06-01,Bogotá,2,Comercio,historico,1789026198.22,3466.0,1331.0
2024-07-01,Bogotá,2,Comercio,historico,2099020392.3,3840.0,1535.0
2024-08-01,Bogotá,2,Comercio,historico,2295467458.94,4256.0,1597.0
2024-09-01,Bogotá,2,Comercio,historico,2277702047.0,4081.0,1698.0
2024-10-01,Bogotá,2,Comercio,historico,2163878677.16,3992.0,1697.0
2024-11-01,Bogotá,2,Comercio,historico,2043708627.7,3683.0,1468.0
2024-12-01,Bogotá,2,Comercio,historico,1973593408.14,4081.0,1375.0
2025-01-01,Bogotá,2,Comercio,historico,2097346041.84,3685.0,1406.0
2025-02-01,Bogotá,2,Comercio,historico,2092011040.49,3990.0,1549.0
2025-03-01,Bogotá,2,Comercio,historico,2419443483.84,4045.0,1579.0
2025-04-01,Bogotá,2,Comercio,historico,1632961398.6,3881.0,1576.0
2025-05-01,Bogotá,2,Comercio,historico,1811114929.0,4062.0,1561.0
2025-06-01,Bogotá,2,Comercio,historico,1763651068.04,3976.0,1500.0
2025-07-01,Bogotá,2,Comercio,historico,2268974820.72,4769.0,1949.0
2025-08-01,Bogotá,2,Comercio,historico,2073402186.82,4133.0,1598.0
2025-09-01,Bogotá,2,Comercio,historico,2322150262.61,4720.0,1745.0
2025-10-01,Bogotá,2,Comercio,historico,2280103418.58,4303.0,1638.0
2025-11-01,Bogotá,2,Comercio,historico,2481178390.2,3701.0,1361.0
2025-12-01,Bogotá,2,Comercio,historico,2427273343.85,4622.0,1470.0
2026-01-01,Bogotá,2,Comercio,historico,1896665652.64,3245.0,1152.0
2026-02-01,Bogotá,2,Comercio,historico,2447288379.58,4164.0,1513.0
2026-03-01,Bogotá,2,Comercio,historico,2188318856.88,4119.0,1581.0
2026-04-01,Bogotá,2,Comercio,historico,2090804793.44,3966.0,1468.0
2024-01-01,Bogotá,2,Construction,historico,128582250.0,218.0,100.0
2024-02-01,Bogotá,2,Construction,historico,185898114.0,318.0,149.0
2024-03-01,Bogotá,2,Construction,historico,237754559.0,366.0,140.0
2024-04-01,Bogotá,2,Construction,historico,79297577.0,289.0,125.0
2024-05-01,Bogotá,2,Construction,historico,133498756.0,236.0,75.0
2024-06-01,Bogotá,2,Construction,historico,84517877.0,286.0,104.0
2024-07-01,Bogotá,2,Construction,historico,120427396.0,251.0,98.0
2024-08-01,Bogotá,2,Construction,historico,136230819.0,342.0,103.0
2024-09-01,Bogotá,2,Construction,historico,131707086.0,341.0,124.0
2024-10-01,Bogotá,2,Construction,historico,148784602.0,286.0,110.0
2024-11-01,Bogotá,2,Construction,historico,97880630.0,286.0,92.0
2024-12-01,Bogotá,2,Construction,historico,265224225.0,319.0,114.0
2025-01-01,Bogotá,2,Construction,historico,122177796.0,285.0,108.0
2025-02-01,Bogotá,2,Construction,historico,194351129.96,462.0,148.0
2025-03-01,Bogotá,2,Construction,historico,185527258.56,396.0,119.0
2025-04-01,Bogotá,2,Construction,historico,160620549.9,414.0,148.0
2025-05-01,Bogotá,2,Construction,historico,107295752.4,321.0,108.0
2025-06-01,Bogotá,2,Construction,historico,204128471.72,488.0,165.0
2025-07-01,Bogotá,2,Construction,historico,165329962.02,429.0,171.0
2025-08-01,Bogotá,2,Construction,historico,252284515.2,438.0,132.0
2025-09-01,Bogotá,2,Construction,historico,315518692.86,513.0,146.0
2025-10-01,Bogotá,2,Construction,historico,161945290.43,328.0,132.0
2025-11-01,Bogotá,2,Construction,historico,302453145.44,598.0,171.0
2025-12-01,Bogotá,2,Construction,historico,202279458.4,400.0,117.0
2026-01-01,Bogotá,2,Construction,historico,135904512.32999998,263.0,109.0
2026-02-01,Bogotá,2,Construction,historico,142234297.06,334.0,140.0
2026-03-01,Bogotá,2,Construction,historico,122387701.23,334.0,120.0
2026-04-01,Bogotá,2,Construction,historico,152365182.32,283.0,121.0
2024-01-01,Bogotá,2,Education,historico,0.0,0.0,0.0
2024-02-01,Bogotá,2,Education,historico,300000.0,1.0,1.0
2024-03-01,Bogotá,2,Education,historico,3277653.0,13.0,2.0
2024-04-01,Bogotá,2,Education,historico,12959468.0,16.0,5.0
2024-05-01,Bogotá,2,Education,historico,49446144.0,39.0,5.0
2024-06-01,Bogotá,2,Education,historico,19674145.0,32.0,11.0
2024-07-01,Bogotá,2,Education,historico,17959726.0,24.0,9.0
2024-08-01,Bogotá,2,Education,historico,1521240.0,5.0,4.0
2024-09-01,Bogotá,2,Education,historico,3788551.0,7.0,6.0
2024-10-01,Bogotá,2,Education,historico,1996494.0,9.0,5.0
2024-11-01,Bogotá,2,Education,historico,98480.0,2.0,1.0
2024-12-01,Bogotá,2,Education,historico,4548302.0,10.0,6.0
2025-01-01,Bogotá,2,Education,historico,0.0,0.0,0.0
2025-02-01,Bogotá,2,Education,historico,38526.0,1.0,1.0
2025-03-01,Bogotá,2,Education,historico,67200.0,1.0,1.0
2025-04-01,Bogotá,2,Education,historico,371840.0,3.0,1.0
2025-05-01,Bogotá,2,Education,historico,3446815.0,7.0,3.0
2025-06-01,Bogotá,2,Education,historico,5360231.0,27.0,3.0
2025-07-01,Bogotá,2,Education,historico,33357010.0,29.0,5.0
2025-08-01,Bogotá,2,Education,historico,20989065.0,24.0,8.0
2025-09-01,Bogotá,2,Education,historico,3434136.0,23.0,9.0
2025-10-01,Bogotá,2,Education,historico,8625522.0,9.0,5.0
2025-11-01,Bogotá,2,Education,historico,1207236.0,3.0,1.0
2025-12-01,Bogotá,2,Education,historico,13238607.0,15.0,4.0
2026-01-01,Bogotá,2,Education,historico,0.0,0.0,0.0
2026-02-01,Bogotá,2,Education,historico,8868886.0,14.0,9.0
2026-03-01,Bogotá,2,Education,historico,4401536.0,15.0,8.0
2026-04-01,Bogotá,2,Education,historico,1133244.0,4.0,2.0
2024-01-01,Bogotá,2,Empleados,historico,753249.0,36.0,28.0
2024-02-01,Bogotá,2,Empleados,historico,882344.0,22.0,17.0
2024-03-01,Bogotá,2,Empleados,historico,527061.0,20.0,19.0
2024-04-01,Bogotá,2,Empleados,historico,-1369929.0,25.0,20.0
2024-05-01,Bogotá,2,Empleados,historico,6337791.92,34.0,27.0
2024-06-01,Bogotá,2,Empleados,historico,2403080.34,35.0,28.0
2024-07-01,Bogotá,2,Empleados,historico,-6371410.0,25.0,22.0
2024-08-01,Bogotá,2,Empleados,historico,867042.0,27.0,21.0
2024-09-01,Bogotá,2,Empleados,historico,1492692.85,30.0,26.0
2024-10-01,Bogotá,2,Empleados,historico,21272936.68,214.0,114.0
2024-11-01,Bogotá,2,Empleados,historico,-2337514.7,67.0,49.0
2024-12-01,Bogotá,2,Empleados,historico,-9815618.56,85.0,58.0
2025-01-01,Bogotá,2,Empleados,historico,8885036.879999999,123.0,104.0
2025-02-01,Bogotá,2,Empleados,historico,-1092090.6600000001,92.0,61.0
2025-03-01,Bogotá,2,Empleados,historico,786292.0,46.0,39.0
2025-04-01,Bogotá,2,Empleados,historico,4242499.12,63.0,38.0
2025-05-01,Bogotá,2,Empleados,historico,4795982.03,68.0,51.0
2025-06-01,Bogotá,2,Empleados,historico,393927.02,70.0,48.0
2025-07-01,Bogotá,2,Empleados,historico,17966759.02,322.0,119.0
2025-08-01,Bogotá,2,Empleados,historico,-12930461.59,131.0,76.0
2025-09-01,Bogotá,2,Empleados,historico,-1435099.0,41.0,31.0
2025-10-01,Bogotá,2,Empleados,historico,1466762.96,85.0,51.0
2025-11-01,Bogotá,2,Empleados,historico,-2774052.94,65.0,38.0
2025-12-01,Bogotá,2,Empleados,historico,12458318.0,164.0,113.0
2026-01-01,Bogotá,2,Empleados,historico,-1165755.0,128.0,92.0
2026-02-01,Bogotá,2,Empleados,historico,-2528219.6,37.0,32.0
2026-03-01,Bogotá,2,Empleados,historico,4500509.0,49.0,33.0
2026-04-01,Bogotá,2,Empleados,historico,4150364.71,32.0,20.0
2024-01-01,Bogotá,2,Energy supply,historico,1732200.0,6.0,2.0
2024-02-01,Bogotá,2,Energy supply,historico,2075900.0,8.0,4.0
2024-03-01,Bogotá,2,Energy supply,historico,0.0,0.0,0.0
2024-04-01,Bogotá,2,Energy supply,historico,0.0,0.0,0.0
2024-05-01,Bogotá,2,Energy supply,historico,0.0,0.0,0.0
2024-06-01,Bogotá,2,Energy supply,historico,0.0,0.0,0.0
2024-07-01,Bogotá,2,Energy supply,historico,0.0,0.0,0.0
2024-08-01,Bogotá,2,Energy supply,historico,0.0,0.0,0.0
2024-09-01,Bogotá,2,Energy supply,historico,0.0,0.0,0.0
2024-10-01,Bogotá,2,Energy supply,historico,0.0,0.0,0.0
2024-11-01,Bogotá,2,Energy supply,historico,0.0,0.0,0.0
2024-12-01,Bogotá,2,Energy supply,historico,5219430.0,4.0,3.0
2025-01-01,Bogotá,2,Energy supply,historico,6715788.0,12.0,4.0
2025-02-01,Bogotá,2,Energy supply,historico,60262452.0,48.0,17.0
2025-03-01,Bogotá,2,Energy supply,historico,99981207.0,57.0,21.0
2025-04-01,Bogotá,2,Energy supply,historico,24023332.0,24.0,8.0
2025-05-01,Bogotá,2,Energy supply,historico,7054424.0,22.0,10.0
2025-06-01,Bogotá,2,Energy supply,historico,22482242.0,70.0,14.0
2025-07-01,Bogotá,2,Energy supply,historico,10622600.0,33.0,12.0
2025-08-01,Bogotá,2,Energy supply,historico,55750056.0,25.0,13.0
2025-09-01,Bogotá,2,Energy supply,historico,128700.0,1.0,1.0
2025-10-01,Bogotá,2,Energy supply,historico,4787475.0,12.0,8.0
2025-11-01,Bogotá,2,Energy supply,historico,692160.0,1.0,1.0
2025-12-01,Bogotá,2,Energy supply,historico,3148152.0,13.0,5.0
2026-01-01,Bogotá,2,Energy supply,historico,1023210.0,4.0,3.0
2026-02-01,Bogotá,2,Energy supply,historico,23695939.0,48.0,9.0
2026-03-01,Bogotá,2,Energy supply,historico,7397640.0,21.0,4.0
2026-04-01,Bogotá,2,Energy supply,historico,20448897.0,40.0,6.0
2024-01-01,Bogotá,2,Equipo de Transporte,historico,47912747.0,65.0,48.0
2024-02-01,Bogotá,2,Equipo de Transporte,historico,101156034.0,180.0,99.0
2024-03-01,Bogotá,2,Equipo de Transporte,historico,127919622.0,117.0,95.0
2024-04-01,Bogotá,2,Equipo de Transporte,historico,260548763.0,215.0,164.0
2024-05-01,Bogotá,2,Equipo de Transporte,historico,199772529.0,174.0,121.0
2024-06-01,Bogotá,2,Equipo de Transporte,historico,170381844.0,158.0,115.0
2024-07-01,Bogotá,2,Equipo de Transporte,historico,301048717.0,299.0,212.0
2024-08-01,Bogotá,2,Equipo de Transporte,historico,273826391.0,297.0,184.0
2024-09-01,Bogotá,2,Equipo de Transporte,historico,260199301.4,173.0,78.0
2024-10-01,Bogotá,2,Equipo de Transporte,historico,320357257.0,238.0,95.0
2024-11-01,Bogotá,2,Equipo de Transporte,historico,193667248.0,155.0,55.0
2024-12-01,Bogotá,2,Equipo de Transporte,historico,287960836.0,245.0,100.0
2025-01-01,Bogotá,2,Equipo de Transporte,historico,245589565.0,172.0,83.0
2025-02-01,Bogotá,2,Equipo de Transporte,historico,259245064.0,206.0,81.0
2025-03-01,Bogotá,2,Equipo de Transporte,historico,210058413.0,135.0,54.0
2025-04-01,Bogotá,2,Equipo de Transporte,historico,121766355.0,128.0,70.0
2025-05-01,Bogotá,2,Equipo de Transporte,historico,267726165.0,209.0,106.0
2025-06-01,Bogotá,2,Equipo de Transporte,historico,171968591.0,173.0,98.0
2025-07-01,Bogotá,2,Equipo de Transporte,historico,333958849.0,320.0,192.0
2025-08-01,Bogotá,2,Equipo de Transporte,historico,212635434.0,194.0,128.0
2025-09-01,Bogotá,2,Equipo de Transporte,historico,420139446.16,322.0,134.0
2025-10-01,Bogotá,2,Equipo de Transporte,historico,384912285.42,282.0,124.0
2025-11-01,Bogotá,2,Equipo de Transporte,historico,309957987.14,222.0,106.0
2025-12-01,Bogotá,2,Equipo de Transporte,historico,311058413.2,187.0,107.0
2026-01-01,Bogotá,2,Equipo de Transporte,historico,246772722.0,159.0,91.0
2026-02-01,Bogotá,2,Equipo de Transporte,historico,289765733.08,236.0,125.0
2026-03-01,Bogotá,2,Equipo de Transporte,historico,412649007.0,254.0,132.0
2026-04-01,Bogotá,2,Equipo de Transporte,historico,265668167.0,200.0,103.0
2024-01-01,Bogotá,2,Food,historico,879563391.79,897.0,408.0
2024-02-01,Bogotá,2,Food,historico,1046335219.98,1105.0,525.0
2024-03-01,Bogotá,2,Food,historico,978260354.3,1342.0,551.0
2024-04-01,Bogotá,2,Food,historico,1287896186.46,1331.0,581.0
2024-05-01,Bogotá,2,Food,historico,1077377043.96,1465.0,584.0
2024-06-01,Bogotá,2,Food,historico,1205274176.58,1237.0,533.0
2024-07-01,Bogotá,2,Food,historico,964760957.54,1373.0,577.0
2024-08-01,Bogotá,2,Food,historico,1176067636.97,1562.0,611.0
2024-09-01,Bogotá,2,Food,historico,1118755862.26,1454.0,608.0
2024-10-01,Bogotá,2,Food,historico,1150753969.82,1529.0,674.0
2024-11-01,Bogotá,2,Food,historico,1099225128.56,1449.0,594.0
2024-12-01,Bogotá,2,Food,historico,979800388.78,1362.0,519.0
2025-01-01,Bogotá,2,Food,historico,1014199008.4,1327.0,523.0
2025-02-01,Bogotá,2,Food,historico,1008793153.32,1370.0,548.0
2025-03-01,Bogotá,2,Food,historico,1202041934.61,1317.0,558.0
2025-04-01,Bogotá,2,Food,historico,1214379453.72,1412.0,547.0
2025-05-01,Bogotá,2,Food,historico,1153793052.07,1326.0,568.0
2025-06-01,Bogotá,2,Food,historico,1174904048.92,1442.0,613.0
2025-07-01,Bogotá,2,Food,historico,1452259239.1,1576.0,712.0
2025-08-01,Bogotá,2,Food,historico,1243219710.11,1375.0,570.0
2025-09-01,Bogotá,2,Food,historico,1329492187.62,1563.0,653.0
2025-10-01,Bogotá,2,Food,historico,1215668036.83,1519.0,582.0
2025-11-01,Bogotá,2,Food,historico,1162370373.03,1303.0,529.0
2025-12-01,Bogotá,2,Food,historico,1229132913.75,1480.0,575.0
2026-01-01,Bogotá,2,Food,historico,922296003.32,1146.0,490.0
2026-02-01,Bogotá,2,Food,historico,1122232235.75,1452.0,551.0
2026-03-01,Bogotá,2,Food,historico,1286773067.2,1453.0,631.0
2026-04-01,Bogotá,2,Food,historico,1392353556.62,1407.0,583.0
2024-01-01,Bogotá,2,Health/Social,historico,14239110.0,14.0,13.0
2024-02-01,Bogotá,2,Health/Social,historico,12540328.0,17.0,15.0
2024-03-01,Bogotá,2,Health/Social,historico,5026111.0,47.0,19.0
2024-04-01,Bogotá,2,Health/Social,historico,22958072.0,28.0,11.0
2024-05-01,Bogotá,2,Health/Social,historico,10153004.0,26.0,7.0
2024-06-01,Bogotá,2,Health/Social,historico,13722916.0,20.0,15.0
2024-07-01,Bogotá,2,Health/Social,historico,17090026.0,32.0,18.0
2024-08-01,Bogotá,2,Health/Social,historico,14351266.0,25.0,10.0
2024-09-01,Bogotá,2,Health/Social,historico,11262382.0,13.0,8.0
2024-10-01,Bogotá,2,Health/Social,historico,18964588.0,9.0,6.0
2024-11-01,Bogotá,2,Health/Social,historico,15021972.0,34.0,14.0
2024-12-01,Bogotá,2,Health/Social,historico,11699547.0,37.0,18.0
2025-01-01,Bogotá,2,Health/Social,historico,1928977.0,4.0,4.0
2025-02-01,Bogotá,2,Health/Social,historico,7523903.0,26.0,10.0
2025-03-01,Bogotá,2,Health/Social,historico,7767216.0,15.0,12.0
2025-04-01,Bogotá,2,Health/Social,historico,5098272.4,41.0,15.0
2025-05-01,Bogotá,2,Health/Social,historico,3675706.0,17.0,9.0
2025-06-01,Bogotá,2,Health/Social,historico,5434650.77,39.0,13.0
2025-07-01,Bogotá,2,Health/Social,historico,16507590.0,34.0,19.0
2025-08-01,Bogotá,2,Health/Social,historico,8617762.0,28.0,12.0
2025-09-01,Bogotá,2,Health/Social,historico,18289144.0,22.0,8.0
2025-10-01,Bogotá,2,Health/Social,historico,8262481.0,23.0,16.0
2025-11-01,Bogotá,2,Health/Social,historico,15366293.0,39.0,14.0
2025-12-01,Bogotá,2,Health/Social,historico,9461099.0,12.0,8.0
2026-01-01,Bogotá,2,Health/Social,historico,13835287.0,24.0,11.0
2026-02-01,Bogotá,2,Health/Social,historico,9006074.0,64.0,10.0
2026-03-01,Bogotá,2,Health/Social,historico,58167085.0,41.0,16.0
2026-04-01,Bogotá,2,Health/Social,historico,9223555.0,18.0,12.0
2024-01-01,Bogotá,2,Hidrocarburo,historico,241011818.88,195.0,98.0
2024-02-01,Bogotá,2,Hidrocarburo,historico,200736018.75,242.0,134.0
2024-03-01,Bogotá,2,Hidrocarburo,historico,293040709.01,265.0,115.0
2024-04-01,Bogotá,2,Hidrocarburo,historico,296562367.77,272.0,124.0
2024-05-01,Bogotá,2,Hidrocarburo,historico,204967814.1,226.0,109.0
2024-06-01,Bogotá,2,Hidrocarburo,historico,240769746.4,360.0,139.0
2024-07-01,Bogotá,2,Hidrocarburo,historico,233408816.0,277.0,133.0
2024-08-01,Bogotá,2,Hidrocarburo,historico,214580552.06,267.0,124.0
2024-09-01,Bogotá,2,Hidrocarburo,historico,255396382.0,459.0,124.0
2024-10-01,Bogotá,2,Hidrocarburo,historico,427645748.0,301.0,125.0
2024-11-01,Bogotá,2,Hidrocarburo,historico,315283490.68,380.0,151.0
2024-12-01,Bogotá,2,Hidrocarburo,historico,396288996.66,343.0,145.0
2025-01-01,Bogotá,2,Hidrocarburo,historico,356724035.57,278.0,117.0
2025-02-01,Bogotá,2,Hidrocarburo,historico,304874248.4,246.0,106.0
2025-03-01,Bogotá,2,Hidrocarburo,historico,274259644.6,316.0,153.0
2025-04-01,Bogotá,2,Hidrocarburo,historico,384592472.69,394.0,152.0
2025-05-01,Bogotá,2,Hidrocarburo,historico,451758468.91,489.0,166.0
2025-06-01,Bogotá,2,Hidrocarburo,historico,352798108.99,496.0,159.0
2025-07-01,Bogotá,2,Hidrocarburo,historico,526262717.17,555.0,199.0
2025-08-01,Bogotá,2,Hidrocarburo,historico,506338885.68,457.0,185.0
2025-09-01,Bogotá,2,Hidrocarburo,historico,833939817.92,621.0,205.0
2025-10-01,Bogotá,2,Hidrocarburo,historico,528057320.99,535.0,161.0
2025-11-01,Bogotá,2,Hidrocarburo,historico,610929279.47,705.0,185.0
2025-12-01,Bogotá,2,Hidrocarburo,historico,603039780.7,621.0,180.0
2026-01-01,Bogotá,2,Hidrocarburo,historico,458821525.0,464.0,122.0
2026-02-01,Bogotá,2,Hidrocarburo,historico,668708736.0,499.0,134.0
2026-03-01,Bogotá,2,Hidrocarburo,historico,689458740.95,497.0,157.0
2026-04-01,Bogotá,2,Hidrocarburo,historico,563021020.0,540.0,151.0
2024-01-01,Bogotá,2,IT/Communication,historico,1155400.0,4.0,3.0
2024-02-01,Bogotá,2,IT/Communication,historico,24479332.0,24.0,9.0
2024-03-01,Bogotá,2,IT/Communication,historico,2629562.0,7.0,4.0
2024-04-01,Bogotá,2,IT/Communication,historico,18376779.0,32.0,5.0
2024-05-01,Bogotá,2,IT/Communication,historico,5105376.0,17.0,10.0
2024-06-01,Bogotá,2,IT/Communication,historico,8604430.0,3.0,2.0
2024-07-01,Bogotá,2,IT/Communication,historico,9272936.0,28.0,9.0
2024-08-01,Bogotá,2,IT/Communication,historico,3497416.0,25.0,10.0
2024-09-01,Bogotá,2,IT/Communication,historico,6512920.0,35.0,13.0
2024-10-01,Bogotá,2,IT/Communication,historico,22615430.0,52.0,13.0
2024-11-01,Bogotá,2,IT/Communication,historico,10063250.0,20.0,4.0
2024-12-01,Bogotá,2,IT/Communication,historico,6436700.0,18.0,5.0
2025-01-01,Bogotá,2,IT/Communication,historico,18168148.0,23.0,9.0
2025-02-01,Bogotá,2,IT/Communication,historico,6119268.0,14.0,7.0
2025-03-01,Bogotá,2,IT/Communication,historico,14026920.0,25.0,7.0
2025-04-01,Bogotá,2,IT/Communication,historico,2713455.0,8.0,6.0
2025-05-01,Bogotá,2,IT/Communication,historico,90040066.0,14.0,8.0
2025-06-01,Bogotá,2,IT/Communication,historico,16895449.0,41.0,17.0
2025-07-01,Bogotá,2,IT/Communication,historico,44203733.0,74.0,21.0
2025-08-01,Bogotá,2,IT/Communication,historico,70244247.0,43.0,10.0
2025-09-01,Bogotá,2,IT/Communication,historico,7883124.0,21.0,12.0
2025-10-01,Bogotá,2,IT/Communication,historico,30304711.0,39.0,14.0
2025-11-01,Bogotá,2,IT/Communication,historico,4892570.0,11.0,7.0
2025-12-01,Bogotá,2,IT/Communication,historico,7223725.0,22.0,8.0
2026-01-01,Bogotá,2,IT/Communication,historico,21242371.0,30.0,15.0
2026-02-01,Bogotá,2,IT/Communication,historico,39912530.0,61.0,19.0
2026-03-01,Bogotá,2,IT/Communication,historico,11089992.0,31.0,15.0
2026-04-01,Bogotá,2,IT/Communication,historico,16356693.0,43.0,10.0
2024-01-01,Bogotá,2,Industria,historico,307500484.0,492.0,212.0
2024-02-01,Bogotá,2,Industria,historico,448126753.0,697.0,346.0
2024-03-01,Bogotá,2,Industria,historico,442982606.0,655.0,309.0
2024-04-01,Bogotá,2,Industria,historico,628400857.0,646.0,297.0
2024-05-01,Bogotá,2,Industria,historico,573738717.88,686.0,296.0
2024-06-01,Bogotá,2,Industria,historico,585528821.96,657.0,296.0
2024-07-01,Bogotá,2,Industria,historico,473795160.32,651.0,307.0
2024-08-01,Bogotá,2,Industria,historico,517111751.2,648.0,308.0
2024-09-01,Bogotá,2,Industria,historico,484170456.78,589.0,302.0
2024-10-01,Bogotá,2,Industria,historico,439798459.86,655.0,287.0
2024-11-01,Bogotá,2,Industria,historico,456686488.68,652.0,288.0
2024-12-01,Bogotá,2,Industria,historico,466625506.52,720.0,291.0
2025-01-01,Bogotá,2,Industria,historico,659648516.0,497.0,251.0
2025-02-01,Bogotá,2,Industria,historico,474164021.36,740.0,344.0
2025-03-01,Bogotá,2,Industria,historico,442375388.41,515.0,268.0
2025-04-01,Bogotá,2,Industria,historico,386027991.34,666.0,318.0
2025-05-01,Bogotá,2,Industria,historico,512971222.38,798.0,354.0
2025-06-01,Bogotá,2,Industria,historico,407144350.84,630.0,299.0
2025-07-01,Bogotá,2,Industria,historico,499137082.08,629.0,322.0
2025-08-01,Bogotá,2,Industria,historico,386286322.5,607.0,271.0
2025-09-01,Bogotá,2,Industria,historico,507128874.4,922.0,405.0
2025-10-01,Bogotá,2,Industria,historico,521766670.85,741.0,321.0
2025-11-01,Bogotá,2,Industria,historico,450265373.0,665.0,286.0
2025-12-01,Bogotá,2,Industria,historico,526934252.0,669.0,269.0
2026-01-01,Bogotá,2,Industria,historico,341440858.84,581.0,265.0
2026-02-01,Bogotá,2,Industria,historico,491818027.97,712.0,314.0
2026-03-01,Bogotá,2,Industria,historico,447927682.8,774.0,327.0
2026-04-01,Bogotá,2,Industria,historico,535881501.26,710.0,296.0
2024-01-01,Bogotá,2,Madera y Papel,historico,75862959.0,97.0,52.0
2024-02-01,Bogotá,2,Madera y Papel,historico,61442990.0,107.0,60.0
2024-03-01,Bogotá,2,Madera y Papel,historico,64630613.0,99.0,44.0
2024-04-01,Bogotá,2,Madera y Papel,historico,49091978.0,137.0,64.0
2024-05-01,Bogotá,2,Madera y Papel,historico,97428693.0,155.0,66.0
2024-06-01,Bogotá,2,Madera y Papel,historico,82223511.0,122.0,55.0
2024-07-01,Bogotá,2,Madera y Papel,historico,71863612.0,135.0,68.0
2024-08-01,Bogotá,2,Madera y Papel,historico,56984172.0,132.0,60.0
2024-09-01,Bogotá,2,Madera y Papel,historico,55232492.0,121.0,77.0
2024-10-01,Bogotá,2,Madera y Papel,historico,69617952.0,116.0,59.0
2024-11-01,Bogotá,2,Madera y Papel,historico,105963529.0,136.0,76.0
2024-12-01,Bogotá,2,Madera y Papel,historico,101359649.0,187.0,70.0
2025-01-01,Bogotá,2,Madera y Papel,historico,60448816.0,144.0,56.0
2025-02-01,Bogotá,2,Madera y Papel,historico,63382479.0,111.0,66.0
2025-03-01,Bogotá,2,Madera y Papel,historico,54945737.0,114.0,54.0
2025-04-01,Bogotá,2,Madera y Papel,historico,66525426.4,176.0,73.0
2025-05-01,Bogotá,2,Madera y Papel,historico,80673448.0,151.0,69.0
2025-06-01,Bogotá,2,Madera y Papel,historico,45613614.36,122.0,74.0
2025-07-01,Bogotá,2,Madera y Papel,historico,123589015.95,276.0,100.0
2025-08-01,Bogotá,2,Madera y Papel,historico,78778694.0,175.0,83.0
2025-09-01,Bogotá,2,Madera y Papel,historico,71324663.0,143.0,73.0
2025-10-01,Bogotá,2,Madera y Papel,historico,75954688.46,174.0,82.0
2025-11-01,Bogotá,2,Madera y Papel,historico,132349841.0,169.0,79.0
2025-12-01,Bogotá,2,Madera y Papel,historico,132450133.0,148.0,79.0
2026-01-01,Bogotá,2,Madera y Papel,historico,61942035.0,128.0,53.0
2026-02-01,Bogotá,2,Madera y Papel,historico,104655754.0,155.0,87.0
2026-03-01,Bogotá,2,Madera y Papel,historico,56344084.0,111.0,67.0
2026-04-01,Bogotá,2,Madera y Papel,historico,66921250.0,147.0,63.0
2024-01-01,Bogotá,2,Maquinaria y Afines,historico,138958847.0,161.0,72.0
2024-02-01,Bogotá,2,Maquinaria y Afines,historico,120376757.0,268.0,115.0
2024-03-01,Bogotá,2,Maquinaria y Afines,historico,82235499.0,207.0,87.0
2024-04-01,Bogotá,2,Maquinaria y Afines,historico,155409785.0,323.0,108.0
2024-05-01,Bogotá,2,Maquinaria y Afines,historico,132770336.0,272.0,103.0
2024-06-01,Bogotá,2,Maquinaria y Afines,historico,116630085.03,218.0,90.0
2024-07-01,Bogotá,2,Maquinaria y Afines,historico,93625709.4,258.0,91.0
2024-08-01,Bogotá,2,Maquinaria y Afines,historico,97938449.2,169.0,75.0
2024-09-01,Bogotá,2,Maquinaria y Afines,historico,126039503.0,275.0,111.0
2024-10-01,Bogotá,2,Maquinaria y Afines,historico,144146372.0,286.0,106.0
2024-11-01,Bogotá,2,Maquinaria y Afines,historico,118941988.12,212.0,98.0
2024-12-01,Bogotá,2,Maquinaria y Afines,historico,114060644.27,228.0,79.0
2025-01-01,Bogotá,2,Maquinaria y Afines,historico,98948000.2,166.0,77.0
2025-02-01,Bogotá,2,Maquinaria y Afines,historico,86437604.0,222.0,95.0
2025-03-01,Bogotá,2,Maquinaria y Afines,historico,334319734.0,321.0,127.0
2025-04-01,Bogotá,2,Maquinaria y Afines,historico,266349605.08,277.0,132.0
2025-05-01,Bogotá,2,Maquinaria y Afines,historico,238740605.58,301.0,122.0
2025-06-01,Bogotá,2,Maquinaria y Afines,historico,330190091.43,271.0,112.0
2025-07-01,Bogotá,2,Maquinaria y Afines,historico,251061174.0,282.0,151.0
2025-08-01,Bogotá,2,Maquinaria y Afines,historico,227247312.5,259.0,123.0
2025-09-01,Bogotá,2,Maquinaria y Afines,historico,519305193.0,335.0,140.0
2025-10-01,Bogotá,2,Maquinaria y Afines,historico,176500497.0,271.0,116.0
2025-11-01,Bogotá,2,Maquinaria y Afines,historico,214008755.4,222.0,82.0
2025-12-01,Bogotá,2,Maquinaria y Afines,historico,396462801.02,270.0,115.0
2026-01-01,Bogotá,2,Maquinaria y Afines,historico,144541424.34,232.0,93.0
2026-02-01,Bogotá,2,Maquinaria y Afines,historico,151632428.0,279.0,113.0
2026-03-01,Bogotá,2,Maquinaria y Afines,historico,277634860.0,350.0,129.0
2026-04-01,Bogotá,2,Maquinaria y Afines,historico,152132911.0,268.0,103.0
2024-01-01,Bogotá,2,Mining,historico,997612743.46,743.0,233.0
2024-02-01,Bogotá,2,Mining,historico,1378256353.0,951.0,308.0
2024-03-01,Bogotá,2,Mining,historico,942138577.0,894.0,324.0
2024-04-01,Bogotá,2,Mining,historico,1071553683.03,1116.0,343.0
2024-05-01,Bogotá,2,Mining,historico,1015883905.92,1104.0,337.0
2024-06-01,Bogotá,2,Mining,historico,1016501028.29,844.0,320.0
2024-07-01,Bogotá,2,Mining,historico,1081652227.48,918.0,356.0
2024-08-01,Bogotá,2,Mining,historico,865064647.92,766.0,276.0
2024-09-01,Bogotá,2,Mining,historico,1055151089.0,821.0,345.0
2024-10-01,Bogotá,2,Mining,historico,1065922292.9,917.0,319.0
2024-11-01,Bogotá,2,Mining,historico,810577255.93,917.0,301.0
2024-12-01,Bogotá,2,Mining,historico,586276382.95,509.0,225.0
2025-01-01,Bogotá,2,Mining,historico,715622526.89,765.0,275.0
2025-02-01,Bogotá,2,Mining,historico,851987161.44,688.0,300.0
2025-03-01,Bogotá,2,Mining,historico,654534211.18,586.0,238.0
2025-04-01,Bogotá,2,Mining,historico,856179531.45,729.0,274.0
2025-05-01,Bogotá,2,Mining,historico,886471171.78,653.0,253.0
2025-06-01,Bogotá,2,Mining,historico,779715214.4,663.0,290.0
2025-07-01,Bogotá,2,Mining,historico,1035039117.05,807.0,325.0
2025-08-01,Bogotá,2,Mining,historico,848133656.15,625.0,271.0
2025-09-01,Bogotá,2,Mining,historico,801817396.17,712.0,298.0
2025-10-01,Bogotá,2,Mining,historico,843603517.78,728.0,278.0
2025-11-01,Bogotá,2,Mining,historico,828617475.63,703.0,262.0
2025-12-01,Bogotá,2,Mining,historico,783783455.8,564.0,246.0
2026-01-01,Bogotá,2,Mining,historico,558888854.19,494.0,212.0
2026-02-01,Bogotá,2,Mining,historico,712404624.4,629.0,284.0
2026-03-01,Bogotá,2,Mining,historico,816372406.97,715.0,260.0
2026-04-01,Bogotá,2,Mining,historico,661182396.53,635.0,251.0
2024-01-01,Bogotá,2,Persona Natural,historico,3711137.0,21.0,7.0
2024-02-01,Bogotá,2,Persona Natural,historico,5803381.0,33.0,12.0
2024-03-01,Bogotá,2,Persona Natural,historico,797300.0,7.0,4.0
2024-04-01,Bogotá,2,Persona Natural,historico,3545442.0,17.0,9.0
2024-05-01,Bogotá,2,Persona Natural,historico,0.0,0.0,0.0
2024-06-01,Bogotá,2,Persona Natural,historico,4171171.0,37.0,10.0
2024-07-01,Bogotá,2,Persona Natural,historico,652600.0,3.0,3.0
2024-08-01,Bogotá,2,Persona Natural,historico,6970209.0,34.0,10.0
2024-09-01,Bogotá,2,Persona Natural,historico,2640856.0,11.0,6.0
2024-10-01,Bogotá,2,Persona Natural,historico,7351626.0,27.0,9.0
2024-11-01,Bogotá,2,Persona Natural,historico,2295026.0,14.0,5.0
2024-12-01,Bogotá,2,Persona Natural,historico,6840791.0,40.0,14.0
2025-01-01,Bogotá,2,Persona Natural,historico,7919368.0,42.0,22.0
2025-02-01,Bogotá,2,Persona Natural,historico,8228410.0,43.0,23.0
2025-03-01,Bogotá,2,Persona Natural,historico,8354138.0,33.0,21.0
2025-04-01,Bogotá,2,Persona Natural,historico,7253249.52,43.0,19.0
2025-05-01,Bogotá,2,Persona Natural,historico,23215834.0,82.0,36.0
2025-06-01,Bogotá,2,Persona Natural,historico,5159120.8,24.0,21.0
2025-07-01,Bogotá,2,Persona Natural,historico,9958549.18,64.0,35.0
2025-08-01,Bogotá,2,Persona Natural,historico,3599863.0,32.0,27.0
2025-09-01,Bogotá,2,Persona Natural,historico,9397515.0,57.0,31.0
2025-10-01,Bogotá,2,Persona Natural,historico,8770075.2,52.0,32.0
2025-11-01,Bogotá,2,Persona Natural,historico,5967987.0,36.0,24.0
2025-12-01,Bogotá,2,Persona Natural,historico,9415639.0,51.0,33.0
2026-01-01,Bogotá,2,Persona Natural,historico,10205093.0,59.0,34.0
2026-02-01,Bogotá,2,Persona Natural,historico,7600777.0,40.0,24.0
2026-03-01,Bogotá,2,Persona Natural,historico,10071984.0,50.0,30.0
2026-04-01,Bogotá,2,Persona Natural,historico,14645404.0,48.0,33.0
2024-01-01,Bogotá,2,Quimico,historico,334791499.1,533.0,205.0
2024-02-01,Bogotá,2,Quimico,historico,400270259.0,702.0,267.0
2024-03-01,Bogotá,2,Quimico,historico,393888194.0,670.0,248.0
2024-04-01,Bogotá,2,Quimico,historico,513672725.66,756.0,294.0
2024-05-01,Bogotá,2,Quimico,historico,446840269.0,713.0,260.0
2024-06-01,Bogotá,2,Quimico,historico,500975225.0,610.0,245.0
2024-07-01,Bogotá,2,Quimico,historico,439664549.0,781.0,284.0
2024-08-01,Bogotá,2,Quimico,historico,611602689.3,881.0,296.0
2024-09-01,Bogotá,2,Quimico,historico,396245282.84,694.0,279.0
2024-10-01,Bogotá,2,Quimico,historico,542232022.0,735.0,282.0
2024-11-01,Bogotá,2,Quimico,historico,424952635.16,737.0,274.0
2024-12-01,Bogotá,2,Quimico,historico,509853024.0,797.0,279.0
2025-01-01,Bogotá,2,Quimico,historico,349785484.0,526.0,217.0
2025-02-01,Bogotá,2,Quimico,historico,481446027.2,858.0,317.0
2025-03-01,Bogotá,2,Quimico,historico,483881338.0,717.0,267.0
2025-04-01,Bogotá,2,Quimico,historico,322235554.39,708.0,243.0
2025-05-01,Bogotá,2,Quimico,historico,513320598.7,891.0,307.0
2025-06-01,Bogotá,2,Quimico,historico,428892468.65,788.0,292.0
2025-07-01,Bogotá,2,Quimico,historico,697732282.0,1039.0,344.0
2025-08-01,Bogotá,2,Quimico,historico,481444009.0,792.0,267.0
2025-09-01,Bogotá,2,Quimico,historico,494907455.7,837.0,311.0
2025-10-01,Bogotá,2,Quimico,historico,438130358.3,714.0,268.0
2025-11-01,Bogotá,2,Quimico,historico,456875959.0,757.0,246.0
2025-12-01,Bogotá,2,Quimico,historico,559687419.0,913.0,269.0
2026-01-01,Bogotá,2,Quimico,historico,415158925.0,530.0,198.0
2026-02-01,Bogotá,2,Quimico,historico,547341064.0,783.0,282.0
2026-03-01,Bogotá,2,Quimico,historico,479427208.0,777.0,287.0
2026-04-01,Bogotá,2,Quimico,historico,671105634.0,936.0,289.0
2024-01-01,Bogotá,2,Servicio de apoyo empresarial,historico,3864550.0,9.0,7.0
2024-02-01,Bogotá,2,Servicio de apoyo empresarial,historico,30143949.0,43.0,8.0
2024-03-01,Bogotá,2,Servicio de apoyo empresarial,historico,-9392880.0,38.0,11.0
2024-04-01,Bogotá,2,Servicio de apoyo empresarial,historico,6594658.0,5.0,3.0
2024-05-01,Bogotá,2,Servicio de apoyo empresarial,historico,35633962.0,34.0,10.0
2024-06-01,Bogotá,2,Servicio de apoyo empresarial,historico,23612954.0,27.0,12.0
2024-07-01,Bogotá,2,Servicio de apoyo empresarial,historico,9821662.0,13.0,7.0
2024-08-01,Bogotá,2,Servicio de apoyo empresarial,historico,17942668.0,27.0,9.0
2024-09-01,Bogotá,2,Servicio de apoyo empresarial,historico,842191.0,3.0,2.0
2024-10-01,Bogotá,2,Servicio de apoyo empresarial,historico,10573829.0,42.0,10.0
2024-11-01,Bogotá,2,Servicio de apoyo empresarial,historico,6539854.0,24.0,13.0
2024-12-01,Bogotá,2,Servicio de apoyo empresarial,historico,5511340.0,15.0,8.0
2025-01-01,Bogotá,2,Servicio de apoyo empresarial,historico,12893343.0,38.0,12.0
2025-02-01,Bogotá,2,Servicio de apoyo empresarial,historico,66979617.9,52.0,16.0
2025-03-01,Bogotá,2,Servicio de apoyo empresarial,historico,27060115.0,42.0,23.0
2025-04-01,Bogotá,2,Servicio de apoyo empresarial,historico,15029466.0,51.0,22.0
2025-05-01,Bogotá,2,Servicio de apoyo empresarial,historico,10840945.0,31.0,15.0
2025-06-01,Bogotá,2,Servicio de apoyo empresarial,historico,4937251.85,22.0,11.0
2025-07-01,Bogotá,2,Servicio de apoyo empresarial,historico,18246495.0,25.0,11.0
2025-08-01,Bogotá,2,Servicio de apoyo empresarial,historico,33133573.0,45.0,17.0
2025-09-01,Bogotá,2,Servicio de apoyo empresarial,historico,18269637.16,38.0,13.0
2025-10-01,Bogotá,2,Servicio de apoyo empresarial,historico,17670809.0,40.0,14.0
2025-11-01,Bogotá,2,Servicio de apoyo empresarial,historico,27903854.0,45.0,20.0
2025-12-01,Bogotá,2,Servicio de apoyo empresarial,historico,26900482.0,53.0,17.0
2026-01-01,Bogotá,2,Servicio de apoyo empresarial,historico,39305581.0,91.0,25.0
2026-02-01,Bogotá,2,Servicio de apoyo empresarial,historico,41534453.0,93.0,25.0
2026-03-01,Bogotá,2,Servicio de apoyo empresarial,historico,16403982.0,55.0,23.0
2026-04-01,Bogotá,2,Servicio de apoyo empresarial,historico,43597831.0,82.0,40.0
2024-01-01,Bogotá,2,Servicios Publicos,historico,166176016.0,185.0,45.0
2024-02-01,Bogotá,2,Servicios Publicos,historico,202343781.0,61.0,40.0
2024-03-01,Bogotá,2,Servicios Publicos,historico,70787683.0,72.0,42.0
2024-04-01,Bogotá,2,Servicios Publicos,historico,80260041.0,100.0,44.0
2024-05-01,Bogotá,2,Servicios Publicos,historico,42683198.55,50.0,34.0
2024-06-01,Bogotá,2,Servicios Publicos,historico,51822558.9,89.0,45.0
2024-07-01,Bogotá,2,Servicios Publicos,historico,70240179.0,81.0,44.0
2024-08-01,Bogotá,2,Servicios Publicos,historico,64477112.01,76.0,39.0
2024-09-01,Bogotá,2,Servicios Publicos,historico,42494432.4,94.0,42.0
2024-10-01,Bogotá,2,Servicios Publicos,historico,58588804.0,94.0,55.0
2024-11-01,Bogotá,2,Servicios Publicos,historico,39839962.0,78.0,51.0
2024-12-01,Bogotá,2,Servicios Publicos,historico,46329436.0,49.0,28.0
2025-01-01,Bogotá,2,Servicios Publicos,historico,29772116.0,36.0,20.0
2025-02-01,Bogotá,2,Servicios Publicos,historico,53597236.0,90.0,29.0
2025-03-01,Bogotá,2,Servicios Publicos,historico,66074153.0,94.0,36.0
2025-04-01,Bogotá,2,Servicios Publicos,historico,57437193.0,66.0,32.0
2025-05-01,Bogotá,2,Servicios Publicos,historico,94426277.0,126.0,48.0
2025-06-01,Bogotá,2,Servicios Publicos,historico,73509891.0,82.0,31.0
2025-07-01,Bogotá,2,Servicios Publicos,historico,86697812.0,116.0,57.0
2025-08-01,Bogotá,2,Servicios Publicos,historico,121577197.0,147.0,50.0
2025-09-01,Bogotá,2,Servicios Publicos,historico,155666919.0,144.0,48.0
2025-10-01,Bogotá,2,Servicios Publicos,historico,115079074.9,182.0,56.0
2025-11-01,Bogotá,2,Servicios Publicos,historico,251097628.04,130.0,40.0
2025-12-01,Bogotá,2,Servicios Publicos,historico,68237801.72,67.0,33.0
2026-01-01,Bogotá,2,Servicios Publicos,historico,40363145.0,66.0,37.0
2026-02-01,Bogotá,2,Servicios Publicos,historico,51347802.03,126.0,48.0
2026-03-01,Bogotá,2,Servicios Publicos,historico,61496057.0,106.0,31.0
2026-04-01,Bogotá,2,Servicios Publicos,historico,122512964.0,127.0,35.0
2024-01-01,Bogotá,2,"Textiles, Confecciones y Cuero",historico,21866209.0,34.0,19.0
2024-02-01,Bogotá,2,"Textiles, Confecciones y Cuero",historico,28054330.0,62.0,36.0
2024-03-01,Bogotá,2,"Textiles, Confecciones y Cuero",historico,28362555.0,51.0,24.0
2024-04-01,Bogotá,2,"Textiles, Confecciones y Cuero",historico,57159715.0,82.0,45.0
2024-05-01,Bogotá,2,"Textiles, Confecciones y Cuero",historico,50633125.0,72.0,48.0
2024-06-01,Bogotá,2,"Textiles, Confecciones y Cuero",historico,56899106.0,63.0,33.0
2024-07-01,Bogotá,2,"Textiles, Confecciones y Cuero",historico,73344660.0,70.0,41.0
2024-08-01,Bogotá,2,"Textiles, Confecciones y Cuero",historico,19640985.0,104.0,60.0
2024-09-01,Bogotá,2,"Textiles, Confecciones y Cuero",historico,27171992.0,71.0,42.0
2024-10-01,Bogotá,2,"Textiles, Confecciones y Cuero",historico,27835420.0,63.0,40.0
2024-11-01,Bogotá,2,"Textiles, Confecciones y Cuero",historico,25331284.0,75.0,36.0
2024-12-01,Bogotá,2,"Textiles, Confecciones y Cuero",historico,32933551.0,98.0,50.0
2025-01-01,Bogotá,2,"Textiles, Confecciones y Cuero",historico,32306359.0,59.0,34.0
2025-02-01,Bogotá,2,"Textiles, Confecciones y Cuero",historico,37055391.0,87.0,36.0
2025-03-01,Bogotá,2,"Textiles, Confecciones y Cuero",historico,37933292.0,80.0,37.0
2025-04-01,Bogotá,2,"Textiles, Confecciones y Cuero",historico,43186860.0,78.0,44.0
2025-05-01,Bogotá,2,"Textiles, Confecciones y Cuero",historico,30160056.0,70.0,26.0
2025-06-01,Bogotá,2,"Textiles, Confecciones y Cuero",historico,13393033.0,46.0,18.0
2025-07-01,Bogotá,2,"Textiles, Confecciones y Cuero",historico,60676649.0,57.0,28.0
2025-08-01,Bogotá,2,"Textiles, Confecciones y Cuero",historico,19520450.5,50.0,23.0
2025-09-01,Bogotá,2,"Textiles, Confecciones y Cuero",historico,13334541.46,35.0,17.0
2025-10-01,Bogotá,2,"Textiles, Confecciones y Cuero",historico,28823598.0,39.0,16.0
2025-11-01,Bogotá,2,"Textiles, Confecciones y Cuero",historico,40197052.0,93.0,43.0
2025-12-01,Bogotá,2,"Textiles, Confecciones y Cuero",historico,40417598.0,59.0,20.0
2026-01-01,Bogotá,2,"Textiles, Confecciones y Cuero",historico,9670167.0,16.0,11.0
2026-02-01,Bogotá,2,"Textiles, Confecciones y Cuero",historico,53043843.0,74.0,23.0
2026-03-01,Bogotá,2,"Textiles, Confecciones y Cuero",historico,31898061.0,53.0,16.0
2026-04-01,Bogotá,2,"Textiles, Confecciones y Cuero",historico,44911878.0,46.0,25.0
2024-01-01,Bogotá,2,Transporte y Logistica,historico,82912013.0,93.0,38.0
2024-02-01,Bogotá,2,Transporte y Logistica,historico,64824111.0,111.0,52.0
2024-03-01,Bogotá,2,Transporte y Logistica,historico,57896794.0,146.0,60.0
2024-04-01,Bogotá,2,Transporte y Logistica,historico,187652999.0,126.0,63.0
2024-05-01,Bogotá,2,Transporte y Logistica,historico,196881889.0,133.0,70.0
2024-06-01,Bogotá,2,Transporte y Logistica,historico,116547378.0,174.0,82.0
2024-07-01,Bogotá,2,Transporte y Logistica,historico,76841261.0,155.0,74.0
2024-08-01,Bogotá,2,Transporte y Logistica,historico,170815557.0,138.0,61.0
2024-09-01,Bogotá,2,Transporte y Logistica,historico,80244105.0,177.0,71.0
2024-10-01,Bogotá,2,Transporte y Logistica,historico,208974729.0,220.0,82.0
2024-11-01,Bogotá,2,Transporte y Logistica,historico,63544887.0,125.0,68.0
2024-12-01,Bogotá,2,Transporte y Logistica,historico,95381894.0,231.0,70.0
2025-01-01,Bogotá,2,Transporte y Logistica,historico,64689136.5,132.0,54.0
2025-02-01,Bogotá,2,Transporte y Logistica,historico,109833363.8,169.0,75.0
2025-03-01,Bogotá,2,Transporte y Logistica,historico,213423843.0,161.0,81.0
2025-04-01,Bogotá,2,Transporte y Logistica,historico,139544186.0,220.0,98.0
2025-05-01,Bogotá,2,Transporte y Logistica,historico,231587188.0,179.0,76.0
2025-06-01,Bogotá,2,Transporte y Logistica,historico,180157757.0,190.0,75.0
2025-07-01,Bogotá,2,Transporte y Logistica,historico,182881239.0,156.0,75.0
2025-08-01,Bogotá,2,Transporte y Logistica,historico,143280571.0,139.0,64.0
2025-09-01,Bogotá,2,Transporte y Logistica,historico,203336679.0,166.0,69.0
2025-10-01,Bogotá,2,Transporte y Logistica,historico,170732200.46,161.0,69.0
2025-11-01,Bogotá,2,Transporte y Logistica,historico,144670728.0,136.0,57.0
2025-12-01,Bogotá,2,Transporte y Logistica,historico,113874532.0,179.0,65.0
2026-01-01,Bogotá,2,Transporte y Logistica,historico,172729650.0,96.0,36.0
2026-02-01,Bogotá,2,Transporte y Logistica,historico,223284935.0,192.0,62.0
2026-03-01,Bogotá,2,Transporte y Logistica,historico,139844691.0,164.0,60.0
2026-04-01,Bogotá,2,Transporte y Logistica,historico,134365247.0,239.0,75.0
2024-01-01,Bogotá,2,Turistico,historico,2556266.0,8.0,6.0
2024-02-01,Bogotá,2,Turistico,historico,3481279.0,10.0,6.0
2024-03-01,Bogotá,2,Turistico,historico,5259482.0,15.0,6.0
2024-04-01,Bogotá,2,Turistico,historico,7051507.0,20.0,9.0
2024-05-01,Bogotá,2,Turistico,historico,4799442.0,21.0,9.0
2024-06-01,Bogotá,2,Turistico,historico,5345559.0,15.0,8.0
2024-07-01,Bogotá,2,Turistico,historico,7177234.0,16.0,10.0
2024-08-01,Bogotá,2,Turistico,historico,6350136.0,21.0,9.0
2024-09-01,Bogotá,2,Turistico,historico,6860010.0,13.0,6.0
2024-10-01,Bogotá,2,Turistico,historico,1909488.0,14.0,8.0
2024-11-01,Bogotá,2,Turistico,historico,8899828.0,14.0,9.0
2024-12-01,Bogotá,2,Turistico,historico,6075762.0,13.0,7.0
2025-01-01,Bogotá,2,Turistico,historico,7290344.0,17.0,12.0
2025-02-01,Bogotá,2,Turistico,historico,5953726.0,16.0,6.0
2025-03-01,Bogotá,2,Turistico,historico,2492920.0,6.0,2.0
2025-04-01,Bogotá,2,Turistico,historico,6268432.0,19.0,13.0
2025-05-01,Bogotá,2,Turistico,historico,25810996.0,15.0,9.0
2025-06-01,Bogotá,2,Turistico,historico,5857834.0,19.0,10.0
2025-07-01,Bogotá,2,Turistico,historico,5148585.0,20.0,13.0
2025-08-01,Bogotá,2,Turistico,historico,3667112.0,8.0,5.0
2025-09-01,Bogotá,2,Turistico,historico,3000102.0,8.0,6.0
2025-10-01,Bogotá,2,Turistico,historico,808100.0,5.0,5.0
2025-11-01,Bogotá,2,Turistico,historico,1000000.0,1.0,1.0
2025-12-01,Bogotá,2,Turistico,historico,237000.0,1.0,1.0
2026-01-01,Bogotá,2,Turistico,historico,1205500.0,2.0,2.0
2026-02-01,Bogotá,2,Turistico,historico,2705500.0,4.0,3.0
2026-03-01,Bogotá,2,Turistico,historico,1754960.0,3.0,3.0
2026-04-01,Bogotá,2,Turistico,historico,454860.0,4.0,3.0
2024-01-01,Cali,3,0,historico,65097721.14,224.0,165.0
2024-02-01,Cali,3,0,historico,70159641.0,245.0,182.0
2024-03-01,Cali,3,0,historico,43925693.3,198.0,130.0
2024-04-01,Cali,3,0,historico,43012079.0,251.0,171.0
2024-05-01,Cali,3,0,historico,34514493.0,231.0,148.0
2024-06-01,Cali,3,0,historico,28502076.8,193.0,134.0
2024-07-01,Cali,3,0,historico,33869811.1,222.0,144.0
2024-08-01,Cali,3,0,historico,25760292.0,184.0,132.0
2024-09-01,Cali,3,0,historico,25929062.5,177.0,115.0
2024-10-01,Cali,3,0,historico,42030799.37,203.0,135.0
2024-11-01,Cali,3,0,historico,43865235.6,165.0,129.0
2024-12-01,Cali,3,0,historico,34516503.0,188.0,136.0
2025-01-01,Cali,3,0,historico,23264046.0,155.0,104.0
2025-02-01,Cali,3,0,historico,34755557.0,159.0,113.0
2025-03-01,Cali,3,0,historico,23288263.75,105.0,72.0
2025-04-01,Cali,3,0,historico,34729634.0,135.0,90.0
2025-05-01,Cali,3,0,historico,16144489.24,115.0,83.0
2025-06-01,Cali,3,0,historico,23230414.84,104.0,75.0
2025-07-01,Cali,3,0,historico,25010089.72,130.0,98.0
2025-08-01,Cali,3,0,historico,25338791.76,149.0,86.0
2025-09-01,Cali,3,0,historico,18726722.0,134.0,87.0
2025-10-01,Cali,3,0,historico,19134335.0,128.0,89.0
2025-11-01,Cali,3,0,historico,14672309.5,82.0,63.0
2025-12-01,Cali,3,0,historico,19910587.0,87.0,72.0
2026-01-01,Cali,3,0,historico,22676080.0,111.0,73.0
2026-02-01,Cali,3,0,historico,22545719.0,114.0,85.0
2026-03-01,Cali,3,0,historico,13346587.0,69.0,39.0
2026-04-01,Cali,3,0,historico,18290030.0,103.0,62.0
2024-01-01,Cali,3,Agricultura,historico,6367412.0,21.0,12.0
2024-02-01,Cali,3,Agricultura,historico,29887503.0,36.0,13.0
2024-03-01,Cali,3,Agricultura,historico,19677967.0,28.0,12.0
2024-04-01,Cali,3,Agricultura,historico,14304778.0,44.0,14.0
2024-05-01,Cali,3,Agricultura,historico,9745970.0,18.0,12.0
2024-06-01,Cali,3,Agricultura,historico,10004415.0,24.0,12.0
2024-07-01,Cali,3,Agricultura,historico,45768930.0,41.0,20.0
2024-08-01,Cali,3,Agricultura,historico,10855144.0,33.0,10.0
2024-09-01,Cali,3,Agricultura,historico,18821915.0,39.0,19.0
2024-10-01,Cali,3,Agricultura,historico,21051159.0,33.0,11.0
2024-11-01,Cali,3,Agricultura,historico,34464545.0,29.0,11.0
2024-12-01,Cali,3,Agricultura,historico,20964519.0,30.0,12.0
2025-01-01,Cali,3,Agricultura,historico,9922451.0,15.0,10.0
2025-02-01,Cali,3,Agricultura,historico,38758999.0,44.0,11.0
2025-03-01,Cali,3,Agricultura,historico,64722794.0,92.0,21.0
2025-04-01,Cali,3,Agricultura,historico,40774857.0,46.0,16.0
2025-05-01,Cali,3,Agricultura,historico,7940677.0,22.0,15.0
2025-06-01,Cali,3,Agricultura,historico,13999762.0,31.0,14.0
2025-07-01,Cali,3,Agricultura,historico,26333286.0,31.0,11.0
2025-08-01,Cali,3,Agricultura,historico,17818849.0,28.0,11.0
2025-09-01,Cali,3,Agricultura,historico,7478570.0,15.0,10.0
2025-10-01,Cali,3,Agricultura,historico,15279280.0,64.0,22.0
2025-11-01,Cali,3,Agricultura,historico,49165462.0,88.0,18.0
2025-12-01,Cali,3,Agricultura,historico,23345485.0,36.0,15.0
2026-01-01,Cali,3,Agricultura,historico,18187641.0,43.0,16.0
2026-02-01,Cali,3,Agricultura,historico,10205794.0,30.0,14.0
2026-03-01,Cali,3,Agricultura,historico,70567667.0,53.0,14.0
2026-04-01,Cali,3,Agricultura,historico,19877671.0,39.0,15.0
2024-01-01,Cali,3,Articulos Para el Hogar y la Oficina,historico,21841598.0,44.0,14.0
2024-02-01,Cali,3,Articulos Para el Hogar y la Oficina,historico,534815.0,4.0,3.0
2024-03-01,Cali,3,Articulos Para el Hogar y la Oficina,historico,34300919.0,62.0,15.0
2024-04-01,Cali,3,Articulos Para el Hogar y la Oficina,historico,41705281.0,47.0,16.0
2024-05-01,Cali,3,Articulos Para el Hogar y la Oficina,historico,22285842.0,36.0,19.0
2024-06-01,Cali,3,Articulos Para el Hogar y la Oficina,historico,38994496.0,39.0,15.0
2024-07-01,Cali,3,Articulos Para el Hogar y la Oficina,historico,29738546.0,43.0,16.0
2024-08-01,Cali,3,Articulos Para el Hogar y la Oficina,historico,40611800.0,36.0,15.0
2024-09-01,Cali,3,Articulos Para el Hogar y la Oficina,historico,18625771.0,28.0,15.0
2024-10-01,Cali,3,Articulos Para el Hogar y la Oficina,historico,36527573.0,34.0,19.0
2024-11-01,Cali,3,Articulos Para el Hogar y la Oficina,historico,17326498.0,17.0,12.0
2024-12-01,Cali,3,Articulos Para el Hogar y la Oficina,historico,39990336.0,30.0,8.0
2025-01-01,Cali,3,Articulos Para el Hogar y la Oficina,historico,16388944.0,18.0,6.0
2025-02-01,Cali,3,Articulos Para el Hogar y la Oficina,historico,32384006.0,47.0,15.0
2025-03-01,Cali,3,Articulos Para el Hogar y la Oficina,historico,14507738.0,15.0,9.0
2025-04-01,Cali,3,Articulos Para el Hogar y la Oficina,historico,21127302.0,18.0,8.0
2025-05-01,Cali,3,Articulos Para el Hogar y la Oficina,historico,9942656.0,13.0,7.0
2025-06-01,Cali,3,Articulos Para el Hogar y la Oficina,historico,14274792.9,15.0,8.0
2025-07-01,Cali,3,Articulos Para el Hogar y la Oficina,historico,26634688.0,22.0,6.0
2025-08-01,Cali,3,Articulos Para el Hogar y la Oficina,historico,34864861.0,39.0,11.0
2025-09-01,Cali,3,Articulos Para el Hogar y la Oficina,historico,9306300.0,34.0,7.0
2025-10-01,Cali,3,Articulos Para el Hogar y la Oficina,historico,11047075.0,13.0,5.0
2025-11-01,Cali,3,Articulos Para el Hogar y la Oficina,historico,4576000.0,5.0,4.0
2025-12-01,Cali,3,Articulos Para el Hogar y la Oficina,historico,22676436.0,20.0,7.0
2026-01-01,Cali,3,Articulos Para el Hogar y la Oficina,historico,12908172.0,14.0,6.0
2026-02-01,Cali,3,Articulos Para el Hogar y la Oficina,historico,18671334.0,26.0,13.0
2026-03-01,Cali,3,Articulos Para el Hogar y la Oficina,historico,44001209.0,73.0,18.0
2026-04-01,Cali,3,Articulos Para el Hogar y la Oficina,historico,11809171.0,13.0,9.0
2024-01-01,Cali,3,Caucho y Plasticos,historico,125972362.0,53.0,35.0
2024-02-01,Cali,3,Caucho y Plasticos,historico,104408753.0,69.0,44.0
2024-03-01,Cali,3,Caucho y Plasticos,historico,84949576.0,62.0,26.0
2024-04-01,Cali,3,Caucho y Plasticos,historico,133090961.0,87.0,37.0
2024-05-01,Cali,3,Caucho y Plasticos,historico,65976660.0,49.0,27.0
2024-06-01,Cali,3,Caucho y Plasticos,historico,83607654.0,48.0,31.0
2024-07-01,Cali,3,Caucho y Plasticos,historico,55771257.0,55.0,34.0
2024-08-01,Cali,3,Caucho y Plasticos,historico,67480214.03,74.0,35.0
2024-09-01,Cali,3,Caucho y Plasticos,historico,143884143.0,53.0,29.0
2024-10-01,Cali,3,Caucho y Plasticos,historico,122314988.0,75.0,43.0
2024-11-01,Cali,3,Caucho y Plasticos,historico,104968901.0,62.0,30.0
2024-12-01,Cali,3,Caucho y Plasticos,historico,70845532.02,60.0,31.0
2025-01-01,Cali,3,Caucho y Plasticos,historico,112574300.0,43.0,21.0
2025-02-01,Cali,3,Caucho y Plasticos,historico,34270469.0,47.0,26.0
2025-03-01,Cali,3,Caucho y Plasticos,historico,47367133.0,44.0,22.0
2025-04-01,Cali,3,Caucho y Plasticos,historico,55649623.0,44.0,24.0
2025-05-01,Cali,3,Caucho y Plasticos,historico,60022770.0,54.0,23.0
2025-06-01,Cali,3,Caucho y Plasticos,historico,154181697.0,45.0,27.0
2025-07-01,Cali,3,Caucho y Plasticos,historico,40548684.0,35.0,16.0
2025-08-01,Cali,3,Caucho y Plasticos,historico,16229779.0,34.0,15.0
2025-09-01,Cali,3,Caucho y Plasticos,historico,134084526.0,30.0,18.0
2025-10-01,Cali,3,Caucho y Plasticos,historico,103537621.0,54.0,17.0
2025-11-01,Cali,3,Caucho y Plasticos,historico,101626232.4,76.0,32.0
2025-12-01,Cali,3,Caucho y Plasticos,historico,60431215.0,27.0,16.0
2026-01-01,Cali,3,Caucho y Plasticos,historico,90772536.0,77.0,29.0
2026-02-01,Cali,3,Caucho y Plasticos,historico,39889665.0,91.0,31.0
2026-03-01,Cali,3,Caucho y Plasticos,historico,113195623.0,60.0,19.0
2026-04-01,Cali,3,Caucho y Plasticos,historico,60000635.0,63.0,26.0
2024-01-01,Cali,3,Comercio,historico,486254181.04,1639.0,678.0
2024-02-01,Cali,3,Comercio,historico,612982176.54,1789.0,807.0
2024-03-01,Cali,3,Comercio,historico,408056620.76,1389.0,670.0
2024-04-01,Cali,3,Comercio,historico,609592493.54,1924.0,867.0
2024-05-01,Cali,3,Comercio,historico,625106266.01,2060.0,868.0
2024-06-01,Cali,3,Comercio,historico,504855572.79,1549.0,693.0
2024-07-01,Cali,3,Comercio,historico,583458609.75,1762.0,818.0
2024-08-01,Cali,3,Comercio,historico,649474987.06,1846.0,792.0
2024-09-01,Cali,3,Comercio,historico,614491124.0,1856.0,848.0
2024-10-01,Cali,3,Comercio,historico,580491640.54,1863.0,824.0
2024-11-01,Cali,3,Comercio,historico,627139600.49,1687.0,767.0
2024-12-01,Cali,3,Comercio,historico,608479872.76,1694.0,720.0
2025-01-01,Cali,3,Comercio,historico,542743022.52,1728.0,805.0
2025-02-01,Cali,3,Comercio,historico,650067073.65,1928.0,892.0
2025-03-01,Cali,3,Comercio,historico,667346750.7,2227.0,898.0
2025-04-01,Cali,3,Comercio,historico,648861746.66,2135.0,879.0
2025-05-01,Cali,3,Comercio,historico,584923869.31,1877.0,870.0
2025-06-01,Cali,3,Comercio,historico,668458603.58,1561.0,737.0
2025-07-01,Cali,3,Comercio,historico,733766887.73,2124.0,986.0
2025-08-01,Cali,3,Comercio,historico,611556473.76,1749.0,823.0
2025-09-01,Cali,3,Comercio,historico,704575608.38,2001.0,873.0
2025-10-01,Cali,3,Comercio,historico,814304398.37,2012.0,905.0
2025-11-01,Cali,3,Comercio,historico,613852097.76,1634.0,746.0
2025-12-01,Cali,3,Comercio,historico,1066352151.12,1737.0,782.0
2026-01-01,Cali,3,Comercio,historico,577396049.97,1938.0,742.0
2026-02-01,Cali,3,Comercio,historico,741565727.41,2089.0,900.0
2026-03-01,Cali,3,Comercio,historico,870669346.75,1893.0,953.0
2026-04-01,Cali,3,Comercio,historico,802798042.0,1999.0,863.0
2024-01-01,Cali,3,Construction,historico,34817668.0,87.0,34.0
2024-02-01,Cali,3,Construction,historico,9997872.0,53.0,25.0
2024-03-01,Cali,3,Construction,historico,10516579.0,60.0,28.0
2024-04-01,Cali,3,Construction,historico,38597990.0,82.0,42.0
2024-05-01,Cali,3,Construction,historico,27482943.0,118.0,37.0
2024-06-01,Cali,3,Construction,historico,32560414.0,78.0,33.0
2024-07-01,Cali,3,Construction,historico,17407273.0,86.0,37.0
2024-08-01,Cali,3,Construction,historico,39486021.0,119.0,36.0
2024-09-01,Cali,3,Construction,historico,35917637.56,112.0,47.0
2024-10-01,Cali,3,Construction,historico,19913375.0,76.0,37.0
2024-11-01,Cali,3,Construction,historico,38504876.0,90.0,40.0
2024-12-01,Cali,3,Construction,historico,8175969.4399999995,62.0,20.0
2025-01-01,Cali,3,Construction,historico,93646733.0,111.0,40.0
2025-02-01,Cali,3,Construction,historico,24999159.0,109.0,45.0
2025-03-01,Cali,3,Construction,historico,24548321.0,91.0,42.0
2025-04-01,Cali,3,Construction,historico,18658647.0,115.0,48.0
2025-05-01,Cali,3,Construction,historico,28153567.0,182.0,57.0
2025-06-01,Cali,3,Construction,historico,23968715.0,104.0,42.0
2025-07-01,Cali,3,Construction,historico,34257943.0,150.0,57.0
2025-08-01,Cali,3,Construction,historico,25574447.0,109.0,44.0
2025-09-01,Cali,3,Construction,historico,20039245.13,203.0,64.0
2025-10-01,Cali,3,Construction,historico,24405131.0,112.0,52.0
2025-11-01,Cali,3,Construction,historico,38641433.1,135.0,55.0
2025-12-01,Cali,3,Construction,historico,11085614.5,82.0,42.0
2026-01-01,Cali,3,Construction,historico,21808755.0,79.0,38.0
2026-02-01,Cali,3,Construction,historico,30307252.0,124.0,58.0
2026-03-01,Cali,3,Construction,historico,19365070.0,119.0,61.0
2026-04-01,Cali,3,Construction,historico,75285495.0,187.0,75.0
2024-01-01,Cali,3,Education,historico,0.0,0.0,0.0
2024-02-01,Cali,3,Education,historico,6195165.0,15.0,4.0
2024-03-01,Cali,3,Education,historico,-274100.0,7.0,4.0
2024-04-01,Cali,3,Education,historico,2809083.0,15.0,4.0
2024-05-01,Cali,3,Education,historico,101790.0,3.0,1.0
2024-06-01,Cali,3,Education,historico,4557052.0,14.0,2.0
2024-07-01,Cali,3,Education,historico,3446922.0,18.0,3.0
2024-08-01,Cali,3,Education,historico,0.0,0.0,0.0
2024-09-01,Cali,3,Education,historico,0.0,0.0,0.0
2024-10-01,Cali,3,Education,historico,3284098.0,11.0,5.0
2024-11-01,Cali,3,Education,historico,1064900.0,2.0,2.0
2024-12-01,Cali,3,Education,historico,0.0,0.0,0.0
2025-01-01,Cali,3,Education,historico,9879726.0,23.0,2.0
2025-02-01,Cali,3,Education,historico,4049000.0,6.0,5.0
2025-03-01,Cali,3,Education,historico,4163241.0,21.0,6.0
2025-04-01,Cali,3,Education,historico,475600.0,3.0,3.0
2025-05-01,Cali,3,Education,historico,248700.0,2.0,1.0
2025-06-01,Cali,3,Education,historico,9017001.0,10.0,1.0
2025-07-01,Cali,3,Education,historico,10183207.0,30.0,5.0
2025-08-01,Cali,3,Education,historico,1515688.0,18.0,2.0
2025-09-01,Cali,3,Education,historico,4588092.0,17.0,4.0
2025-10-01,Cali,3,Education,historico,645195.0,7.0,3.0
2025-11-01,Cali,3,Education,historico,323667.0,6.0,4.0
2025-12-01,Cali,3,Education,historico,0.0,0.0,0.0
2026-01-01,Cali,3,Education,historico,1677394.0,8.0,1.0
2026-02-01,Cali,3,Education,historico,70410.0,1.0,1.0
2026-03-01,Cali,3,Education,historico,2784210.0,10.0,4.0
2026-04-01,Cali,3,Education,historico,704100.0,3.0,1.0
2024-01-01,Cali,3,Empleados,historico,759010.0,18.0,17.0
2024-02-01,Cali,3,Empleados,historico,146308.0,14.0,12.0
2024-03-01,Cali,3,Empleados,historico,225914.0,12.0,10.0
2024-04-01,Cali,3,Empleados,historico,459158.0,18.0,17.0
2024-05-01,Cali,3,Empleados,historico,698698.0,17.0,14.0
2024-06-01,Cali,3,Empleados,historico,792308.0,26.0,18.0
2024-07-01,Cali,3,Empleados,historico,340138.4,18.0,16.0
2024-08-01,Cali,3,Empleados,historico,180518.0,11.0,9.0
2024-09-01,Cali,3,Empleados,historico,363989.0,8.0,7.0
2024-10-01,Cali,3,Empleados,historico,1818479.91,31.0,25.0
2024-11-01,Cali,3,Empleados,historico,1202211.09,25.0,19.0
2024-12-01,Cali,3,Empleados,historico,309455.0,20.0,18.0
2025-01-01,Cali,3,Empleados,historico,7752438.72,34.0,29.0
2025-02-01,Cali,3,Empleados,historico,-1923101.0,26.0,19.0
2025-03-01,Cali,3,Empleados,historico,1672879.79,44.0,38.0
2025-04-01,Cali,3,Empleados,historico,6808793.0,26.0,23.0
2025-05-01,Cali,3,Empleados,historico,-1314020.0,34.0,32.0
2025-06-01,Cali,3,Empleados,historico,909729.0700000001,47.0,41.0
2025-07-01,Cali,3,Empleados,historico,-484011.0,61.0,41.0
2025-08-01,Cali,3,Empleados,historico,1860150.0,33.0,25.0
2025-09-01,Cali,3,Empleados,historico,-1127066.0,25.0,20.0
2025-10-01,Cali,3,Empleados,historico,801736.0,26.0,21.0
2025-11-01,Cali,3,Empleados,historico,554800.0,24.0,21.0
2025-12-01,Cali,3,Empleados,historico,8616223.0,104.0,52.0
2026-01-01,Cali,3,Empleados,historico,-3679567.0,69.0,39.0
2026-02-01,Cali,3,Empleados,historico,-1231882.43,36.0,24.0
2026-03-01,Cali,3,Empleados,historico,27063.0,43.0,32.0
2026-04-01,Cali,3,Empleados,historico,709643.0,28.0,24.0
2024-01-01,Cali,3,Equipo de Transporte,historico,41968211.0,29.0,20.0
2024-02-01,Cali,3,Equipo de Transporte,historico,62587607.0,43.0,31.0
2024-03-01,Cali,3,Equipo de Transporte,historico,71462410.0,31.0,23.0
2024-04-01,Cali,3,Equipo de Transporte,historico,33095126.0,24.0,17.0
2024-05-01,Cali,3,Equipo de Transporte,historico,50935349.0,37.0,19.0
2024-06-01,Cali,3,Equipo de Transporte,historico,32715102.0,23.0,12.0
2024-07-01,Cali,3,Equipo de Transporte,historico,71887888.0,25.0,18.0
2024-08-01,Cali,3,Equipo de Transporte,historico,58916469.0,32.0,19.0
2024-09-01,Cali,3,Equipo de Transporte,historico,21216468.0,26.0,13.0
2024-10-01,Cali,3,Equipo de Transporte,historico,37250944.0,33.0,19.0
2024-11-01,Cali,3,Equipo de Transporte,historico,39726698.0,33.0,21.0
2024-12-01,Cali,3,Equipo de Transporte,historico,59973304.0,38.0,16.0
2025-01-01,Cali,3,Equipo de Transporte,historico,21025409.0,30.0,19.0
2025-02-01,Cali,3,Equipo de Transporte,historico,81948484.6,90.0,29.0
2025-03-01,Cali,3,Equipo de Transporte,historico,63192307.0,55.0,33.0
2025-04-01,Cali,3,Equipo de Transporte,historico,78257322.0,33.0,16.0
2025-05-01,Cali,3,Equipo de Transporte,historico,80507891.8,38.0,20.0
2025-06-01,Cali,3,Equipo de Transporte,historico,57274789.0,34.0,20.0
2025-07-01,Cali,3,Equipo de Transporte,historico,39565190.0,33.0,19.0
2025-08-01,Cali,3,Equipo de Transporte,historico,241410818.0,46.0,14.0
2025-09-01,Cali,3,Equipo de Transporte,historico,187543406.0,55.0,25.0
2025-10-01,Cali,3,Equipo de Transporte,historico,74166547.0,77.0,22.0
2025-11-01,Cali,3,Equipo de Transporte,historico,81885426.4,90.0,24.0
2025-12-01,Cali,3,Equipo de Transporte,historico,116654328.0,176.0,27.0
2026-01-01,Cali,3,Equipo de Transporte,historico,124578416.0,92.0,22.0
2026-02-01,Cali,3,Equipo de Transporte,historico,118770304.0,112.0,18.0
2026-03-01,Cali,3,Equipo de Transporte,historico,130014295.0,92.0,21.0
2026-04-01,Cali,3,Equipo de Transporte,historico,138572935.0,93.0,25.0
2024-01-01,Cali,3,Food,historico,841924205.46,1047.0,483.0
2024-02-01,Cali,3,Food,historico,792062538.92,1439.0,575.0
2024-03-01,Cali,3,Food,historico,1024759103.58,1751.0,627.0
2024-04-01,Cali,3,Food,historico,1231598602.38,1353.0,638.0
2024-05-01,Cali,3,Food,historico,1045441457.68,1436.0,638.0
2024-06-01,Cali,3,Food,historico,881351697.54,1043.0,483.0
2024-07-01,Cali,3,Food,historico,1075157536.78,1572.0,682.0
2024-08-01,Cali,3,Food,historico,809994006.24,1332.0,563.0
2024-09-01,Cali,3,Food,historico,749122864.36,1180.0,553.0
2024-10-01,Cali,3,Food,historico,905203808.68,1315.0,603.0
2024-11-01,Cali,3,Food,historico,1025253268.02,1588.0,616.0
2024-12-01,Cali,3,Food,historico,1026854750.0,1306.0,514.0
2025-01-01,Cali,3,Food,historico,851328893.67,1066.0,426.0
2025-02-01,Cali,3,Food,historico,930754194.24,1291.0,548.0
2025-03-01,Cali,3,Food,historico,1200738849.45,2064.0,707.0
2025-04-01,Cali,3,Food,historico,948551763.95,1434.0,609.0
2025-05-01,Cali,3,Food,historico,1318812060.72,1436.0,658.0
2025-06-01,Cali,3,Food,historico,918354387.45,1519.0,570.0
2025-07-01,Cali,3,Food,historico,1136315692.14,1819.0,734.0
2025-08-01,Cali,3,Food,historico,872315506.43,1336.0,559.0
2025-09-01,Cali,3,Food,historico,982291732.09,1441.0,655.0
2025-10-01,Cali,3,Food,historico,995420044.27,1382.0,635.0
2025-11-01,Cali,3,Food,historico,1191084120.63,1413.0,523.0
2025-12-01,Cali,3,Food,historico,924964037.07,1302.0,525.0
2026-01-01,Cali,3,Food,historico,835161195.24,1169.0,513.0
2026-02-01,Cali,3,Food,historico,963200467.11,1325.0,586.0
2026-03-01,Cali,3,Food,historico,1280504330.39,1904.0,658.0
2026-04-01,Cali,3,Food,historico,1071951934.35,1366.0,606.0
2024-01-01,Cali,3,Health/Social,historico,475645.0,2.0,2.0
2024-02-01,Cali,3,Health/Social,historico,22611144.0,9.0,4.0
2024-03-01,Cali,3,Health/Social,historico,0.0,0.0,0.0
2024-04-01,Cali,3,Health/Social,historico,1309551.0,16.0,2.0
2024-05-01,Cali,3,Health/Social,historico,616287.0,5.0,2.0
2024-06-01,Cali,3,Health/Social,historico,322100.0,8.0,2.0
2024-07-01,Cali,3,Health/Social,historico,701320.0,9.0,5.0
2024-08-01,Cali,3,Health/Social,historico,2422944.0,5.0,2.0
2024-09-01,Cali,3,Health/Social,historico,1184700.0,8.0,5.0
2024-10-01,Cali,3,Health/Social,historico,103200.0,4.0,2.0
2024-11-01,Cali,3,Health/Social,historico,362739.0,6.0,3.0
2024-12-01,Cali,3,Health/Social,historico,0.0,0.0,0.0
2025-01-01,Cali,3,Health/Social,historico,979233.0,15.0,4.0
2025-02-01,Cali,3,Health/Social,historico,202969.0,2.0,1.0
2025-03-01,Cali,3,Health/Social,historico,556800.0,1.0,1.0
2025-04-01,Cali,3,Health/Social,historico,555497.0,9.0,2.0
2025-05-01,Cali,3,Health/Social,historico,268677.0,12.0,3.0
2025-06-01,Cali,3,Health/Social,historico,808311.0,5.0,3.0
2025-07-01,Cali,3,Health/Social,historico,406800.0,5.0,3.0
2025-08-01,Cali,3,Health/Social,historico,840797.0,11.0,5.0
2025-09-01,Cali,3,Health/Social,historico,145319.0,3.0,2.0
2025-10-01,Cali,3,Health/Social,historico,678022.0,7.0,6.0
2025-11-01,Cali,3,Health/Social,historico,67800.0,1.0,1.0
2025-12-01,Cali,3,Health/Social,historico,34600.0,1.0,1.0
2026-01-01,Cali,3,Health/Social,historico,0.0,0.0,0.0
2026-02-01,Cali,3,Health/Social,historico,297000.0,2.0,1.0
2026-03-01,Cali,3,Health/Social,historico,1047432.0,8.0,3.0
2026-04-01,Cali,3,Health/Social,historico,395868.0,3.0,2.0
2024-01-01,Cali,3,Hidrocarburo,historico,55952874.86,42.0,18.0
2024-02-01,Cali,3,Hidrocarburo,historico,37622580.0,46.0,13.0
2024-03-01,Cali,3,Hidrocarburo,historico,10496028.0,36.0,10.0
2024-04-01,Cali,3,Hidrocarburo,historico,26688248.89,27.0,16.0
2024-05-01,Cali,3,Hidrocarburo,historico,41909909.0,21.0,15.0
2024-06-01,Cali,3,Hidrocarburo,historico,33198995.0,39.0,17.0
2024-07-01,Cali,3,Hidrocarburo,historico,23952074.0,29.0,18.0
2024-08-01,Cali,3,Hidrocarburo,historico,17996312.0,27.0,16.0
2024-09-01,Cali,3,Hidrocarburo,historico,32238682.0,48.0,20.0
2024-10-01,Cali,3,Hidrocarburo,historico,9793815.0,19.0,14.0
2024-11-01,Cali,3,Hidrocarburo,historico,41626121.0,43.0,21.0
2024-12-01,Cali,3,Hidrocarburo,historico,18295623.0,19.0,9.0
2025-01-01,Cali,3,Hidrocarburo,historico,29346651.0,34.0,20.0
2025-02-01,Cali,3,Hidrocarburo,historico,29298304.0,41.0,15.0
2025-03-01,Cali,3,Hidrocarburo,historico,36372025.0,70.0,23.0
2025-04-01,Cali,3,Hidrocarburo,historico,30378162.0,19.0,12.0
2025-05-01,Cali,3,Hidrocarburo,historico,50035713.0,34.0,16.0
2025-06-01,Cali,3,Hidrocarburo,historico,27929864.0,39.0,19.0
2025-07-01,Cali,3,Hidrocarburo,historico,25929928.6,27.0,15.0
2025-08-01,Cali,3,Hidrocarburo,historico,19671643.0,43.0,18.0
2025-09-01,Cali,3,Hidrocarburo,historico,14942256.69,23.0,17.0
2025-10-01,Cali,3,Hidrocarburo,historico,19949284.1,25.0,14.0
2025-11-01,Cali,3,Hidrocarburo,historico,13269782.0,15.0,7.0
2025-12-01,Cali,3,Hidrocarburo,historico,34953264.8,30.0,19.0
2026-01-01,Cali,3,Hidrocarburo,historico,16875421.0,37.0,10.0
2026-02-01,Cali,3,Hidrocarburo,historico,34629446.0,30.0,18.0
2026-03-01,Cali,3,Hidrocarburo,historico,27769105.0,30.0,19.0
2026-04-01,Cali,3,Hidrocarburo,historico,34034110.0,49.0,22.0
2024-01-01,Cali,3,IT/Communication,historico,17578571.0,15.0,9.0
2024-02-01,Cali,3,IT/Communication,historico,6272483.0,18.0,15.0
2024-03-01,Cali,3,IT/Communication,historico,17375759.0,28.0,19.0
2024-04-01,Cali,3,IT/Communication,historico,5055080.0,9.0,7.0
2024-05-01,Cali,3,IT/Communication,historico,5300452.0,18.0,11.0
2024-06-01,Cali,3,IT/Communication,historico,8535568.0,13.0,10.0
2024-07-01,Cali,3,IT/Communication,historico,4715016.0,11.0,8.0
2024-08-01,Cali,3,IT/Communication,historico,3690288.0,6.0,5.0
2024-09-01,Cali,3,IT/Communication,historico,10094424.0,17.0,16.0
2024-10-01,Cali,3,IT/Communication,historico,12476929.0,15.0,13.0
2024-11-01,Cali,3,IT/Communication,historico,14916422.0,23.0,13.0
2024-12-01,Cali,3,IT/Communication,historico,9264855.0,19.0,12.0
2025-01-01,Cali,3,IT/Communication,historico,2328335.0,12.0,5.0
2025-02-01,Cali,3,IT/Communication,historico,6349000.0,12.0,9.0
2025-03-01,Cali,3,IT/Communication,historico,16739463.0,35.0,15.0
2025-04-01,Cali,3,IT/Communication,historico,11430635.0,24.0,11.0
2025-05-01,Cali,3,IT/Communication,historico,7769070.0,9.0,9.0
2025-06-01,Cali,3,IT/Communication,historico,8159822.0,21.0,9.0
2025-07-01,Cali,3,IT/Communication,historico,13054740.0,22.0,12.0
2025-08-01,Cali,3,IT/Communication,historico,5305376.0,10.0,6.0
2025-09-01,Cali,3,IT/Communication,historico,4068377.0,17.0,7.0
2025-10-01,Cali,3,IT/Communication,historico,11834179.0,25.0,17.0
2025-11-01,Cali,3,IT/Communication,historico,7922909.0,18.0,12.0
2025-12-01,Cali,3,IT/Communication,historico,34458438.0,23.0,12.0
2026-01-01,Cali,3,IT/Communication,historico,3225764.0,15.0,7.0
2026-02-01,Cali,3,IT/Communication,historico,5966680.0,12.0,7.0
2026-03-01,Cali,3,IT/Communication,historico,3077373.0,9.0,3.0
2026-04-01,Cali,3,IT/Communication,historico,12525952.0,29.0,11.0
2024-01-01,Cali,3,Industria,historico,173292156.0,228.0,131.0
2024-02-01,Cali,3,Industria,historico,321081055.48,416.0,182.0
2024-03-01,Cali,3,Industria,historico,207316693.75,261.0,137.0
2024-04-01,Cali,3,Industria,historico,190618382.4,340.0,209.0
2024-05-01,Cali,3,Industria,historico,176912692.75,287.0,159.0
2024-06-01,Cali,3,Industria,historico,150500366.8,277.0,160.0
2024-07-01,Cali,3,Industria,historico,195587262.55,311.0,161.0
2024-08-01,Cali,3,Industria,historico,178277231.5,349.0,154.0
2024-09-01,Cali,3,Industria,historico,218093329.55,326.0,163.0
2024-10-01,Cali,3,Industria,historico,222361989.0,380.0,182.0
2024-11-01,Cali,3,Industria,historico,245037876.0,269.0,128.0
2024-12-01,Cali,3,Industria,historico,170712199.4,302.0,144.0
2025-01-01,Cali,3,Industria,historico,129951005.0,212.0,118.0
2025-02-01,Cali,3,Industria,historico,199273771.0,347.0,161.0
2025-03-01,Cali,3,Industria,historico,186853389.8,325.0,175.0
2025-04-01,Cali,3,Industria,historico,190377247.43,382.0,184.0
2025-05-01,Cali,3,Industria,historico,204626808.51,433.0,186.0
2025-06-01,Cali,3,Industria,historico,284718008.97,427.0,197.0
2025-07-01,Cali,3,Industria,historico,173365527.0,384.0,195.0
2025-08-01,Cali,3,Industria,historico,213816490.0,388.0,181.0
2025-09-01,Cali,3,Industria,historico,301956579.0,432.0,224.0
2025-10-01,Cali,3,Industria,historico,198710733.58,342.0,195.0
2025-11-01,Cali,3,Industria,historico,235421622.0,375.0,155.0
2025-12-01,Cali,3,Industria,historico,138274431.96,267.0,125.0
2026-01-01,Cali,3,Industria,historico,177875041.45,342.0,171.0
2026-02-01,Cali,3,Industria,historico,159365055.0,321.0,162.0
2026-03-01,Cali,3,Industria,historico,195503420.0,390.0,169.0
2026-04-01,Cali,3,Industria,historico,184405307.98,378.0,201.0
2024-01-01,Cali,3,Madera y Papel,historico,114187290.63,192.0,97.0
2024-02-01,Cali,3,Madera y Papel,historico,141953564.81,208.0,111.0
2024-03-01,Cali,3,Madera y Papel,historico,123966729.23,167.0,92.0
2024-04-01,Cali,3,Madera y Papel,historico,192027753.56,320.0,145.0
2024-05-01,Cali,3,Madera y Papel,historico,108219072.11,207.0,96.0
2024-06-01,Cali,3,Madera y Papel,historico,110607797.11,164.0,71.0
2024-07-01,Cali,3,Madera y Papel,historico,226026152.78,241.0,115.0
2024-08-01,Cali,3,Madera y Papel,historico,98884585.23,149.0,67.0
2024-09-01,Cali,3,Madera y Papel,historico,100388070.64,200.0,98.0
2024-10-01,Cali,3,Madera y Papel,historico,155494283.51,213.0,99.0
2024-11-01,Cali,3,Madera y Papel,historico,144701373.72,260.0,104.0
2024-12-01,Cali,3,Madera y Papel,historico,137667675.83,170.0,92.0
2025-01-01,Cali,3,Madera y Papel,historico,136327004.58,178.0,81.0
2025-02-01,Cali,3,Madera y Papel,historico,120262503.5,183.0,78.0
2025-03-01,Cali,3,Madera y Papel,historico,99739601.88,195.0,82.0
2025-04-01,Cali,3,Madera y Papel,historico,115115281.42,169.0,75.0
2025-05-01,Cali,3,Madera y Papel,historico,107082008.23,170.0,70.0
2025-06-01,Cali,3,Madera y Papel,historico,91186377.0,177.0,82.0
2025-07-01,Cali,3,Madera y Papel,historico,103713413.63,131.0,77.0
2025-08-01,Cali,3,Madera y Papel,historico,75975681.0,135.0,70.0
2025-09-01,Cali,3,Madera y Papel,historico,100587593.38,229.0,99.0
2025-10-01,Cali,3,Madera y Papel,historico,77692428.0,157.0,88.0
2025-11-01,Cali,3,Madera y Papel,historico,60527395.0,151.0,75.0
2025-12-01,Cali,3,Madera y Papel,historico,88590385.0,130.0,59.0
2026-01-01,Cali,3,Madera y Papel,historico,73504059.0,121.0,60.0
2026-02-01,Cali,3,Madera y Papel,historico,102522353.9,163.0,86.0
2026-03-01,Cali,3,Madera y Papel,historico,70927067.6,149.0,87.0
2026-04-01,Cali,3,Madera y Papel,historico,227255867.0,226.0,109.0
2024-01-01,Cali,3,Maquinaria y Afines,historico,42369471.0,110.0,56.0
2024-02-01,Cali,3,Maquinaria y Afines,historico,47050550.0,153.0,66.0
2024-03-01,Cali,3,Maquinaria y Afines,historico,23045525.15,87.0,47.0
2024-04-01,Cali,3,Maquinaria y Afines,historico,50224366.0,113.0,60.0
2024-05-01,Cali,3,Maquinaria y Afines,historico,39136106.4,102.0,45.0
2024-06-01,Cali,3,Maquinaria y Afines,historico,28148621.0,100.0,48.0
2024-07-01,Cali,3,Maquinaria y Afines,historico,39795822.0,117.0,55.0
2024-08-01,Cali,3,Maquinaria y Afines,historico,55978011.0,180.0,78.0
2024-09-01,Cali,3,Maquinaria y Afines,historico,44281778.0,135.0,60.0
2024-10-01,Cali,3,Maquinaria y Afines,historico,33361983.0,98.0,49.0
2024-11-01,Cali,3,Maquinaria y Afines,historico,63980261.0,118.0,60.0
2024-12-01,Cali,3,Maquinaria y Afines,historico,71007448.0,121.0,55.0
2025-01-01,Cali,3,Maquinaria y Afines,historico,64661056.0,114.0,48.0
2025-02-01,Cali,3,Maquinaria y Afines,historico,31937848.0,109.0,47.0
2025-03-01,Cali,3,Maquinaria y Afines,historico,27760651.0,83.0,41.0
2025-04-01,Cali,3,Maquinaria y Afines,historico,56759293.0,157.0,76.0
2025-05-01,Cali,3,Maquinaria y Afines,historico,33205736.2,75.0,38.0
2025-06-01,Cali,3,Maquinaria y Afines,historico,26896886.0,92.0,45.0
2025-07-01,Cali,3,Maquinaria y Afines,historico,34635469.0,123.0,57.0
2025-08-01,Cali,3,Maquinaria y Afines,historico,42083246.0,101.0,46.0
2025-09-01,Cali,3,Maquinaria y Afines,historico,50112544.0,154.0,76.0
2025-10-01,Cali,3,Maquinaria y Afines,historico,76594304.29,174.0,78.0
2025-11-01,Cali,3,Maquinaria y Afines,historico,43526554.0,151.0,67.0
2025-12-01,Cali,3,Maquinaria y Afines,historico,49364994.61,119.0,58.0
2026-01-01,Cali,3,Maquinaria y Afines,historico,37192214.0,93.0,46.0
2026-02-01,Cali,3,Maquinaria y Afines,historico,44014100.0,168.0,77.0
2026-03-01,Cali,3,Maquinaria y Afines,historico,65156762.0,192.0,76.0
2026-04-01,Cali,3,Maquinaria y Afines,historico,37028199.0,131.0,61.0
2024-01-01,Cali,3,Mining,historico,63096225.06,122.0,57.0
2024-02-01,Cali,3,Mining,historico,123116202.0,164.0,83.0
2024-03-01,Cali,3,Mining,historico,116927647.0,111.0,62.0
2024-04-01,Cali,3,Mining,historico,142203769.97,127.0,77.0
2024-05-01,Cali,3,Mining,historico,102725309.0,99.0,61.0
2024-06-01,Cali,3,Mining,historico,125302676.0,135.0,67.0
2024-07-01,Cali,3,Mining,historico,96658567.0,141.0,66.0
2024-08-01,Cali,3,Mining,historico,126723911.98,103.0,53.0
2024-09-01,Cali,3,Mining,historico,73921516.0,95.0,55.0
2024-10-01,Cali,3,Mining,historico,155092321.0,114.0,60.0
2024-11-01,Cali,3,Mining,historico,145205329.0,112.0,52.0
2024-12-01,Cali,3,Mining,historico,90441086.0,83.0,39.0
2025-01-01,Cali,3,Mining,historico,152396109.0,157.0,87.0
2025-02-01,Cali,3,Mining,historico,88347016.0,127.0,58.0
2025-03-01,Cali,3,Mining,historico,63565343.0,88.0,51.0
2025-04-01,Cali,3,Mining,historico,122839067.0,91.0,51.0
2025-05-01,Cali,3,Mining,historico,91310119.0,111.0,60.0
2025-06-01,Cali,3,Mining,historico,124714880.0,104.0,42.0
2025-07-01,Cali,3,Mining,historico,95316493.0,105.0,48.0
2025-08-01,Cali,3,Mining,historico,97368498.0,153.0,61.0
2025-09-01,Cali,3,Mining,historico,127664031.65,106.0,57.0
2025-10-01,Cali,3,Mining,historico,120030342.0,130.0,53.0
2025-11-01,Cali,3,Mining,historico,98552101.0,146.0,59.0
2025-12-01,Cali,3,Mining,historico,92770363.0,133.0,62.0
2026-01-01,Cali,3,Mining,historico,71403641.0,107.0,47.0
2026-02-01,Cali,3,Mining,historico,100206769.0,128.0,60.0
2026-03-01,Cali,3,Mining,historico,78340341.0,102.0,58.0
2026-04-01,Cali,3,Mining,historico,88840370.5,112.0,62.0
2024-01-01,Cali,3,Persona Natural,historico,286492.0,2.0,2.0
2024-02-01,Cali,3,Persona Natural,historico,201890.0,4.0,4.0
2024-03-01,Cali,3,Persona Natural,historico,1073416.0,3.0,3.0
2024-04-01,Cali,3,Persona Natural,historico,338875.0,2.0,2.0
2024-05-01,Cali,3,Persona Natural,historico,409575.0,3.0,3.0
2024-06-01,Cali,3,Persona Natural,historico,135387.0,3.0,1.0
2024-07-01,Cali,3,Persona Natural,historico,191000.0,1.0,1.0
2024-08-01,Cali,3,Persona Natural,historico,194500.0,2.0,2.0
2024-09-01,Cali,3,Persona Natural,historico,0.0,0.0,0.0
2024-10-01,Cali,3,Persona Natural,historico,842688.0,4.0,3.0
2024-11-01,Cali,3,Persona Natural,historico,0.0,0.0,0.0
2024-12-01,Cali,3,Persona Natural,historico,451840.0,4.0,4.0
2025-01-01,Cali,3,Persona Natural,historico,1877228.0,17.0,13.0
2025-02-01,Cali,3,Persona Natural,historico,24231025.31,18.0,17.0
2025-03-01,Cali,3,Persona Natural,historico,5353558.0,33.0,16.0
2025-04-01,Cali,3,Persona Natural,historico,12636965.0,48.0,33.0
2025-05-01,Cali,3,Persona Natural,historico,16291762.0,29.0,21.0
2025-06-01,Cali,3,Persona Natural,historico,6895074.0,24.0,19.0
2025-07-01,Cali,3,Persona Natural,historico,11659400.0,30.0,26.0
2025-08-01,Cali,3,Persona Natural,historico,10390688.0,38.0,29.0
2025-09-01,Cali,3,Persona Natural,historico,9767954.0,41.0,33.0
2025-10-01,Cali,3,Persona Natural,historico,8246909.88,42.0,27.0
2025-11-01,Cali,3,Persona Natural,historico,25929255.0,45.0,25.0
2025-12-01,Cali,3,Persona Natural,historico,15075436.0,30.0,21.0
2026-01-01,Cali,3,Persona Natural,historico,10286186.0,24.0,19.0
2026-02-01,Cali,3,Persona Natural,historico,17853745.5,52.0,36.0
2026-03-01,Cali,3,Persona Natural,historico,18402935.0,52.0,44.0
2026-04-01,Cali,3,Persona Natural,historico,30283749.5,60.0,44.0
2024-01-01,Cali,3,Quimico,historico,187036713.5,270.0,125.0
2024-02-01,Cali,3,Quimico,historico,435686214.9,398.0,205.0
2024-03-01,Cali,3,Quimico,historico,348644948.34,463.0,230.0
2024-04-01,Cali,3,Quimico,historico,420630565.11,514.0,263.0
2024-05-01,Cali,3,Quimico,historico,417339177.62,407.0,202.0
2024-06-01,Cali,3,Quimico,historico,522312105.75,430.0,194.0
2024-07-01,Cali,3,Quimico,historico,412961563.0,484.0,227.0
2024-08-01,Cali,3,Quimico,historico,399054137.96,485.0,228.0
2024-09-01,Cali,3,Quimico,historico,559025393.61,437.0,220.0
2024-10-01,Cali,3,Quimico,historico,289752686.19,487.0,203.0
2024-11-01,Cali,3,Quimico,historico,630704716.2,483.0,218.0
2024-12-01,Cali,3,Quimico,historico,315843448.0,362.0,181.0
2025-01-01,Cali,3,Quimico,historico,368080092.95,345.0,151.0
2025-02-01,Cali,3,Quimico,historico,280082905.0,404.0,198.0
2025-03-01,Cali,3,Quimico,historico,252067803.4,397.0,182.0
2025-04-01,Cali,3,Quimico,historico,368405034.36,386.0,191.0
2025-05-01,Cali,3,Quimico,historico,260759421.5,431.0,197.0
2025-06-01,Cali,3,Quimico,historico,245166259.0,388.0,163.0
2025-07-01,Cali,3,Quimico,historico,605132722.0,500.0,227.0
2025-08-01,Cali,3,Quimico,historico,363014608.74,445.0,197.0
2025-09-01,Cali,3,Quimico,historico,294072238.5,420.0,220.0
2025-10-01,Cali,3,Quimico,historico,310966989.93,428.0,193.0
2025-11-01,Cali,3,Quimico,historico,825503739.68,362.0,179.0
2025-12-01,Cali,3,Quimico,historico,339713492.0,354.0,159.0
2026-01-01,Cali,3,Quimico,historico,232153600.98,336.0,162.0
2026-02-01,Cali,3,Quimico,historico,364467963.0,473.0,200.0
2026-03-01,Cali,3,Quimico,historico,273932151.45,441.0,199.0
2026-04-01,Cali,3,Quimico,historico,294091279.0,399.0,172.0
2024-01-01,Cali,3,Servicio de apoyo empresarial,historico,5829946.0,6.0,4.0
2024-02-01,Cali,3,Servicio de apoyo empresarial,historico,3241981.0,10.0,4.0
2024-03-01,Cali,3,Servicio de apoyo empresarial,historico,789394.0,13.0,3.0
2024-04-01,Cali,3,Servicio de apoyo empresarial,historico,3839276.0,6.0,4.0
2024-05-01,Cali,3,Servicio de apoyo empresarial,historico,689570.0,6.0,3.0
2024-06-01,Cali,3,Servicio de apoyo empresarial,historico,6101508.0,20.0,9.0
2024-07-01,Cali,3,Servicio de apoyo empresarial,historico,4070307.0,15.0,6.0
2024-08-01,Cali,3,Servicio de apoyo empresarial,historico,3742525.0,29.0,8.0
2024-09-01,Cali,3,Servicio de apoyo empresarial,historico,4015241.0,18.0,9.0
2024-10-01,Cali,3,Servicio de apoyo empresarial,historico,7047932.0,23.0,9.0
2024-11-01,Cali,3,Servicio de apoyo empresarial,historico,13304624.0,30.0,11.0
2024-12-01,Cali,3,Servicio de apoyo empresarial,historico,1837865.0,6.0,4.0
2025-01-01,Cali,3,Servicio de apoyo empresarial,historico,7379641.0,20.0,13.0
2025-02-01,Cali,3,Servicio de apoyo empresarial,historico,1917002.0,23.0,11.0
2025-03-01,Cali,3,Servicio de apoyo empresarial,historico,4339962.0,25.0,10.0
2025-04-01,Cali,3,Servicio de apoyo empresarial,historico,7160118.0,14.0,9.0
2025-05-01,Cali,3,Servicio de apoyo empresarial,historico,1796652.0,9.0,5.0
2025-06-01,Cali,3,Servicio de apoyo empresarial,historico,2868849.0,25.0,9.0
2025-07-01,Cali,3,Servicio de apoyo empresarial,historico,2868225.0,17.0,8.0
2025-08-01,Cali,3,Servicio de apoyo empresarial,historico,6713393.0,11.0,6.0
2025-09-01,Cali,3,Servicio de apoyo empresarial,historico,4193814.0,13.0,8.0
2025-10-01,Cali,3,Servicio de apoyo empresarial,historico,14827209.0,24.0,8.0
2025-11-01,Cali,3,Servicio de apoyo empresarial,historico,6865489.0,5.0,4.0
2025-12-01,Cali,3,Servicio de apoyo empresarial,historico,1541200.0,4.0,2.0
2026-01-01,Cali,3,Servicio de apoyo empresarial,historico,2298922.0,16.0,4.0
2026-02-01,Cali,3,Servicio de apoyo empresarial,historico,7864991.0,14.0,6.0
2026-03-01,Cali,3,Servicio de apoyo empresarial,historico,6871504.0,13.0,8.0
2026-04-01,Cali,3,Servicio de apoyo empresarial,historico,321519.0,4.0,2.0
2024-01-01,Cali,3,Servicios Publicos,historico,243617589.76,75.0,50.0
2024-02-01,Cali,3,Servicios Publicos,historico,22699949.0,28.0,18.0
2024-03-01,Cali,3,Servicios Publicos,historico,121226835.0,101.0,29.0
2024-04-01,Cali,3,Servicios Publicos,historico,107590459.92,45.0,22.0
2024-05-01,Cali,3,Servicios Publicos,historico,82881115.0,69.0,26.0
2024-06-01,Cali,3,Servicios Publicos,historico,41557793.0,58.0,28.0
2024-07-01,Cali,3,Servicios Publicos,historico,35431250.0,59.0,29.0
2024-08-01,Cali,3,Servicios Publicos,historico,54670992.0,38.0,18.0
2024-09-01,Cali,3,Servicios Publicos,historico,73392695.0,61.0,29.0
2024-10-01,Cali,3,Servicios Publicos,historico,137355466.95,51.0,27.0
2024-11-01,Cali,3,Servicios Publicos,historico,68175279.0,26.0,13.0
2024-12-01,Cali,3,Servicios Publicos,historico,38909554.0,42.0,22.0
2025-01-01,Cali,3,Servicios Publicos,historico,2471550.0,10.0,9.0
2025-02-01,Cali,3,Servicios Publicos,historico,23569825.0,29.0,16.0
2025-03-01,Cali,3,Servicios Publicos,historico,21500478.0,37.0,19.0
2025-04-01,Cali,3,Servicios Publicos,historico,82030432.57,93.0,36.0
2025-05-01,Cali,3,Servicios Publicos,historico,52847593.0,60.0,26.0
2025-06-01,Cali,3,Servicios Publicos,historico,80397345.0,69.0,22.0
2025-07-01,Cali,3,Servicios Publicos,historico,36342716.879999995,51.0,23.0
2025-08-01,Cali,3,Servicios Publicos,historico,92641179.0,87.0,24.0
2025-09-01,Cali,3,Servicios Publicos,historico,13192262.0,27.0,16.0
2025-10-01,Cali,3,Servicios Publicos,historico,14718646.0,31.0,14.0
2025-11-01,Cali,3,Servicios Publicos,historico,213398278.0,85.0,22.0
2025-12-01,Cali,3,Servicios Publicos,historico,42352729.0,66.0,27.0
2026-01-01,Cali,3,Servicios Publicos,historico,9660032.0,33.0,16.0
2026-02-01,Cali,3,Servicios Publicos,historico,6589538.0,26.0,16.0
2026-03-01,Cali,3,Servicios Publicos,historico,7774443.0,17.0,11.0
2026-04-01,Cali,3,Servicios Publicos,historico,65968743.0,67.0,25.0
2024-01-01,Cali,3,"Textiles, Confecciones y Cuero",historico,11780554.0,20.0,11.0
2024-02-01,Cali,3,"Textiles, Confecciones y Cuero",historico,23946320.0,24.0,17.0
2024-03-01,Cali,3,"Textiles, Confecciones y Cuero",historico,25529290.0,50.0,19.0
2024-04-01,Cali,3,"Textiles, Confecciones y Cuero",historico,16911067.0,63.0,25.0
2024-05-01,Cali,3,"Textiles, Confecciones y Cuero",historico,17871903.0,47.0,24.0
2024-06-01,Cali,3,"Textiles, Confecciones y Cuero",historico,22001567.0,41.0,24.0
2024-07-01,Cali,3,"Textiles, Confecciones y Cuero",historico,16320047.0,68.0,25.0
2024-08-01,Cali,3,"Textiles, Confecciones y Cuero",historico,12839862.0,33.0,19.0
2024-09-01,Cali,3,"Textiles, Confecciones y Cuero",historico,19968349.0,39.0,25.0
2024-10-01,Cali,3,"Textiles, Confecciones y Cuero",historico,22406311.0,30.0,21.0
2024-11-01,Cali,3,"Textiles, Confecciones y Cuero",historico,41643201.0,55.0,31.0
2024-12-01,Cali,3,"Textiles, Confecciones y Cuero",historico,31446464.0,27.0,14.0
2025-01-01,Cali,3,"Textiles, Confecciones y Cuero",historico,33207613.0,66.0,23.0
2025-02-01,Cali,3,"Textiles, Confecciones y Cuero",historico,33579937.0,51.0,32.0
2025-03-01,Cali,3,"Textiles, Confecciones y Cuero",historico,22106234.0,41.0,17.0
2025-04-01,Cali,3,"Textiles, Confecciones y Cuero",historico,17609292.0,35.0,18.0
2025-05-01,Cali,3,"Textiles, Confecciones y Cuero",historico,31261075.0,51.0,25.0
2025-06-01,Cali,3,"Textiles, Confecciones y Cuero",historico,37244482.0,62.0,25.0
2025-07-01,Cali,3,"Textiles, Confecciones y Cuero",historico,16941545.0,59.0,26.0
2025-08-01,Cali,3,"Textiles, Confecciones y Cuero",historico,27029247.0,29.0,17.0
2025-09-01,Cali,3,"Textiles, Confecciones y Cuero",historico,20614094.0,38.0,16.0
2025-10-01,Cali,3,"Textiles, Confecciones y Cuero",historico,11898919.6,33.0,16.0
2025-11-01,Cali,3,"Textiles, Confecciones y Cuero",historico,14688835.0,27.0,20.0
2025-12-01,Cali,3,"Textiles, Confecciones y Cuero",historico,24120680.0,28.0,15.0
2026-01-01,Cali,3,"Textiles, Confecciones y Cuero",historico,11900725.0,43.0,14.0
2026-02-01,Cali,3,"Textiles, Confecciones y Cuero",historico,37675863.0,37.0,16.0
2026-03-01,Cali,3,"Textiles, Confecciones y Cuero",historico,20904317.0,23.0,14.0
2026-04-01,Cali,3,"Textiles, Confecciones y Cuero",historico,7023055.0,28.0,13.0
2024-01-01,Cali,3,Transporte y Logistica,historico,8996135.0,14.0,8.0
2024-02-01,Cali,3,Transporte y Logistica,historico,35987125.0,40.0,18.0
2024-03-01,Cali,3,Transporte y Logistica,historico,6154077.0,44.0,14.0
2024-04-01,Cali,3,Transporte y Logistica,historico,27490491.0,82.0,26.0
2024-05-01,Cali,3,Transporte y Logistica,historico,10340970.0,16.0,9.0
2024-06-01,Cali,3,Transporte y Logistica,historico,16097281.0,50.0,15.0
2024-07-01,Cali,3,Transporte y Logistica,historico,16555385.0,37.0,20.0
2024-08-01,Cali,3,Transporte y Logistica,historico,20345492.0,37.0,15.0
2024-09-01,Cali,3,Transporte y Logistica,historico,1266228.0,7.0,5.0
2024-10-01,Cali,3,Transporte y Logistica,historico,20282006.6,77.0,29.0
2024-11-01,Cali,3,Transporte y Logistica,historico,10196535.0,36.0,16.0
2024-12-01,Cali,3,Transporte y Logistica,historico,17817817.0,59.0,14.0
2025-01-01,Cali,3,Transporte y Logistica,historico,8691820.0,30.0,10.0
2025-02-01,Cali,3,Transporte y Logistica,historico,20648433.0,71.0,28.0
2025-03-01,Cali,3,Transporte y Logistica,historico,19708634.0,36.0,14.0
2025-04-01,Cali,3,Transporte y Logistica,historico,21554060.0,53.0,17.0
2025-05-01,Cali,3,Transporte y Logistica,historico,17709490.0,37.0,20.0
2025-06-01,Cali,3,Transporte y Logistica,historico,13210671.0,69.0,26.0
2025-07-01,Cali,3,Transporte y Logistica,historico,10560140.0,51.0,23.0
2025-08-01,Cali,3,Transporte y Logistica,historico,26097501.0,72.0,21.0
2025-09-01,Cali,3,Transporte y Logistica,historico,14899365.0,71.0,23.0
2025-10-01,Cali,3,Transporte y Logistica,historico,35347493.0,102.0,37.0
2025-11-01,Cali,3,Transporte y Logistica,historico,15232471.0,71.0,27.0
2025-12-01,Cali,3,Transporte y Logistica,historico,29785843.0,88.0,21.0
2026-01-01,Cali,3,Transporte y Logistica,historico,7358083.0,32.0,16.0
2026-02-01,Cali,3,Transporte y Logistica,historico,23221586.0,88.0,29.0
2026-03-01,Cali,3,Transporte y Logistica,historico,29001516.0,64.0,22.0
2026-04-01,Cali,3,Transporte y Logistica,historico,34102609.0,78.0,27.0
2024-01-01,Cali,3,Turistico,historico,0.0,0.0,0.0
2024-02-01,Cali,3,Turistico,historico,67680.0,2.0,1.0
2024-03-01,Cali,3,Turistico,historico,67680.0,1.0,1.0
2024-04-01,Cali,3,Turistico,historico,1527090.0,9.0,4.0
2024-05-01,Cali,3,Turistico,historico,236880.0,4.0,2.0
2024-06-01,Cali,3,Turistico,historico,135360.0,2.0,2.0
2024-07-01,Cali,3,Turistico,historico,0.0,0.0,0.0
2024-08-01,Cali,3,Turistico,historico,0.0,0.0,0.0
2024-09-01,Cali,3,Turistico,historico,169200.0,4.0,3.0
2024-10-01,Cali,3,Turistico,historico,101520.0,3.0,2.0
2024-11-01,Cali,3,Turistico,historico,0.0,0.0,0.0
2024-12-01,Cali,3,Turistico,historico,0.0,0.0,0.0
2025-01-01,Cali,3,Turistico,historico,947520.0,7.0,1.0
2025-02-01,Cali,3,Turistico,historico,333180.0,3.0,3.0
2025-03-01,Cali,3,Turistico,historico,516099.0,7.0,2.0
2025-04-01,Cali,3,Turistico,historico,204000.0,1.0,1.0
2025-05-01,Cali,3,Turistico,historico,216920.0,3.0,2.0
2025-06-01,Cali,3,Turistico,historico,474720.0,8.0,4.0
2025-07-01,Cali,3,Turistico,historico,1869464.0,12.0,5.0
2025-08-01,Cali,3,Turistico,historico,929360.0,6.0,6.0
2025-09-01,Cali,3,Turistico,historico,236880.0,5.0,4.0
2025-10-01,Cali,3,Turistico,historico,1433310.0,4.0,3.0
2025-11-01,Cali,3,Turistico,historico,1315860.0,4.0,1.0
2025-12-01,Cali,3,Turistico,historico,723000.0,10.0,7.0
2026-01-01,Cali,3,Turistico,historico,0.0,0.0,0.0
2026-02-01,Cali,3,Turistico,historico,162720.0,1.0,1.0
2026-03-01,Cali,3,Turistico,historico,989960.0,30.0,10.0
2026-04-01,Cali,3,Turistico,historico,4361792.0,19.0,7.0
2024-01-01,Barranquilla,4,0,historico,162940644.8,341.0,271.0
2024-02-01,Barranquilla,4,0,historico,69167674.12,307.0,234.0
2024-03-01,Barranquilla,4,0,historico,45931403.46,317.0,239.0
2024-04-01,Barranquilla,4,0,historico,56874927.19,425.0,336.0
2024-05-01,Barranquilla,4,0,historico,43711309.64,374.0,277.0
2024-06-01,Barranquilla,4,0,historico,33039808.2,290.0,218.0
2024-07-01,Barranquilla,4,0,historico,48478479.86,352.0,273.0
2024-08-01,Barranquilla,4,0,historico,41858674.33,312.0,249.0
2024-09-01,Barranquilla,4,0,historico,54256498.97,324.0,235.0
2024-10-01,Barranquilla,4,0,historico,67366144.64,350.0,252.0
2024-11-01,Barranquilla,4,0,historico,49461423.65,328.0,230.0
2024-12-01,Barranquilla,4,0,historico,44400202.4,313.0,242.0
2025-01-01,Barranquilla,4,0,historico,46224496.3,264.0,202.0
2025-02-01,Barranquilla,4,0,historico,43405496.96,271.0,203.0
2025-03-01,Barranquilla,4,0,historico,27425735.82,217.0,158.0
2025-04-01,Barranquilla,4,0,historico,31931571.63,195.0,157.0
2025-05-01,Barranquilla,4,0,historico,38180501.56,220.0,175.0
2025-06-01,Barranquilla,4,0,historico,26327872.0,190.0,144.0
2025-07-01,Barranquilla,4,0,historico,54119356.59,308.0,225.0
2025-08-01,Barranquilla,4,0,historico,43928174.91,293.0,209.0
2025-09-01,Barranquilla,4,0,historico,34542096.5,251.0,190.0
2025-10-01,Barranquilla,4,0,historico,50461007.51,295.0,215.0
2025-11-01,Barranquilla,4,0,historico,27438237.26,232.0,178.0
2025-12-01,Barranquilla,4,0,historico,32418927.15,213.0,163.0
2026-01-01,Barranquilla,4,0,historico,44800426.9,231.0,172.0
2026-02-01,Barranquilla,4,0,historico,22986314.0,200.0,154.0
2026-03-01,Barranquilla,4,0,historico,11425606.0,103.0,90.0
2026-04-01,Barranquilla,4,0,historico,30602891.0,189.0,136.0
2024-01-01,Barranquilla,4,Agricultura,historico,27974256.0,11.0,9.0
2024-02-01,Barranquilla,4,Agricultura,historico,19320590.0,13.0,6.0
2024-03-01,Barranquilla,4,Agricultura,historico,7479031.0,6.0,5.0
2024-04-01,Barranquilla,4,Agricultura,historico,25098800.0,5.0,4.0
2024-05-01,Barranquilla,4,Agricultura,historico,11461480.0,8.0,6.0
2024-06-01,Barranquilla,4,Agricultura,historico,6685179.0,10.0,6.0
2024-07-01,Barranquilla,4,Agricultura,historico,3180620.0,5.0,5.0
2024-08-01,Barranquilla,4,Agricultura,historico,32222480.0,11.0,6.0
2024-09-01,Barranquilla,4,Agricultura,historico,15907480.0,16.0,12.0
2024-10-01,Barranquilla,4,Agricultura,historico,17908612.0,8.0,8.0
2024-11-01,Barranquilla,4,Agricultura,historico,4863564.0,3.0,3.0
2024-12-01,Barranquilla,4,Agricultura,historico,3930000.0,5.0,2.0
2025-01-01,Barranquilla,4,Agricultura,historico,16114915.0,7.0,7.0
2025-02-01,Barranquilla,4,Agricultura,historico,9147520.0,6.0,6.0
2025-03-01,Barranquilla,4,Agricultura,historico,2810820.0,7.0,6.0
2025-04-01,Barranquilla,4,Agricultura,historico,6346300.0,3.0,3.0
2025-05-01,Barranquilla,4,Agricultura,historico,38989032.0,19.0,13.0
2025-06-01,Barranquilla,4,Agricultura,historico,26863390.7,12.0,10.0
2025-07-01,Barranquilla,4,Agricultura,historico,23423986.0,12.0,7.0
2025-08-01,Barranquilla,4,Agricultura,historico,13268370.0,13.0,9.0
2025-09-01,Barranquilla,4,Agricultura,historico,22775265.0,13.0,8.0
2025-10-01,Barranquilla,4,Agricultura,historico,57748105.0,15.0,9.0
2025-11-01,Barranquilla,4,Agricultura,historico,43255500.0,20.0,7.0
2025-12-01,Barranquilla,4,Agricultura,historico,13328572.0,19.0,7.0
2026-01-01,Barranquilla,4,Agricultura,historico,55020304.0,43.0,17.0
2026-02-01,Barranquilla,4,Agricultura,historico,53384270.0,59.0,29.0
2026-03-01,Barranquilla,4,Agricultura,historico,23033119.0,52.0,33.0
2026-04-01,Barranquilla,4,Agricultura,historico,27970538.0,16.0,10.0
2024-01-01,Barranquilla,4,Articulos Para el Hogar y la Oficina,historico,9023677.0,34.0,14.0
2024-02-01,Barranquilla,4,Articulos Para el Hogar y la Oficina,historico,4343956.0,6.0,6.0
2024-03-01,Barranquilla,4,Articulos Para el Hogar y la Oficina,historico,12929145.0,25.0,8.0
2024-04-01,Barranquilla,4,Articulos Para el Hogar y la Oficina,historico,8590366.0,36.0,11.0
2024-05-01,Barranquilla,4,Articulos Para el Hogar y la Oficina,historico,4226644.0,7.0,6.0
2024-06-01,Barranquilla,4,Articulos Para el Hogar y la Oficina,historico,11923833.0,30.0,10.0
2024-07-01,Barranquilla,4,Articulos Para el Hogar y la Oficina,historico,6713956.0,32.0,13.0
2024-08-01,Barranquilla,4,Articulos Para el Hogar y la Oficina,historico,12581922.0,24.0,13.0
2024-09-01,Barranquilla,4,Articulos Para el Hogar y la Oficina,historico,17438381.0,30.0,17.0
2024-10-01,Barranquilla,4,Articulos Para el Hogar y la Oficina,historico,18586050.0,39.0,15.0
2024-11-01,Barranquilla,4,Articulos Para el Hogar y la Oficina,historico,6837967.0,24.0,12.0
2024-12-01,Barranquilla,4,Articulos Para el Hogar y la Oficina,historico,11034419.0,24.0,17.0
2025-01-01,Barranquilla,4,Articulos Para el Hogar y la Oficina,historico,9053574.0,24.0,16.0
2025-02-01,Barranquilla,4,Articulos Para el Hogar y la Oficina,historico,8797532.0,28.0,16.0
2025-03-01,Barranquilla,4,Articulos Para el Hogar y la Oficina,historico,20380960.0,28.0,11.0
2025-04-01,Barranquilla,4,Articulos Para el Hogar y la Oficina,historico,18543260.0,35.0,17.0
2025-05-01,Barranquilla,4,Articulos Para el Hogar y la Oficina,historico,12549236.0,39.0,14.0
2025-06-01,Barranquilla,4,Articulos Para el Hogar y la Oficina,historico,10025421.0,15.0,13.0
2025-07-01,Barranquilla,4,Articulos Para el Hogar y la Oficina,historico,27030352.04,34.0,20.0
2025-08-01,Barranquilla,4,Articulos Para el Hogar y la Oficina,historico,13773248.0,21.0,15.0
2025-09-01,Barranquilla,4,Articulos Para el Hogar y la Oficina,historico,29176147.0,49.0,19.0
2025-10-01,Barranquilla,4,Articulos Para el Hogar y la Oficina,historico,7254113.0,28.0,14.0
2025-11-01,Barranquilla,4,Articulos Para el Hogar y la Oficina,historico,16859630.0,25.0,18.0
2025-12-01,Barranquilla,4,Articulos Para el Hogar y la Oficina,historico,10968527.0,26.0,23.0
2026-01-01,Barranquilla,4,Articulos Para el Hogar y la Oficina,historico,14736784.0,23.0,16.0
2026-02-01,Barranquilla,4,Articulos Para el Hogar y la Oficina,historico,21030575.0,33.0,25.0
2026-03-01,Barranquilla,4,Articulos Para el Hogar y la Oficina,historico,9915880.0,15.0,14.0
2026-04-01,Barranquilla,4,Articulos Para el Hogar y la Oficina,historico,35056584.0,41.0,21.0
2024-01-01,Barranquilla,4,Caucho y Plasticos,historico,24848603.0,51.0,34.0
2024-02-01,Barranquilla,4,Caucho y Plasticos,historico,43367583.0,24.0,18.0
2024-03-01,Barranquilla,4,Caucho y Plasticos,historico,21933784.0,26.0,19.0
2024-04-01,Barranquilla,4,Caucho y Plasticos,historico,17679242.0,50.0,23.0
2024-05-01,Barranquilla,4,Caucho y Plasticos,historico,13074672.0,37.0,19.0
2024-06-01,Barranquilla,4,Caucho y Plasticos,historico,11842330.0,26.0,14.0
2024-07-01,Barranquilla,4,Caucho y Plasticos,historico,12721258.0,36.0,21.0
2024-08-01,Barranquilla,4,Caucho y Plasticos,historico,16062070.0,38.0,24.0
2024-09-01,Barranquilla,4,Caucho y Plasticos,historico,28718864.0,54.0,34.0
2024-10-01,Barranquilla,4,Caucho y Plasticos,historico,10370684.0,17.0,13.0
2024-11-01,Barranquilla,4,Caucho y Plasticos,historico,15008987.0,32.0,18.0
2024-12-01,Barranquilla,4,Caucho y Plasticos,historico,26342272.0,36.0,25.0
2025-01-01,Barranquilla,4,Caucho y Plasticos,historico,16597008.0,23.0,17.0
2025-02-01,Barranquilla,4,Caucho y Plasticos,historico,15612406.0,27.0,19.0
2025-03-01,Barranquilla,4,Caucho y Plasticos,historico,17962624.0,28.0,23.0
2025-04-01,Barranquilla,4,Caucho y Plasticos,historico,18257491.0,33.0,20.0
2025-05-01,Barranquilla,4,Caucho y Plasticos,historico,10585614.0,21.0,16.0
2025-06-01,Barranquilla,4,Caucho y Plasticos,historico,8274195.5,22.0,20.0
2025-07-01,Barranquilla,4,Caucho y Plasticos,historico,13356322.5,29.0,19.0
2025-08-01,Barranquilla,4,Caucho y Plasticos,historico,14661541.0,28.0,22.0
2025-09-01,Barranquilla,4,Caucho y Plasticos,historico,16830530.0,30.0,19.0
2025-10-01,Barranquilla,4,Caucho y Plasticos,historico,21746811.0,38.0,20.0
2025-11-01,Barranquilla,4,Caucho y Plasticos,historico,6922088.0,17.0,13.0
2025-12-01,Barranquilla,4,Caucho y Plasticos,historico,6728847.0,17.0,15.0
2026-01-01,Barranquilla,4,Caucho y Plasticos,historico,5768400.0,5.0,5.0
2026-02-01,Barranquilla,4,Caucho y Plasticos,historico,73048053.0,35.0,27.0
2026-03-01,Barranquilla,4,Caucho y Plasticos,historico,15766101.0,32.0,24.0
2026-04-01,Barranquilla,4,Caucho y Plasticos,historico,11682445.0,23.0,17.0
2024-01-01,Barranquilla,4,Comercio,historico,257666308.48,681.0,296.0
2024-02-01,Barranquilla,4,Comercio,historico,426000396.86,599.0,326.0
2024-03-01,Barranquilla,4,Comercio,historico,236543437.74,564.0,296.0
2024-04-01,Barranquilla,4,Comercio,historico,344451553.1,828.0,381.0
2024-05-01,Barranquilla,4,Comercio,historico,465598493.35,843.0,390.0
2024-06-01,Barranquilla,4,Comercio,historico,383777310.38,619.0,323.0
2024-07-01,Barranquilla,4,Comercio,historico,227252734.0,591.0,351.0
2024-08-01,Barranquilla,4,Comercio,historico,377991283.39,779.0,395.0
2024-09-01,Barranquilla,4,Comercio,historico,438648486.42,902.0,425.0
2024-10-01,Barranquilla,4,Comercio,historico,283987619.0,944.0,456.0
2024-11-01,Barranquilla,4,Comercio,historico,553108010.0,661.0,390.0
2024-12-01,Barranquilla,4,Comercio,historico,353081049.56,682.0,375.0
2025-01-01,Barranquilla,4,Comercio,historico,538182697.0,681.0,376.0
2025-02-01,Barranquilla,4,Comercio,historico,393734005.2,843.0,418.0
2025-03-01,Barranquilla,4,Comercio,historico,335718165.7,640.0,345.0
2025-04-01,Barranquilla,4,Comercio,historico,343206972.7,598.0,330.0
2025-05-01,Barranquilla,4,Comercio,historico,267757759.03,576.0,320.0
2025-06-01,Barranquilla,4,Comercio,historico,223156547.58,585.0,340.0
2025-07-01,Barranquilla,4,Comercio,historico,373214639.47,816.0,447.0
2025-08-01,Barranquilla,4,Comercio,historico,315428006.53,670.0,374.0
2025-09-01,Barranquilla,4,Comercio,historico,422123044.34,876.0,458.0
2025-10-01,Barranquilla,4,Comercio,historico,341884573.44,808.0,402.0
2025-11-01,Barranquilla,4,Comercio,historico,260153576.2,621.0,322.0
2025-12-01,Barranquilla,4,Comercio,historico,338212223.66,656.0,328.0
2026-01-01,Barranquilla,4,Comercio,historico,283782032.65,586.0,316.0
2026-02-01,Barranquilla,4,Comercio,historico,387130379.0,716.0,346.0
2026-03-01,Barranquilla,4,Comercio,historico,449227507.0,729.0,411.0
2026-04-01,Barranquilla,4,Comercio,historico,339221753.0,782.0,375.0
2024-01-01,Barranquilla,4,Construction,historico,125374975.0,191.0,101.0
2024-02-01,Barranquilla,4,Construction,historico,76738645.0,156.0,76.0
2024-03-01,Barranquilla,4,Construction,historico,180048783.0,182.0,72.0
2024-04-01,Barranquilla,4,Construction,historico,94433189.0,179.0,74.0
2024-05-01,Barranquilla,4,Construction,historico,141315564.5,185.0,88.0
2024-06-01,Barranquilla,4,Construction,historico,154101324.0,183.0,85.0
2024-07-01,Barranquilla,4,Construction,historico,125835027.1,204.0,97.0
2024-08-01,Barranquilla,4,Construction,historico,168862957.2,224.0,81.0
2024-09-01,Barranquilla,4,Construction,historico,174455229.4,277.0,108.0
2024-10-01,Barranquilla,4,Construction,historico,113985167.0,293.0,128.0
2024-11-01,Barranquilla,4,Construction,historico,94205089.0,213.0,97.0
2024-12-01,Barranquilla,4,Construction,historico,116353262.0,225.0,77.0
2025-01-01,Barranquilla,4,Construction,historico,133600768.0,205.0,79.0
2025-02-01,Barranquilla,4,Construction,historico,126614003.0,209.0,88.0
2025-03-01,Barranquilla,4,Construction,historico,93064307.0,183.0,79.0
2025-04-01,Barranquilla,4,Construction,historico,105647780.9,259.0,98.0
2025-05-01,Barranquilla,4,Construction,historico,100294021.84,260.0,96.0
2025-06-01,Barranquilla,4,Construction,historico,117012772.0,200.0,82.0
2025-07-01,Barranquilla,4,Construction,historico,153867729.75,282.0,93.0
2025-08-01,Barranquilla,4,Construction,historico,154290494.5,227.0,90.0
2025-09-01,Barranquilla,4,Construction,historico,107713643.0,221.0,82.0
2025-10-01,Barranquilla,4,Construction,historico,48903264.0,95.0,50.0
2025-11-01,Barranquilla,4,Construction,historico,135165546.0,154.0,71.0
2025-12-01,Barranquilla,4,Construction,historico,82002524.49,157.0,58.0
2026-01-01,Barranquilla,4,Construction,historico,71413232.5,165.0,56.0
2026-02-01,Barranquilla,4,Construction,historico,154416739.0,177.0,83.0
2026-03-01,Barranquilla,4,Construction,historico,282669292.0,221.0,90.0
2026-04-01,Barranquilla,4,Construction,historico,115664980.2,265.0,98.0
2024-01-01,Barranquilla,4,Empleados,historico,150428.0,7.0,6.0
2024-02-01,Barranquilla,4,Empleados,historico,55610.0,3.0,2.0
2024-03-01,Barranquilla,4,Empleados,historico,-1148892.5,16.0,10.0
2024-04-01,Barranquilla,4,Empleados,historico,-260023.0,8.0,3.0
2024-05-01,Barranquilla,4,Empleados,historico,-20988.0,3.0,3.0
2024-06-01,Barranquilla,4,Empleados,historico,-184676.0,13.0,12.0
2024-07-01,Barranquilla,4,Empleados,historico,241166.0,9.0,7.0
2024-08-01,Barranquilla,4,Empleados,historico,20727.0,3.0,2.0
2024-09-01,Barranquilla,4,Empleados,historico,371634.0,7.0,7.0
2024-10-01,Barranquilla,4,Empleados,historico,3027190.5,14.0,11.0
2024-11-01,Barranquilla,4,Empleados,historico,385040.0,4.0,4.0
2024-12-01,Barranquilla,4,Empleados,historico,1106564.5,12.0,10.0
2025-01-01,Barranquilla,4,Empleados,historico,-1069565.0,12.0,11.0
2025-02-01,Barranquilla,4,Empleados,historico,153492.0,11.0,8.0
2025-03-01,Barranquilla,4,Empleados,historico,145511.5,18.0,13.0
2025-04-01,Barranquilla,4,Empleados,historico,1368321.0,20.0,11.0
2025-05-01,Barranquilla,4,Empleados,historico,-954711.0,44.0,14.0
2025-06-01,Barranquilla,4,Empleados,historico,499702.0,13.0,8.0
2025-07-01,Barranquilla,4,Empleados,historico,7622719.8,26.0,20.0
2025-08-01,Barranquilla,4,Empleados,historico,-7039251.0,12.0,11.0
2025-09-01,Barranquilla,4,Empleados,historico,-785293.8,9.0,7.0
2025-10-01,Barranquilla,4,Empleados,historico,2771022.28,24.0,14.0
2025-11-01,Barranquilla,4,Empleados,historico,47824.0,6.0,5.0
2025-12-01,Barranquilla,4,Empleados,historico,15792026.84,25.0,24.0
2026-01-01,Barranquilla,4,Empleados,historico,-6327260.42,6.0,6.0
2026-02-01,Barranquilla,4,Empleados,historico,-1833054.5,19.0,18.0
2026-03-01,Barranquilla,4,Empleados,historico,-539101.9199999999,15.0,15.0
2026-04-01,Barranquilla,4,Empleados,historico,1109136.0,15.0,8.0
2024-01-01,Barranquilla,4,Equipo de Transporte,historico,6318607.0,12.0,9.0
2024-02-01,Barranquilla,4,Equipo de Transporte,historico,8661778.0,9.0,5.0
2024-03-01,Barranquilla,4,Equipo de Transporte,historico,10513496.0,13.0,9.0
2024-04-01,Barranquilla,4,Equipo de Transporte,historico,4779057.0,14.0,7.0
2024-05-01,Barranquilla,4,Equipo de Transporte,historico,3054450.0,6.0,4.0
2024-06-01,Barranquilla,4,Equipo de Transporte,historico,2742892.0,8.0,6.0
2024-07-01,Barranquilla,4,Equipo de Transporte,historico,4996187.8,10.0,9.0
2024-08-01,Barranquilla,4,Equipo de Transporte,historico,5862788.0,11.0,7.0
2024-09-01,Barranquilla,4,Equipo de Transporte,historico,1211632.0,9.0,6.0
2024-10-01,Barranquilla,4,Equipo de Transporte,historico,9898556.0,16.0,11.0
2024-11-01,Barranquilla,4,Equipo de Transporte,historico,7273780.0,17.0,13.0
2024-12-01,Barranquilla,4,Equipo de Transporte,historico,3669879.0,16.0,7.0
2025-01-01,Barranquilla,4,Equipo de Transporte,historico,456378.0,5.0,4.0
2025-02-01,Barranquilla,4,Equipo de Transporte,historico,5234290.0,20.0,13.0
2025-03-01,Barranquilla,4,Equipo de Transporte,historico,9566804.0,13.0,10.0
2025-04-01,Barranquilla,4,Equipo de Transporte,historico,2396060.0,7.0,6.0
2025-05-01,Barranquilla,4,Equipo de Transporte,historico,11961334.0,15.0,12.0
2025-06-01,Barranquilla,4,Equipo de Transporte,historico,4058582.7199999997,10.0,7.0
2025-07-01,Barranquilla,4,Equipo de Transporte,historico,10117833.0,15.0,8.0
2025-08-01,Barranquilla,4,Equipo de Transporte,historico,2898468.0,5.0,4.0
2025-09-01,Barranquilla,4,Equipo de Transporte,historico,5891773.0,17.0,12.0
2025-10-01,Barranquilla,4,Equipo de Transporte,historico,4496864.0,13.0,7.0
2025-11-01,Barranquilla,4,Equipo de Transporte,historico,2318238.0,7.0,5.0
2025-12-01,Barranquilla,4,Equipo de Transporte,historico,2874000.0,5.0,3.0
2026-01-01,Barranquilla,4,Equipo de Transporte,historico,589700.0,1.0,1.0
2026-02-01,Barranquilla,4,Equipo de Transporte,historico,12892264.53,43.0,20.0
2026-03-01,Barranquilla,4,Equipo de Transporte,historico,7937170.0,13.0,11.0
2026-04-01,Barranquilla,4,Equipo de Transporte,historico,2883773.0,8.0,5.0
2024-01-01,Barranquilla,4,Food,historico,289705184.58,317.0,204.0
2024-02-01,Barranquilla,4,Food,historico,251183244.5,288.0,175.0
2024-03-01,Barranquilla,4,Food,historico,320980403.75,421.0,197.0
2024-04-01,Barranquilla,4,Food,historico,385697655.8,464.0,246.0
2024-05-01,Barranquilla,4,Food,historico,278000557.59000003,379.0,207.0
2024-06-01,Barranquilla,4,Food,historico,263311545.17000002,341.0,187.0
2024-07-01,Barranquilla,4,Food,historico,280775867.57,396.0,206.0
2024-08-01,Barranquilla,4,Food,historico,301922290.96,376.0,185.0
2024-09-01,Barranquilla,4,Food,historico,334026660.78,417.0,218.0
2024-10-01,Barranquilla,4,Food,historico,344009969.11,452.0,233.0
2024-11-01,Barranquilla,4,Food,historico,339528333.8,371.0,185.0
2024-12-01,Barranquilla,4,Food,historico,210174344.32,340.0,187.0
2025-01-01,Barranquilla,4,Food,historico,317095814.5,369.0,219.0
2025-02-01,Barranquilla,4,Food,historico,354832732.28,426.0,224.0
2025-03-01,Barranquilla,4,Food,historico,278990645.66,437.0,227.0
2025-04-01,Barranquilla,4,Food,historico,255502158.0,345.0,206.0
2025-05-01,Barranquilla,4,Food,historico,274657663.2,426.0,209.0
2025-06-01,Barranquilla,4,Food,historico,309837547.9,296.0,186.0
2025-07-01,Barranquilla,4,Food,historico,324955924.95,474.0,278.0
2025-08-01,Barranquilla,4,Food,historico,247533287.94,357.0,184.0
2025-09-01,Barranquilla,4,Food,historico,382851932.28,478.0,242.0
2025-10-01,Barranquilla,4,Food,historico,391974984.42,487.0,242.0
2025-11-01,Barranquilla,4,Food,historico,302384059.82,392.0,197.0
2025-12-01,Barranquilla,4,Food,historico,287480653.32,368.0,193.0
2026-01-01,Barranquilla,4,Food,historico,270310158.7,354.0,182.0
2026-02-01,Barranquilla,4,Food,historico,266145648.0,353.0,197.0
2026-03-01,Barranquilla,4,Food,historico,279204619.6,378.0,193.0
2026-04-01,Barranquilla,4,Food,historico,213221200.5,298.0,172.0
2024-01-01,Barranquilla,4,Health/Social,historico,1617000.0,1.0,1.0
2024-02-01,Barranquilla,4,Health/Social,historico,1750500.0,2.0,1.0
2024-03-01,Barranquilla,4,Health/Social,historico,662565.0,2.0,2.0
2024-04-01,Barranquilla,4,Health/Social,historico,4839783.0,12.0,7.0
2024-05-01,Barranquilla,4,Health/Social,historico,2728935.0,10.0,6.0
2024-06-01,Barranquilla,4,Health/Social,historico,4456167.0,14.0,4.0
2024-07-01,Barranquilla,4,Health/Social,historico,1728099.0,4.0,3.0
2024-08-01,Barranquilla,4,Health/Social,historico,2626011.0,9.0,5.0
2024-09-01,Barranquilla,4,Health/Social,historico,4563768.0,11.0,7.0
2024-10-01,Barranquilla,4,Health/Social,historico,1759932.0,3.0,2.0
2024-11-01,Barranquilla,4,Health/Social,historico,3023248.0,8.0,6.0
2024-12-01,Barranquilla,4,Health/Social,historico,2101179.0,4.0,2.0
2025-01-01,Barranquilla,4,Health/Social,historico,7568393.0,9.0,7.0
2025-02-01,Barranquilla,4,Health/Social,historico,6009512.0,12.0,9.0
2025-03-01,Barranquilla,4,Health/Social,historico,13882896.0,16.0,9.0
2025-04-01,Barranquilla,4,Health/Social,historico,32269339.0,17.0,10.0
2025-05-01,Barranquilla,4,Health/Social,historico,16954593.0,17.0,7.0
2025-06-01,Barranquilla,4,Health/Social,historico,2947724.0,6.0,3.0
2025-07-01,Barranquilla,4,Health/Social,historico,3892663.0,11.0,7.0
2025-08-01,Barranquilla,4,Health/Social,historico,9144058.0,8.0,6.0
2025-09-01,Barranquilla,4,Health/Social,historico,6719020.0,10.0,8.0
2025-10-01,Barranquilla,4,Health/Social,historico,13752790.0,11.0,8.0
2025-11-01,Barranquilla,4,Health/Social,historico,2657850.0,5.0,3.0
2025-12-01,Barranquilla,4,Health/Social,historico,16720665.0,20.0,11.0
2026-01-01,Barranquilla,4,Health/Social,historico,6591610.0,9.0,6.0
2026-02-01,Barranquilla,4,Health/Social,historico,3168300.0,5.0,4.0
2026-03-01,Barranquilla,4,Health/Social,historico,11581550.0,9.0,7.0
2026-04-01,Barranquilla,4,Health/Social,historico,9565193.0,17.0,7.0
2024-01-01,Barranquilla,4,Hidrocarburo,historico,48238955.0,35.0,17.0
2024-02-01,Barranquilla,4,Hidrocarburo,historico,36635780.0,69.0,26.0
2024-03-01,Barranquilla,4,Hidrocarburo,historico,71508435.0,47.0,16.0
2024-04-01,Barranquilla,4,Hidrocarburo,historico,77265960.0,24.0,18.0
2024-05-01,Barranquilla,4,Hidrocarburo,historico,41990033.0,62.0,30.0
2024-06-01,Barranquilla,4,Hidrocarburo,historico,58885766.0,41.0,21.0
2024-07-01,Barranquilla,4,Hidrocarburo,historico,62852964.0,60.0,25.0
2024-08-01,Barranquilla,4,Hidrocarburo,historico,37572809.5,51.0,19.0
2024-09-01,Barranquilla,4,Hidrocarburo,historico,16059847.0,34.0,20.0
2024-10-01,Barranquilla,4,Hidrocarburo,historico,15430625.0,25.0,16.0
2024-11-01,Barranquilla,4,Hidrocarburo,historico,23759948.0,56.0,23.0
2024-12-01,Barranquilla,4,Hidrocarburo,historico,29692728.0,38.0,20.0
2025-01-01,Barranquilla,4,Hidrocarburo,historico,34401120.0,26.0,20.0
2025-02-01,Barranquilla,4,Hidrocarburo,historico,21897719.7,40.0,18.0
2025-03-01,Barranquilla,4,Hidrocarburo,historico,122694100.0,33.0,15.0
2025-04-01,Barranquilla,4,Hidrocarburo,historico,22356555.0,26.0,20.0
2025-05-01,Barranquilla,4,Hidrocarburo,historico,62512640.0,52.0,19.0
2025-06-01,Barranquilla,4,Hidrocarburo,historico,77320580.0,39.0,22.0
2025-07-01,Barranquilla,4,Hidrocarburo,historico,46551835.22,63.0,24.0
2025-08-01,Barranquilla,4,Hidrocarburo,historico,34475227.0,41.0,19.0
2025-09-01,Barranquilla,4,Hidrocarburo,historico,49814551.0,58.0,31.0
2025-10-01,Barranquilla,4,Hidrocarburo,historico,47448016.0,37.0,22.0
2025-11-01,Barranquilla,4,Hidrocarburo,historico,42960440.4,49.0,29.0
2025-12-01,Barranquilla,4,Hidrocarburo,historico,30707758.62,43.0,18.0
2026-01-01,Barranquilla,4,Hidrocarburo,historico,12366086.0,16.0,6.0
2026-02-01,Barranquilla,4,Hidrocarburo,historico,67856475.0,39.0,23.0
2026-03-01,Barranquilla,4,Hidrocarburo,historico,16416720.0,31.0,18.0
2026-04-01,Barranquilla,4,Hidrocarburo,historico,95892557.0,43.0,26.0
2024-01-01,Barranquilla,4,Industria,historico,539756710.3,271.0,158.0
2024-02-01,Barranquilla,4,Industria,historico,279526766.52,282.0,160.0
2024-03-01,Barranquilla,4,Industria,historico,599539615.0,300.0,175.0
2024-04-01,Barranquilla,4,Industria,historico,473948805.0,356.0,206.0
2024-05-01,Barranquilla,4,Industria,historico,606818797.5,342.0,213.0
2024-06-01,Barranquilla,4,Industria,historico,410077590.0,287.0,181.0
2024-07-01,Barranquilla,4,Industria,historico,577470840.96,370.0,214.0
2024-08-01,Barranquilla,4,Industria,historico,692664201.44,405.0,211.0
2024-09-01,Barranquilla,4,Industria,historico,928558307.0,476.0,233.0
2024-10-01,Barranquilla,4,Industria,historico,830289324.0,445.0,255.0
2024-11-01,Barranquilla,4,Industria,historico,891190783.0,408.0,244.0
2024-12-01,Barranquilla,4,Industria,historico,506387742.0,407.0,191.0
2025-01-01,Barranquilla,4,Industria,historico,440953686.6,385.0,209.0
2025-02-01,Barranquilla,4,Industria,historico,370778689.0,372.0,212.0
2025-03-01,Barranquilla,4,Industria,historico,880581471.86,331.0,197.0
2025-04-01,Barranquilla,4,Industria,historico,748130081.3,378.0,224.0
2025-05-01,Barranquilla,4,Industria,historico,732578951.95,465.0,228.0
2025-06-01,Barranquilla,4,Industria,historico,633407832.0,407.0,230.0
2025-07-01,Barranquilla,4,Industria,historico,835298261.97,374.0,206.0
2025-08-01,Barranquilla,4,Industria,historico,751052571.46,404.0,205.0
2025-09-01,Barranquilla,4,Industria,historico,1070082613.65,495.0,262.0
2025-10-01,Barranquilla,4,Industria,historico,651717288.75,450.0,249.0
2025-11-01,Barranquilla,4,Industria,historico,938205787.9,410.0,219.0
2025-12-01,Barranquilla,4,Industria,historico,853146250.0,325.0,178.0
2026-01-01,Barranquilla,4,Industria,historico,578140622.0,373.0,177.0
2026-02-01,Barranquilla,4,Industria,historico,441256020.1,341.0,198.0
2026-03-01,Barranquilla,4,Industria,historico,721034623.0,457.0,284.0
2026-04-01,Barranquilla,4,Industria,historico,798551192.0,554.0,286.0
2024-01-01,Barranquilla,4,Madera y Papel,historico,22032931.0,32.0,23.0
2024-02-01,Barranquilla,4,Madera y Papel,historico,28253982.0,55.0,32.0
2024-03-01,Barranquilla,4,Madera y Papel,historico,38223686.0,37.0,28.0
2024-04-01,Barranquilla,4,Madera y Papel,historico,43508063.0,57.0,31.0
2024-05-01,Barranquilla,4,Madera y Papel,historico,27237256.0,56.0,36.0
2024-06-01,Barranquilla,4,Madera y Papel,historico,39675771.0,64.0,37.0
2024-07-01,Barranquilla,4,Madera y Papel,historico,54118215.4,76.0,44.0
2024-08-01,Barranquilla,4,Madera y Papel,historico,32039452.1,56.0,36.0
2024-09-01,Barranquilla,4,Madera y Papel,historico,17413786.0,50.0,33.0
2024-10-01,Barranquilla,4,Madera y Papel,historico,41402192.0,51.0,39.0
2024-11-01,Barranquilla,4,Madera y Papel,historico,48369552.0,53.0,27.0
2024-12-01,Barranquilla,4,Madera y Papel,historico,22255752.0,39.0,27.0
2025-01-01,Barranquilla,4,Madera y Papel,historico,37022510.4,42.0,31.0
2025-02-01,Barranquilla,4,Madera y Papel,historico,42412837.0,44.0,31.0
2025-03-01,Barranquilla,4,Madera y Papel,historico,29178248.3,52.0,34.0
2025-04-01,Barranquilla,4,Madera y Papel,historico,25525578.0,65.0,35.0
2025-05-01,Barranquilla,4,Madera y Papel,historico,33594080.0,52.0,34.0
2025-06-01,Barranquilla,4,Madera y Papel,historico,27708128.0,48.0,28.0
2025-07-01,Barranquilla,4,Madera y Papel,historico,31378995.8,65.0,51.0
2025-08-01,Barranquilla,4,Madera y Papel,historico,36364270.0,54.0,33.0
2025-09-01,Barranquilla,4,Madera y Papel,historico,29539423.8,68.0,43.0
2025-10-01,Barranquilla,4,Madera y Papel,historico,59381456.6,77.0,46.0
2025-11-01,Barranquilla,4,Madera y Papel,historico,25785877.0,44.0,31.0
2025-12-01,Barranquilla,4,Madera y Papel,historico,40669305.0,49.0,29.0
2026-01-01,Barranquilla,4,Madera y Papel,historico,27355918.0,47.0,29.0
2026-02-01,Barranquilla,4,Madera y Papel,historico,30209541.6,47.0,32.0
2026-03-01,Barranquilla,4,Madera y Papel,historico,52302435.0,64.0,36.0
2026-04-01,Barranquilla,4,Madera y Papel,historico,54599085.0,92.0,34.0
2024-01-01,Barranquilla,4,Maquinaria y Afines,historico,101988137.0,147.0,71.0
2024-02-01,Barranquilla,4,Maquinaria y Afines,historico,107783233.0,129.0,63.0
2024-03-01,Barranquilla,4,Maquinaria y Afines,historico,100203280.2,123.0,57.0
2024-04-01,Barranquilla,4,Maquinaria y Afines,historico,115900159.88,217.0,94.0
2024-05-01,Barranquilla,4,Maquinaria y Afines,historico,118238297.0,138.0,73.0
2024-06-01,Barranquilla,4,Maquinaria y Afines,historico,78411052.0,151.0,64.0
2024-07-01,Barranquilla,4,Maquinaria y Afines,historico,84927090.52,199.0,87.0
2024-08-01,Barranquilla,4,Maquinaria y Afines,historico,111393850.5,227.0,80.0
2024-09-01,Barranquilla,4,Maquinaria y Afines,historico,118375240.0,224.0,86.0
2024-10-01,Barranquilla,4,Maquinaria y Afines,historico,118184630.0,195.0,79.0
2024-11-01,Barranquilla,4,Maquinaria y Afines,historico,90357571.5,191.0,87.0
2024-12-01,Barranquilla,4,Maquinaria y Afines,historico,119084661.0,175.0,82.0
2025-01-01,Barranquilla,4,Maquinaria y Afines,historico,76961507.0,149.0,65.0
2025-02-01,Barranquilla,4,Maquinaria y Afines,historico,97878373.0,171.0,91.0
2025-03-01,Barranquilla,4,Maquinaria y Afines,historico,106045143.7,184.0,83.0
2025-04-01,Barranquilla,4,Maquinaria y Afines,historico,88979615.0,147.0,69.0
2025-05-01,Barranquilla,4,Maquinaria y Afines,historico,70798239.0,221.0,105.0
2025-06-01,Barranquilla,4,Maquinaria y Afines,historico,92422426.0,194.0,93.0
2025-07-01,Barranquilla,4,Maquinaria y Afines,historico,106421502.0,167.0,81.0
2025-08-01,Barranquilla,4,Maquinaria y Afines,historico,108523946.0,158.0,77.0
2025-09-01,Barranquilla,4,Maquinaria y Afines,historico,64938360.0,162.0,64.0
2025-10-01,Barranquilla,4,Maquinaria y Afines,historico,134560221.5,190.0,101.0
2025-11-01,Barranquilla,4,Maquinaria y Afines,historico,110319110.5,119.0,56.0
2025-12-01,Barranquilla,4,Maquinaria y Afines,historico,66711624.0,156.0,69.0
2026-01-01,Barranquilla,4,Maquinaria y Afines,historico,77257237.8,174.0,63.0
2026-02-01,Barranquilla,4,Maquinaria y Afines,historico,75740206.0,135.0,76.0
2026-03-01,Barranquilla,4,Maquinaria y Afines,historico,84739606.0,148.0,77.0
2026-04-01,Barranquilla,4,Maquinaria y Afines,historico,120513154.0,146.0,71.0
2024-01-01,Barranquilla,4,Mining,historico,650279828.39,198.0,140.0
2024-02-01,Barranquilla,4,Mining,historico,1182912412.15,231.0,142.0
2024-03-01,Barranquilla,4,Mining,historico,489312723.13,159.0,112.0
2024-04-01,Barranquilla,4,Mining,historico,1183871854.63,282.0,187.0
2024-05-01,Barranquilla,4,Mining,historico,952352388.5699999,283.0,212.0
2024-06-01,Barranquilla,4,Mining,historico,752310590.48,242.0,143.0
2024-07-01,Barranquilla,4,Mining,historico,1198165173.14,184.0,121.0
2024-08-01,Barranquilla,4,Mining,historico,894834391.0,167.0,104.0
2024-09-01,Barranquilla,4,Mining,historico,734994136.9,214.0,145.0
2024-10-01,Barranquilla,4,Mining,historico,1078331346.0,221.0,136.0
2024-11-01,Barranquilla,4,Mining,historico,867677903.0,126.0,90.0
2024-12-01,Barranquilla,4,Mining,historico,815193259.0,137.0,81.0
2025-01-01,Barranquilla,4,Mining,historico,1015628433.2,216.0,126.0
2025-02-01,Barranquilla,4,Mining,historico,1053711347.0,161.0,112.0
2025-03-01,Barranquilla,4,Mining,historico,754575259.6,167.0,122.0
2025-04-01,Barranquilla,4,Mining,historico,911150981.3,144.0,91.0
2025-05-01,Barranquilla,4,Mining,historico,1028134765.8,169.0,99.0
2025-06-01,Barranquilla,4,Mining,historico,818867944.4,164.0,106.0
2025-07-01,Barranquilla,4,Mining,historico,827147565.13,218.0,119.0
2025-08-01,Barranquilla,4,Mining,historico,780082547.29,178.0,103.0
2025-09-01,Barranquilla,4,Mining,historico,870575683.3100001,198.0,111.0
2025-10-01,Barranquilla,4,Mining,historico,900679625.66,183.0,114.0
2025-11-01,Barranquilla,4,Mining,historico,817293137.9300001,140.0,92.0
2025-12-01,Barranquilla,4,Mining,historico,324180506.81,129.0,71.0
2026-01-01,Barranquilla,4,Mining,historico,1061198817.58,135.0,104.0
2026-02-01,Barranquilla,4,Mining,historico,822892395.15,176.0,107.0
2026-03-01,Barranquilla,4,Mining,historico,602459353.51,134.0,109.0
2026-04-01,Barranquilla,4,Mining,historico,1107129351.98,185.0,109.0
2024-01-01,Barranquilla,4,Persona Natural,historico,826413.26,11.0,10.0
2024-02-01,Barranquilla,4,Persona Natural,historico,300783.76,9.0,8.0
2024-03-01,Barranquilla,4,Persona Natural,historico,536860.0,10.0,8.0
2024-04-01,Barranquilla,4,Persona Natural,historico,679150.0,12.0,9.0
2024-05-01,Barranquilla,4,Persona Natural,historico,1199400.0,13.0,12.0
2024-06-01,Barranquilla,4,Persona Natural,historico,392650.0,7.0,7.0
2024-07-01,Barranquilla,4,Persona Natural,historico,210800.0,4.0,4.0
2024-08-01,Barranquilla,4,Persona Natural,historico,235516.5,10.0,8.0
2024-09-01,Barranquilla,4,Persona Natural,historico,236760.0,10.0,8.0
2024-10-01,Barranquilla,4,Persona Natural,historico,637130.0,13.0,9.0
2024-11-01,Barranquilla,4,Persona Natural,historico,649960.0,11.0,10.0
2024-12-01,Barranquilla,4,Persona Natural,historico,552340.0,10.0,10.0
2025-01-01,Barranquilla,4,Persona Natural,historico,2280661.45,42.0,35.0
2025-02-01,Barranquilla,4,Persona Natural,historico,3080902.0,36.0,31.0
2025-03-01,Barranquilla,4,Persona Natural,historico,5939467.0,76.0,50.0
2025-04-01,Barranquilla,4,Persona Natural,historico,2299454.25,37.0,33.0
2025-05-01,Barranquilla,4,Persona Natural,historico,1277241.8,28.0,22.0
2025-06-01,Barranquilla,4,Persona Natural,historico,756738.0,12.0,12.0
2025-07-01,Barranquilla,4,Persona Natural,historico,2018018.8,31.0,26.0
2025-08-01,Barranquilla,4,Persona Natural,historico,5078778.5,38.0,29.0
2025-09-01,Barranquilla,4,Persona Natural,historico,3084821.0,39.0,28.0
2025-10-01,Barranquilla,4,Persona Natural,historico,2403106.8,35.0,26.0
2025-11-01,Barranquilla,4,Persona Natural,historico,2458780.0,20.0,18.0
2025-12-01,Barranquilla,4,Persona Natural,historico,2867115.83,35.0,29.0
2026-01-01,Barranquilla,4,Persona Natural,historico,1524290.0,29.0,24.0
2026-02-01,Barranquilla,4,Persona Natural,historico,1112145.2,20.0,15.0
2026-03-01,Barranquilla,4,Persona Natural,historico,5809492.0,80.0,65.0
2026-04-01,Barranquilla,4,Persona Natural,historico,3922246.0,58.0,43.0
2024-01-01,Barranquilla,4,Quimico,historico,105548858.0,127.0,80.0
2024-02-01,Barranquilla,4,Quimico,historico,150331338.5,187.0,101.0
2024-03-01,Barranquilla,4,Quimico,historico,129624256.0,146.0,106.0
2024-04-01,Barranquilla,4,Quimico,historico,167118140.0,173.0,131.0
2024-05-01,Barranquilla,4,Quimico,historico,140693830.0,141.0,102.0
2024-06-01,Barranquilla,4,Quimico,historico,140982507.5,171.0,120.0
2024-07-01,Barranquilla,4,Quimico,historico,153950961.0,175.0,106.0
2024-08-01,Barranquilla,4,Quimico,historico,132647100.75,163.0,111.0
2024-09-01,Barranquilla,4,Quimico,historico,163720831.0,178.0,120.0
2024-10-01,Barranquilla,4,Quimico,historico,194444353.0,198.0,124.0
2024-11-01,Barranquilla,4,Quimico,historico,177777899.0,141.0,99.0
2024-12-01,Barranquilla,4,Quimico,historico,211219636.0,192.0,127.0
2025-01-01,Barranquilla,4,Quimico,historico,202633205.0,164.0,107.0
2025-02-01,Barranquilla,4,Quimico,historico,220137591.8,175.0,117.0
2025-03-01,Barranquilla,4,Quimico,historico,164536137.0,238.0,129.0
2025-04-01,Barranquilla,4,Quimico,historico,150909559.45,193.0,116.0
2025-05-01,Barranquilla,4,Quimico,historico,168248636.0,227.0,149.0
2025-06-01,Barranquilla,4,Quimico,historico,177964441.6,212.0,125.0
2025-07-01,Barranquilla,4,Quimico,historico,222320297.14,227.0,152.0
2025-08-01,Barranquilla,4,Quimico,historico,181183438.8,212.0,111.0
2025-09-01,Barranquilla,4,Quimico,historico,172843601.0,246.0,151.0
2025-10-01,Barranquilla,4,Quimico,historico,462284413.85,259.0,131.0
2025-11-01,Barranquilla,4,Quimico,historico,204029609.8,216.0,115.0
2025-12-01,Barranquilla,4,Quimico,historico,238769445.0,230.0,122.0
2026-01-01,Barranquilla,4,Quimico,historico,178846780.5,171.0,89.0
2026-02-01,Barranquilla,4,Quimico,historico,159115370.2,162.0,91.0
2026-03-01,Barranquilla,4,Quimico,historico,319640280.8,188.0,97.0
2026-04-01,Barranquilla,4,Quimico,historico,93415792.0,160.0,88.0
2024-01-01,Barranquilla,4,Servicio de apoyo empresarial,historico,0.0,0.0,0.0
2024-02-01,Barranquilla,4,Servicio de apoyo empresarial,historico,1932069.0,4.0,3.0
2024-03-01,Barranquilla,4,Servicio de apoyo empresarial,historico,3706860.0,2.0,2.0
2024-04-01,Barranquilla,4,Servicio de apoyo empresarial,historico,2979800.0,2.0,2.0
2024-05-01,Barranquilla,4,Servicio de apoyo empresarial,historico,0.0,0.0,0.0
2024-06-01,Barranquilla,4,Servicio de apoyo empresarial,historico,12908100.0,7.0,6.0
2024-07-01,Barranquilla,4,Servicio de apoyo empresarial,historico,5308094.0,7.0,5.0
2024-08-01,Barranquilla,4,Servicio de apoyo empresarial,historico,1706466.0,3.0,3.0
2024-09-01,Barranquilla,4,Servicio de apoyo empresarial,historico,10372288.0,8.0,6.0
2024-10-01,Barranquilla,4,Servicio de apoyo empresarial,historico,1330432.0,5.0,2.0
2024-11-01,Barranquilla,4,Servicio de apoyo empresarial,historico,1727380.0,2.0,2.0
2024-12-01,Barranquilla,4,Servicio de apoyo empresarial,historico,2287975.0,3.0,2.0
2025-01-01,Barranquilla,4,Servicio de apoyo empresarial,historico,1141700.0,7.0,5.0
2025-02-01,Barranquilla,4,Servicio de apoyo empresarial,historico,1415240.0,6.0,5.0
2025-03-01,Barranquilla,4,Servicio de apoyo empresarial,historico,3771698.0,11.0,7.0
2025-04-01,Barranquilla,4,Servicio de apoyo empresarial,historico,1670189.0,4.0,3.0
2025-05-01,Barranquilla,4,Servicio de apoyo empresarial,historico,3163041.0,5.0,4.0
2025-06-01,Barranquilla,4,Servicio de apoyo empresarial,historico,327555.0,4.0,2.0
2025-07-01,Barranquilla,4,Servicio de apoyo empresarial,historico,1213650.0,5.0,3.0
2025-08-01,Barranquilla,4,Servicio de apoyo empresarial,historico,2961693.0,2.0,1.0
2025-09-01,Barranquilla,4,Servicio de apoyo empresarial,historico,5447038.0,10.0,5.0
2025-10-01,Barranquilla,4,Servicio de apoyo empresarial,historico,13889133.0,10.0,8.0
2025-11-01,Barranquilla,4,Servicio de apoyo empresarial,historico,6444619.0,10.0,3.0
2025-12-01,Barranquilla,4,Servicio de apoyo empresarial,historico,13967912.0,8.0,8.0
2026-01-01,Barranquilla,4,Servicio de apoyo empresarial,historico,8374112.0,5.0,3.0
2026-02-01,Barranquilla,4,Servicio de apoyo empresarial,historico,5449681.0,12.0,5.0
2026-03-01,Barranquilla,4,Servicio de apoyo empresarial,historico,8783182.0,21.0,11.0
2026-04-01,Barranquilla,4,Servicio de apoyo empresarial,historico,38645632.0,34.0,15.0
2024-01-01,Barranquilla,4,Servicios Publicos,historico,58442858.95,89.0,37.0
2024-02-01,Barranquilla,4,Servicios Publicos,historico,56849703.0,34.0,24.0
2024-03-01,Barranquilla,4,Servicios Publicos,historico,89634946.0,77.0,24.0
2024-04-01,Barranquilla,4,Servicios Publicos,historico,17797672.0,93.0,37.0
2024-05-01,Barranquilla,4,Servicios Publicos,historico,30556553.2,48.0,27.0
2024-06-01,Barranquilla,4,Servicios Publicos,historico,119677866.0,77.0,32.0
2024-07-01,Barranquilla,4,Servicios Publicos,historico,54029523.2,44.0,30.0
2024-08-01,Barranquilla,4,Servicios Publicos,historico,61970833.0,48.0,32.0
2024-09-01,Barranquilla,4,Servicios Publicos,historico,105506252.0,46.0,30.0
2024-10-01,Barranquilla,4,Servicios Publicos,historico,105299944.0,45.0,21.0
2024-11-01,Barranquilla,4,Servicios Publicos,historico,14369196.0,36.0,23.0
2024-12-01,Barranquilla,4,Servicios Publicos,historico,91000410.0,80.0,35.0
2025-01-01,Barranquilla,4,Servicios Publicos,historico,20315854.4,18.0,12.0
2025-02-01,Barranquilla,4,Servicios Publicos,historico,55861560.2,42.0,20.0
2025-03-01,Barranquilla,4,Servicios Publicos,historico,131301477.0,34.0,23.0
2025-04-01,Barranquilla,4,Servicios Publicos,historico,96340931.0,39.0,21.0
2025-05-01,Barranquilla,4,Servicios Publicos,historico,142142954.0,65.0,35.0
2025-06-01,Barranquilla,4,Servicios Publicos,historico,126370782.0,52.0,31.0
2025-07-01,Barranquilla,4,Servicios Publicos,historico,107846054.0,107.0,39.0
2025-08-01,Barranquilla,4,Servicios Publicos,historico,179619832.0,115.0,25.0
2025-09-01,Barranquilla,4,Servicios Publicos,historico,124229941.6,61.0,27.0
2025-10-01,Barranquilla,4,Servicios Publicos,historico,228264554.0,70.0,33.0
2025-11-01,Barranquilla,4,Servicios Publicos,historico,104789936.0,89.0,34.0
2025-12-01,Barranquilla,4,Servicios Publicos,historico,30573851.0,64.0,23.0
2026-01-01,Barranquilla,4,Servicios Publicos,historico,41902254.0,46.0,26.0
2026-02-01,Barranquilla,4,Servicios Publicos,historico,26781500.0,19.0,10.0
2026-03-01,Barranquilla,4,Servicios Publicos,historico,49767555.0,31.0,15.0
2026-04-01,Barranquilla,4,Servicios Publicos,historico,74725397.0,113.0,37.0
2024-01-01,Barranquilla,4,"Textiles, Confecciones y Cuero",historico,17062024.0,23.0,17.0
2024-02-01,Barranquilla,4,"Textiles, Confecciones y Cuero",historico,16172339.04,18.0,16.0
2024-03-01,Barranquilla,4,"Textiles, Confecciones y Cuero",historico,20928922.0,36.0,28.0
2024-04-01,Barranquilla,4,"Textiles, Confecciones y Cuero",historico,10378986.0,30.0,20.0
2024-05-01,Barranquilla,4,"Textiles, Confecciones y Cuero",historico,14494741.0,34.0,22.0
2024-06-01,Barranquilla,4,"Textiles, Confecciones y Cuero",historico,12025436.0,36.0,25.0
2024-07-01,Barranquilla,4,"Textiles, Confecciones y Cuero",historico,22631972.0,30.0,18.0
2024-08-01,Barranquilla,4,"Textiles, Confecciones y Cuero",historico,17053485.0,28.0,13.0
2024-09-01,Barranquilla,4,"Textiles, Confecciones y Cuero",historico,6638321.99,17.0,12.0
2024-10-01,Barranquilla,4,"Textiles, Confecciones y Cuero",historico,23896570.0,40.0,24.0
2024-11-01,Barranquilla,4,"Textiles, Confecciones y Cuero",historico,126923829.0,37.0,20.0
2024-12-01,Barranquilla,4,"Textiles, Confecciones y Cuero",historico,12045277.01,24.0,17.0
2025-01-01,Barranquilla,4,"Textiles, Confecciones y Cuero",historico,102688077.0,44.0,25.0
2025-02-01,Barranquilla,4,"Textiles, Confecciones y Cuero",historico,68414634.0,23.0,19.0
2025-03-01,Barranquilla,4,"Textiles, Confecciones y Cuero",historico,22063609.0,26.0,19.0
2025-04-01,Barranquilla,4,"Textiles, Confecciones y Cuero",historico,32401964.0,38.0,31.0
2025-05-01,Barranquilla,4,"Textiles, Confecciones y Cuero",historico,6471560.0,17.0,12.0
2025-06-01,Barranquilla,4,"Textiles, Confecciones y Cuero",historico,34078366.0,36.0,25.0
2025-07-01,Barranquilla,4,"Textiles, Confecciones y Cuero",historico,29784428.0,36.0,30.0
2025-08-01,Barranquilla,4,"Textiles, Confecciones y Cuero",historico,26660486.0,25.0,17.0
2025-09-01,Barranquilla,4,"Textiles, Confecciones y Cuero",historico,28875601.0,39.0,27.0
2025-10-01,Barranquilla,4,"Textiles, Confecciones y Cuero",historico,23526948.5,31.0,23.0
2025-11-01,Barranquilla,4,"Textiles, Confecciones y Cuero",historico,48786122.5,43.0,26.0
2025-12-01,Barranquilla,4,"Textiles, Confecciones y Cuero",historico,22319157.0,38.0,21.0
2026-01-01,Barranquilla,4,"Textiles, Confecciones y Cuero",historico,19827375.2,34.0,22.0
2026-02-01,Barranquilla,4,"Textiles, Confecciones y Cuero",historico,55893215.0,30.0,18.0
2026-03-01,Barranquilla,4,"Textiles, Confecciones y Cuero",historico,15441282.0,24.0,19.0
2026-04-01,Barranquilla,4,"Textiles, Confecciones y Cuero",historico,27451199.5,44.0,25.0
2024-01-01,Barranquilla,4,Transporte y Logistica,historico,50919462.0,50.0,26.0
2024-02-01,Barranquilla,4,Transporte y Logistica,historico,35732836.0,54.0,23.0
2024-03-01,Barranquilla,4,Transporte y Logistica,historico,35242346.48,76.0,37.0
2024-04-01,Barranquilla,4,Transporte y Logistica,historico,37841785.0,90.0,33.0
2024-05-01,Barranquilla,4,Transporte y Logistica,historico,25724700.0,68.0,36.0
2024-06-01,Barranquilla,4,Transporte y Logistica,historico,20311811.0,64.0,20.0
2024-07-01,Barranquilla,4,Transporte y Logistica,historico,46568884.0,76.0,34.0
2024-08-01,Barranquilla,4,Transporte y Logistica,historico,33613325.0,75.0,34.0
2024-09-01,Barranquilla,4,Transporte y Logistica,historico,26280111.0,78.0,28.0
2024-10-01,Barranquilla,4,Transporte y Logistica,historico,78880240.0,99.0,37.0
2024-11-01,Barranquilla,4,Transporte y Logistica,historico,87687709.83,95.0,32.0
2024-12-01,Barranquilla,4,Transporte y Logistica,historico,111345340.9,64.0,29.0
2025-01-01,Barranquilla,4,Transporte y Logistica,historico,40617282.4,67.0,32.0
2025-02-01,Barranquilla,4,Transporte y Logistica,historico,96281561.0,107.0,45.0
2025-03-01,Barranquilla,4,Transporte y Logistica,historico,28174339.0,39.0,23.0
2025-04-01,Barranquilla,4,Transporte y Logistica,historico,33224689.29,87.0,38.0
2025-05-01,Barranquilla,4,Transporte y Logistica,historico,102292841.0,45.0,25.0
2025-06-01,Barranquilla,4,Transporte y Logistica,historico,77879350.23,102.0,46.0
2025-07-01,Barranquilla,4,Transporte y Logistica,historico,39391272.0,56.0,29.0
2025-08-01,Barranquilla,4,Transporte y Logistica,historico,67843148.0,52.0,28.0
2025-09-01,Barranquilla,4,Transporte y Logistica,historico,63504705.0,65.0,35.0
2025-10-01,Barranquilla,4,Transporte y Logistica,historico,49918005.2,87.0,44.0
2025-11-01,Barranquilla,4,Transporte y Logistica,historico,29549388.0,71.0,38.0
2025-12-01,Barranquilla,4,Transporte y Logistica,historico,52792975.0,64.0,33.0
2026-01-01,Barranquilla,4,Transporte y Logistica,historico,36115985.0,64.0,25.0
2026-02-01,Barranquilla,4,Transporte y Logistica,historico,41126133.08,76.0,35.0
2026-03-01,Barranquilla,4,Transporte y Logistica,historico,77238238.0,66.0,39.0
2026-04-01,Barranquilla,4,Transporte y Logistica,historico,58691658.0,85.0,37.0
2024-01-01,Cartagena,5,0,historico,44305711.32,225.0,173.0
2024-02-01,Cartagena,5,0,historico,46878934.67,296.0,212.0
2024-03-01,Cartagena,5,0,historico,45965989.67,279.0,190.0
2024-04-01,Cartagena,5,0,historico,27437532.54,270.0,194.0
2024-05-01,Cartagena,5,0,historico,24894155.0,252.0,188.0
2024-06-01,Cartagena,5,0,historico,36185299.7,220.0,158.0
2024-07-01,Cartagena,5,0,historico,29365575.6,221.0,169.0
2024-08-01,Cartagena,5,0,historico,35687368.5,216.0,156.0
2024-09-01,Cartagena,5,0,historico,34590512.89,253.0,166.0
2024-10-01,Cartagena,5,0,historico,40089874.85,258.0,192.0
2024-11-01,Cartagena,5,0,historico,29119395.5,225.0,165.0
2024-12-01,Cartagena,5,0,historico,31883174.2,206.0,161.0
2025-01-01,Cartagena,5,0,historico,25660629.85,214.0,153.0
2025-02-01,Cartagena,5,0,historico,22143692.1,165.0,110.0
2025-03-01,Cartagena,5,0,historico,18377019.9,191.0,142.0
2025-04-01,Cartagena,5,0,historico,20561621.71,183.0,132.0
2025-05-01,Cartagena,5,0,historico,21367310.11,157.0,120.0
2025-06-01,Cartagena,5,0,historico,23937551.33,152.0,102.0
2025-07-01,Cartagena,5,0,historico,23210888.830000002,212.0,145.0
2025-08-01,Cartagena,5,0,historico,13383099.69,137.0,103.0
2025-09-01,Cartagena,5,0,historico,18464526.09,165.0,127.0
2025-10-01,Cartagena,5,0,historico,18888102.45,145.0,104.0
2025-11-01,Cartagena,5,0,historico,15621003.58,129.0,99.0
2025-12-01,Cartagena,5,0,historico,15604448.26,162.0,113.0
2026-01-01,Cartagena,5,0,historico,15169884.25,152.0,114.0
2026-02-01,Cartagena,5,0,historico,11814935.64,146.0,97.0
2026-03-01,Cartagena,5,0,historico,9705449.5,82.0,62.0
2026-04-01,Cartagena,5,0,historico,12662081.5,115.0,87.0
2024-01-01,Cartagena,5,Caucho y Plasticos,historico,1966383.0,9.0,7.0
2024-02-01,Cartagena,5,Caucho y Plasticos,historico,1648765.0,7.0,6.0
2024-03-01,Cartagena,5,Caucho y Plasticos,historico,995985.0,4.0,4.0
2024-04-01,Cartagena,5,Caucho y Plasticos,historico,1646950.0,8.0,3.0
2024-05-01,Cartagena,5,Caucho y Plasticos,historico,1375559.0,5.0,2.0
2024-06-01,Cartagena,5,Caucho y Plasticos,historico,600525.0,1.0,1.0
2024-07-01,Cartagena,5,Caucho y Plasticos,historico,2478223.0,3.0,3.0
2024-08-01,Cartagena,5,Caucho y Plasticos,historico,1239816.0,4.0,4.0
2024-09-01,Cartagena,5,Caucho y Plasticos,historico,2770108.0,8.0,6.0
2024-10-01,Cartagena,5,Caucho y Plasticos,historico,732055.0,6.0,3.0
2024-11-01,Cartagena,5,Caucho y Plasticos,historico,969694.0,7.0,7.0
2024-12-01,Cartagena,5,Caucho y Plasticos,historico,3777600.0,5.0,4.0
2025-01-01,Cartagena,5,Caucho y Plasticos,historico,3403355.0,10.0,7.0
2025-02-01,Cartagena,5,Caucho y Plasticos,historico,3096371.52,7.0,7.0
2025-03-01,Cartagena,5,Caucho y Plasticos,historico,1558195.0,10.0,3.0
2025-04-01,Cartagena,5,Caucho y Plasticos,historico,2541515.0,9.0,9.0
2025-05-01,Cartagena,5,Caucho y Plasticos,historico,1754440.0,6.0,6.0
2025-06-01,Cartagena,5,Caucho y Plasticos,historico,17251727.0,7.0,3.0
2025-07-01,Cartagena,5,Caucho y Plasticos,historico,1712562.0,9.0,5.0
2025-08-01,Cartagena,5,Caucho y Plasticos,historico,1634520.0,3.0,2.0
2025-09-01,Cartagena,5,Caucho y Plasticos,historico,1269984.0,11.0,6.0
2025-10-01,Cartagena,5,Caucho y Plasticos,historico,3576887.0,14.0,7.0
2025-11-01,Cartagena,5,Caucho y Plasticos,historico,969340.0,5.0,5.0
2025-12-01,Cartagena,5,Caucho y Plasticos,historico,1084966.0,7.0,6.0
2026-01-01,Cartagena,5,Caucho y Plasticos,historico,996420.1799999999,4.0,3.0
2026-02-01,Cartagena,5,Caucho y Plasticos,historico,586605.12,7.0,3.0
2026-03-01,Cartagena,5,Caucho y Plasticos,historico,3719840.36,17.0,13.0
2026-04-01,Cartagena,5,Caucho y Plasticos,historico,2178670.24,11.0,10.0
2024-01-01,Cartagena,5,Comercio,historico,256894896.39,744.0,365.0
2024-02-01,Cartagena,5,Comercio,historico,233378656.09,920.0,382.0
2024-03-01,Cartagena,5,Comercio,historico,268060874.64,839.0,382.0
2024-04-01,Cartagena,5,Comercio,historico,272387684.52,872.0,393.0
2024-05-01,Cartagena,5,Comercio,historico,330065616.5,845.0,388.0
2024-06-01,Cartagena,5,Comercio,historico,299458967.1,903.0,377.0
2024-07-01,Cartagena,5,Comercio,historico,321896697.0,962.0,451.0
2024-08-01,Cartagena,5,Comercio,historico,327528984.5,891.0,400.0
2024-09-01,Cartagena,5,Comercio,historico,340736992.6,1241.0,512.0
2024-10-01,Cartagena,5,Comercio,historico,288142817.45,1004.0,467.0
2024-11-01,Cartagena,5,Comercio,historico,270163162.5,920.0,409.0
2024-12-01,Cartagena,5,Comercio,historico,278897458.0,877.0,387.0
2025-01-01,Cartagena,5,Comercio,historico,287063487.7,975.0,457.0
2025-02-01,Cartagena,5,Comercio,historico,344118071.35,1147.0,537.0
2025-03-01,Cartagena,5,Comercio,historico,360551569.68,1062.0,490.0
2025-04-01,Cartagena,5,Comercio,historico,317689556.85,1065.0,449.0
2025-05-01,Cartagena,5,Comercio,historico,300000058.24,982.0,459.0
2025-06-01,Cartagena,5,Comercio,historico,364632828.42,1154.0,470.0
2025-07-01,Cartagena,5,Comercio,historico,472660563.6,1599.0,651.0
2025-08-01,Cartagena,5,Comercio,historico,396189689.86,1279.0,525.0
2025-09-01,Cartagena,5,Comercio,historico,421135666.17,1514.0,599.0
2025-10-01,Cartagena,5,Comercio,historico,362749648.79,1231.0,542.0
2025-11-01,Cartagena,5,Comercio,historico,364100926.49,1067.0,432.0
2025-12-01,Cartagena,5,Comercio,historico,411064339.79,1207.0,456.0
2026-01-01,Cartagena,5,Comercio,historico,373945554.3,1181.0,469.0
2026-02-01,Cartagena,5,Comercio,historico,362736713.8,1052.0,454.0
2026-03-01,Cartagena,5,Comercio,historico,356726289.94,1068.0,491.0
2026-04-01,Cartagena,5,Comercio,historico,382825575.0,1123.0,449.0
2024-01-01,Cartagena,5,Construction,historico,111227123.2,295.0,132.0
2024-02-01,Cartagena,5,Construction,historico,149682905.8,342.0,161.0
2024-03-01,Cartagena,5,Construction,historico,113199825.0,325.0,134.0
2024-04-01,Cartagena,5,Construction,historico,188314449.5,402.0,181.0
2024-05-01,Cartagena,5,Construction,historico,252559072.8,435.0,189.0
2024-06-01,Cartagena,5,Construction,historico,158754925.0,371.0,154.0
2024-07-01,Cartagena,5,Construction,historico,199533611.2,328.0,163.0
2024-08-01,Cartagena,5,Construction,historico,164309597.0,395.0,176.0
2024-09-01,Cartagena,5,Construction,historico,200129174.7,371.0,179.0
2024-10-01,Cartagena,5,Construction,historico,112765831.6,467.0,212.0
2024-11-01,Cartagena,5,Construction,historico,186105598.12,463.0,169.0
2024-12-01,Cartagena,5,Construction,historico,111943945.2,341.0,151.0
2025-01-01,Cartagena,5,Construction,historico,172697122.6,394.0,177.0
2025-02-01,Cartagena,5,Construction,historico,124298829.14,419.0,190.0
2025-03-01,Cartagena,5,Construction,historico,172743451.6,491.0,227.0
2025-04-01,Cartagena,5,Construction,historico,160616804.68,426.0,197.0
2025-05-01,Cartagena,5,Construction,historico,182728955.14,442.0,222.0
2025-06-01,Cartagena,5,Construction,historico,183500991.92000002,369.0,175.0
2025-07-01,Cartagena,5,Construction,historico,159829057.47,483.0,223.0
2025-08-01,Cartagena,5,Construction,historico,180548052.2,572.0,227.0
2025-09-01,Cartagena,5,Construction,historico,172747439.97,594.0,239.0
2025-10-01,Cartagena,5,Construction,historico,235171335.44,641.0,261.0
2025-11-01,Cartagena,5,Construction,historico,220327192.2,475.0,212.0
2025-12-01,Cartagena,5,Construction,historico,213707749.08,551.0,195.0
2026-01-01,Cartagena,5,Construction,historico,186562405.68,530.0,207.0
2026-02-01,Cartagena,5,Construction,historico,172059928.46,481.0,221.0
2026-03-01,Cartagena,5,Construction,historico,342461952.38,635.0,251.0
2026-04-01,Cartagena,5,Construction,historico,267893061.83,580.0,244.0
2024-01-01,Cartagena,5,Empleados,historico,823884.0,19.0,17.0
2024-02-01,Cartagena,5,Empleados,historico,552898.0,17.0,14.0
2024-03-01,Cartagena,5,Empleados,historico,439810.0,13.0,13.0
2024-04-01,Cartagena,5,Empleados,historico,528655.0,16.0,13.0
2024-05-01,Cartagena,5,Empleados,historico,818346.0,20.0,15.0
2024-06-01,Cartagena,5,Empleados,historico,462478.0,8.0,7.0
2024-07-01,Cartagena,5,Empleados,historico,652021.0,16.0,16.0
2024-08-01,Cartagena,5,Empleados,historico,868216.0,27.0,20.0
2024-09-01,Cartagena,5,Empleados,historico,288356.0,15.0,12.0
2024-10-01,Cartagena,5,Empleados,historico,3157847.0,45.0,36.0
2024-11-01,Cartagena,5,Empleados,historico,1459888.07,23.0,18.0
2024-12-01,Cartagena,5,Empleados,historico,15006064.2,18.0,16.0
2025-01-01,Cartagena,5,Empleados,historico,4747179.0,20.0,18.0
2025-02-01,Cartagena,5,Empleados,historico,-13840613.0,42.0,38.0
2025-03-01,Cartagena,5,Empleados,historico,607833.0,19.0,13.0
2025-04-01,Cartagena,5,Empleados,historico,2100317.04,32.0,20.0
2025-05-01,Cartagena,5,Empleados,historico,2820422.0,30.0,23.0
2025-06-01,Cartagena,5,Empleados,historico,4023483.86,25.0,18.0
2025-07-01,Cartagena,5,Empleados,historico,4324777.25,84.0,55.0
2025-08-01,Cartagena,5,Empleados,historico,-359359.0,50.0,27.0
2025-09-01,Cartagena,5,Empleados,historico,619889.0,13.0,12.0
2025-10-01,Cartagena,5,Empleados,historico,2632593.84,57.0,45.0
2025-11-01,Cartagena,5,Empleados,historico,219748.0,12.0,11.0
2025-12-01,Cartagena,5,Empleados,historico,2448714.0,43.0,38.0
2026-01-01,Cartagena,5,Empleados,historico,36567887.0,67.0,40.0
2026-02-01,Cartagena,5,Empleados,historico,1743661.5,35.0,31.0
2026-03-01,Cartagena,5,Empleados,historico,282422.0,28.0,22.0
2026-04-01,Cartagena,5,Empleados,historico,634794.0,23.0,20.0
2024-01-01,Cartagena,5,Equipo de Transporte,historico,1504748.0,2.0,1.0
2024-02-01,Cartagena,5,Equipo de Transporte,historico,2189422.0,6.0,5.0
2024-03-01,Cartagena,5,Equipo de Transporte,historico,4190000.0,2.0,2.0
2024-04-01,Cartagena,5,Equipo de Transporte,historico,19549496.0,5.0,4.0
2024-05-01,Cartagena,5,Equipo de Transporte,historico,0.0,0.0,0.0
2024-06-01,Cartagena,5,Equipo de Transporte,historico,0.0,0.0,0.0
2024-07-01,Cartagena,5,Equipo de Transporte,historico,26300000.0,5.0,5.0
2024-08-01,Cartagena,5,Equipo de Transporte,historico,8500000.0,1.0,1.0
2024-09-01,Cartagena,5,Equipo de Transporte,historico,17000000.0,1.0,1.0
2024-10-01,Cartagena,5,Equipo de Transporte,historico,12209460.0,6.0,3.0
2024-11-01,Cartagena,5,Equipo de Transporte,historico,1030000.0,2.0,2.0
2024-12-01,Cartagena,5,Equipo de Transporte,historico,1177057.0,3.0,2.0
2025-01-01,Cartagena,5,Equipo de Transporte,historico,1059554.0,3.0,3.0
2025-02-01,Cartagena,5,Equipo de Transporte,historico,9023970.0,2.0,2.0
2025-03-01,Cartagena,5,Equipo de Transporte,historico,0.0,0.0,0.0
2025-04-01,Cartagena,5,Equipo de Transporte,historico,217856.0,5.0,2.0
2025-05-01,Cartagena,5,Equipo de Transporte,historico,19146932.0,8.0,7.0
2025-06-01,Cartagena,5,Equipo de Transporte,historico,587436.0,6.0,2.0
2025-07-01,Cartagena,5,Equipo de Transporte,historico,1762730.0,6.0,3.0
2025-08-01,Cartagena,5,Equipo de Transporte,historico,158340.0,1.0,1.0
2025-09-01,Cartagena,5,Equipo de Transporte,historico,3813460.0,5.0,4.0
2025-10-01,Cartagena,5,Equipo de Transporte,historico,4804075.0,3.0,3.0
2025-11-01,Cartagena,5,Equipo de Transporte,historico,3126271.0,5.0,5.0
2025-12-01,Cartagena,5,Equipo de Transporte,historico,11601380.0,15.0,9.0
2026-01-01,Cartagena,5,Equipo de Transporte,historico,5280400.0,8.0,5.0
2026-02-01,Cartagena,5,Equipo de Transporte,historico,6485155.0,19.0,12.0
2026-03-01,Cartagena,5,Equipo de Transporte,historico,3866858.0,7.0,6.0
2026-04-01,Cartagena,5,Equipo de Transporte,historico,2901762.0,6.0,3.0
2024-01-01,Cartagena,5,Food,historico,165773976.75,195.0,106.0
2024-02-01,Cartagena,5,Food,historico,155834802.14,233.0,116.0
2024-03-01,Cartagena,5,Food,historico,82225948.0,202.0,111.0
2024-04-01,Cartagena,5,Food,historico,195334653.0,282.0,121.0
2024-05-01,Cartagena,5,Food,historico,122526937.4,256.0,125.0
2024-06-01,Cartagena,5,Food,historico,132281964.0,234.0,106.0
2024-07-01,Cartagena,5,Food,historico,183590571.0,290.0,149.0
2024-08-01,Cartagena,5,Food,historico,152571506.0,261.0,118.0
2024-09-01,Cartagena,5,Food,historico,159043624.64,296.0,152.0
2024-10-01,Cartagena,5,Food,historico,139122510.3,265.0,147.0
2024-11-01,Cartagena,5,Food,historico,161299262.72,277.0,132.0
2024-12-01,Cartagena,5,Food,historico,177661281.0,282.0,132.0
2025-01-01,Cartagena,5,Food,historico,165492083.0,319.0,156.0
2025-02-01,Cartagena,5,Food,historico,254959588.3,252.0,136.0
2025-03-01,Cartagena,5,Food,historico,143558199.0,261.0,131.0
2025-04-01,Cartagena,5,Food,historico,225020517.0,338.0,160.0
2025-05-01,Cartagena,5,Food,historico,135904692.0,230.0,119.0
2025-06-01,Cartagena,5,Food,historico,152270662.5,246.0,116.0
2025-07-01,Cartagena,5,Food,historico,178889323.4,361.0,175.0
2025-08-01,Cartagena,5,Food,historico,258923782.48,434.0,181.0
2025-09-01,Cartagena,5,Food,historico,231236457.57,380.0,181.0
2025-10-01,Cartagena,5,Food,historico,158458326.95,271.0,130.0
2025-11-01,Cartagena,5,Food,historico,203565742.36,348.0,160.0
2025-12-01,Cartagena,5,Food,historico,122885714.89,239.0,127.0
2026-01-01,Cartagena,5,Food,historico,213317127.79,420.0,201.0
2026-02-01,Cartagena,5,Food,historico,294959993.5,461.0,195.0
2026-03-01,Cartagena,5,Food,historico,157002513.8,341.0,176.0
2026-04-01,Cartagena,5,Food,historico,347952182.4,533.0,201.0
2024-01-01,Cartagena,5,Health/Social,historico,3480211.0,8.0,5.0
2024-02-01,Cartagena,5,Health/Social,historico,10553905.0,18.0,10.0
2024-03-01,Cartagena,5,Health/Social,historico,11084320.0,22.0,10.0
2024-04-01,Cartagena,5,Health/Social,historico,14766358.0,16.0,7.0
2024-05-01,Cartagena,5,Health/Social,historico,14027347.0,12.0,7.0
2024-06-01,Cartagena,5,Health/Social,historico,21043765.0,27.0,15.0
2024-07-01,Cartagena,5,Health/Social,historico,10806976.0,17.0,9.0
2024-08-01,Cartagena,5,Health/Social,historico,14076406.0,20.0,8.0
2024-09-01,Cartagena,5,Health/Social,historico,15939468.0,23.0,7.0
2024-10-01,Cartagena,5,Health/Social,historico,12704392.0,11.0,5.0
2024-11-01,Cartagena,5,Health/Social,historico,15929080.0,15.0,8.0
2024-12-01,Cartagena,5,Health/Social,historico,18410881.0,16.0,6.0
2025-01-01,Cartagena,5,Health/Social,historico,14369515.0,16.0,8.0
2025-02-01,Cartagena,5,Health/Social,historico,16612171.0,10.0,6.0
2025-03-01,Cartagena,5,Health/Social,historico,13956614.0,9.0,6.0
2025-04-01,Cartagena,5,Health/Social,historico,8295040.0,10.0,5.0
2025-05-01,Cartagena,5,Health/Social,historico,37833193.0,51.0,23.0
2025-06-01,Cartagena,5,Health/Social,historico,17607973.0,18.0,6.0
2025-07-01,Cartagena,5,Health/Social,historico,27671279.0,31.0,14.0
2025-08-01,Cartagena,5,Health/Social,historico,16997198.0,19.0,7.0
2025-09-01,Cartagena,5,Health/Social,historico,24196433.0,19.0,13.0
2025-10-01,Cartagena,5,Health/Social,historico,41677430.0,40.0,25.0
2025-11-01,Cartagena,5,Health/Social,historico,50408060.0,26.0,16.0
2025-12-01,Cartagena,5,Health/Social,historico,24144328.0,21.0,11.0
2026-01-01,Cartagena,5,Health/Social,historico,58465760.0,35.0,17.0
2026-02-01,Cartagena,5,Health/Social,historico,10839923.0,15.0,10.0
2026-03-01,Cartagena,5,Health/Social,historico,34053687.0,33.0,13.0
2026-04-01,Cartagena,5,Health/Social,historico,37837251.0,30.0,14.0
2024-01-01,Cartagena,5,Hidrocarburo,historico,164238472.24,109.0,54.0
2024-02-01,Cartagena,5,Hidrocarburo,historico,477742671.96,235.0,102.0
2024-03-01,Cartagena,5,Hidrocarburo,historico,149059865.0,92.0,57.0
2024-04-01,Cartagena,5,Hidrocarburo,historico,207949648.52,185.0,89.0
2024-05-01,Cartagena,5,Hidrocarburo,historico,583815292.0799999,173.0,61.0
2024-06-01,Cartagena,5,Hidrocarburo,historico,217549212.8,140.0,52.0
2024-07-01,Cartagena,5,Hidrocarburo,historico,349682377.46,199.0,95.0
2024-08-01,Cartagena,5,Hidrocarburo,historico,460694452.14,184.0,85.0
2024-09-01,Cartagena,5,Hidrocarburo,historico,158961917.72,168.0,71.0
2024-10-01,Cartagena,5,Hidrocarburo,historico,321411113.6,124.0,58.0
2024-11-01,Cartagena,5,Hidrocarburo,historico,186160035.82999998,225.0,78.0
2024-12-01,Cartagena,5,Hidrocarburo,historico,162283693.54,171.0,67.0
2025-01-01,Cartagena,5,Hidrocarburo,historico,165241681.89000002,171.0,59.0
2025-02-01,Cartagena,5,Hidrocarburo,historico,281243392.94,267.0,91.0
2025-03-01,Cartagena,5,Hidrocarburo,historico,289351133.89,150.0,65.0
2025-04-01,Cartagena,5,Hidrocarburo,historico,340871842.44,253.0,98.0
2025-05-01,Cartagena,5,Hidrocarburo,historico,289812860.0,191.0,89.0
2025-06-01,Cartagena,5,Hidrocarburo,historico,513107968.22,240.0,104.0
2025-07-01,Cartagena,5,Hidrocarburo,historico,228800128.76,151.0,75.0
2025-08-01,Cartagena,5,Hidrocarburo,historico,556644765.2,249.0,84.0
2025-09-01,Cartagena,5,Hidrocarburo,historico,202472985.29,226.0,93.0
2025-10-01,Cartagena,5,Hidrocarburo,historico,384490892.93,258.0,102.0
2025-11-01,Cartagena,5,Hidrocarburo,historico,247271442.67,339.0,113.0
2025-12-01,Cartagena,5,Hidrocarburo,historico,262323861.81,289.0,99.0
2026-01-01,Cartagena,5,Hidrocarburo,historico,255755710.5,196.0,84.0
2026-02-01,Cartagena,5,Hidrocarburo,historico,211706020.0,269.0,83.0
2026-03-01,Cartagena,5,Hidrocarburo,historico,254757808.0,282.0,100.0
2026-04-01,Cartagena,5,Hidrocarburo,historico,377143561.0,303.0,98.0
2024-01-01,Cartagena,5,Industria,historico,303577644.48,296.0,132.0
2024-02-01,Cartagena,5,Industria,historico,285198873.21,335.0,142.0
2024-03-01,Cartagena,5,Industria,historico,210410139.46,241.0,115.0
2024-04-01,Cartagena,5,Industria,historico,359411402.3,286.0,146.0
2024-05-01,Cartagena,5,Industria,historico,335153678.5,316.0,139.0
2024-06-01,Cartagena,5,Industria,historico,289445378.9,319.0,149.0
2024-07-01,Cartagena,5,Industria,historico,168962412.88,264.0,158.0
2024-08-01,Cartagena,5,Industria,historico,373832974.56,399.0,160.0
2024-09-01,Cartagena,5,Industria,historico,291586844.8,349.0,149.0
2024-10-01,Cartagena,5,Industria,historico,242565618.4,451.0,167.0
2024-11-01,Cartagena,5,Industria,historico,242347040.5,345.0,143.0
2024-12-01,Cartagena,5,Industria,historico,212402328.3,272.0,137.0
2025-01-01,Cartagena,5,Industria,historico,197828313.0,244.0,112.0
2025-02-01,Cartagena,5,Industria,historico,275587916.0,376.0,184.0
2025-03-01,Cartagena,5,Industria,historico,400016542.88,424.0,189.0
2025-04-01,Cartagena,5,Industria,historico,317720012.8,460.0,169.0
2025-05-01,Cartagena,5,Industria,historico,247119997.02,383.0,153.0
2025-06-01,Cartagena,5,Industria,historico,294123044.44,488.0,171.0
2025-07-01,Cartagena,5,Industria,historico,346795722.3,376.0,189.0
2025-08-01,Cartagena,5,Industria,historico,307345310.8,377.0,166.0
2025-09-01,Cartagena,5,Industria,historico,271020936.66,413.0,203.0
2025-10-01,Cartagena,5,Industria,historico,243198526.1,353.0,148.0
2025-11-01,Cartagena,5,Industria,historico,316674059.0,389.0,141.0
2025-12-01,Cartagena,5,Industria,historico,296901624.0,335.0,133.0
2026-01-01,Cartagena,5,Industria,historico,391648572.0,304.0,120.0
2026-02-01,Cartagena,5,Industria,historico,477205375.5,367.0,151.0
2026-03-01,Cartagena,5,Industria,historico,346084119.75,422.0,185.0
2026-04-01,Cartagena,5,Industria,historico,375153222.5,393.0,171.0
2024-01-01,Cartagena,5,Madera y Papel,historico,50528937.0,67.0,45.0
2024-02-01,Cartagena,5,Madera y Papel,historico,151518802.0,167.0,58.0
2024-03-01,Cartagena,5,Madera y Papel,historico,148966821.0,138.0,45.0
2024-04-01,Cartagena,5,Madera y Papel,historico,83822530.0,109.0,43.0
2024-05-01,Cartagena,5,Madera y Papel,historico,78110126.0,65.0,44.0
2024-06-01,Cartagena,5,Madera y Papel,historico,84744022.0,88.0,46.0
2024-07-01,Cartagena,5,Madera y Papel,historico,80829006.0,79.0,48.0
2024-08-01,Cartagena,5,Madera y Papel,historico,105795663.0,74.0,43.0
2024-09-01,Cartagena,5,Madera y Papel,historico,76475178.2,78.0,50.0
2024-10-01,Cartagena,5,Madera y Papel,historico,86563969.0,84.0,39.0
2024-11-01,Cartagena,5,Madera y Papel,historico,157253205.2,86.0,55.0
2024-12-01,Cartagena,5,Madera y Papel,historico,62374840.0,69.0,39.0
2025-01-01,Cartagena,5,Madera y Papel,historico,83097817.0,77.0,61.0
2025-02-01,Cartagena,5,Madera y Papel,historico,89067558.2,98.0,54.0
2025-03-01,Cartagena,5,Madera y Papel,historico,102802904.71000001,86.0,56.0
2025-04-01,Cartagena,5,Madera y Papel,historico,101360000.1,89.0,64.0
2025-05-01,Cartagena,5,Madera y Papel,historico,87295251.5,74.0,57.0
2025-06-01,Cartagena,5,Madera y Papel,historico,114871070.0,76.0,53.0
2025-07-01,Cartagena,5,Madera y Papel,historico,98950798.8,91.0,63.0
2025-08-01,Cartagena,5,Madera y Papel,historico,77518796.0,80.0,51.0
2025-09-01,Cartagena,5,Madera y Papel,historico,103785428.8,87.0,53.0
2025-10-01,Cartagena,5,Madera y Papel,historico,115733211.0,95.0,58.0
2025-11-01,Cartagena,5,Madera y Papel,historico,80712653.6,85.0,52.0
2025-12-01,Cartagena,5,Madera y Papel,historico,232497485.34,106.0,50.0
2026-01-01,Cartagena,5,Madera y Papel,historico,80518117.0,66.0,49.0
2026-02-01,Cartagena,5,Madera y Papel,historico,104360724.0,102.0,57.0
2026-03-01,Cartagena,5,Madera y Papel,historico,114255700.89,80.0,66.0
2026-04-01,Cartagena,5,Madera y Papel,historico,56598747.0,58.0,52.0
2024-01-01,Cartagena,5,Maquinaria y Afines,historico,45451235.5,150.0,56.0
2024-02-01,Cartagena,5,Maquinaria y Afines,historico,23433015.5,101.0,58.0
2024-03-01,Cartagena,5,Maquinaria y Afines,historico,32297392.0,98.0,47.0
2024-04-01,Cartagena,5,Maquinaria y Afines,historico,29082697.0,107.0,47.0
2024-05-01,Cartagena,5,Maquinaria y Afines,historico,32211522.5,101.0,46.0
2024-06-01,Cartagena,5,Maquinaria y Afines,historico,24009140.0,87.0,41.0
2024-07-01,Cartagena,5,Maquinaria y Afines,historico,29860710.0,122.0,58.0
2024-08-01,Cartagena,5,Maquinaria y Afines,historico,21483437.0,74.0,45.0
2024-09-01,Cartagena,5,Maquinaria y Afines,historico,31278465.0,128.0,67.0
2024-10-01,Cartagena,5,Maquinaria y Afines,historico,45894919.0,153.0,63.0
2024-11-01,Cartagena,5,Maquinaria y Afines,historico,49162051.4,122.0,66.0
2024-12-01,Cartagena,5,Maquinaria y Afines,historico,19130374.8,78.0,46.0
2025-01-01,Cartagena,5,Maquinaria y Afines,historico,31359202.6,110.0,57.0
2025-02-01,Cartagena,5,Maquinaria y Afines,historico,47501736.2,149.0,77.0
2025-03-01,Cartagena,5,Maquinaria y Afines,historico,23186108.29,83.0,56.0
2025-04-01,Cartagena,5,Maquinaria y Afines,historico,25949720.06,89.0,58.0
2025-05-01,Cartagena,5,Maquinaria y Afines,historico,47575556.04,152.0,60.0
2025-06-01,Cartagena,5,Maquinaria y Afines,historico,40114380.0,144.0,72.0
2025-07-01,Cartagena,5,Maquinaria y Afines,historico,15903453.0,86.0,54.0
2025-08-01,Cartagena,5,Maquinaria y Afines,historico,16435993.92,80.0,49.0
2025-09-01,Cartagena,5,Maquinaria y Afines,historico,112212886.5,238.0,115.0
2025-10-01,Cartagena,5,Maquinaria y Afines,historico,35855069.56,170.0,93.0
2025-11-01,Cartagena,5,Maquinaria y Afines,historico,30564860.5,110.0,50.0
2025-12-01,Cartagena,5,Maquinaria y Afines,historico,11898041.07,78.0,47.0
2026-01-01,Cartagena,5,Maquinaria y Afines,historico,28705370.57,103.0,47.0
2026-02-01,Cartagena,5,Maquinaria y Afines,historico,53579056.57,186.0,72.0
2026-03-01,Cartagena,5,Maquinaria y Afines,historico,48348289.85,154.0,80.0
2026-04-01,Cartagena,5,Maquinaria y Afines,historico,34660980.0,121.0,61.0
2024-01-01,Cartagena,5,Mining,historico,119879229.0,145.0,72.0
2024-02-01,Cartagena,5,Mining,historico,159829424.9,140.0,85.0
2024-03-01,Cartagena,5,Mining,historico,201872214.0,125.0,79.0
2024-04-01,Cartagena,5,Mining,historico,237881746.6,167.0,80.0
2024-05-01,Cartagena,5,Mining,historico,150037099.0,108.0,65.0
2024-06-01,Cartagena,5,Mining,historico,179365776.0,177.0,81.0
2024-07-01,Cartagena,5,Mining,historico,102706929.0,101.0,48.0
2024-08-01,Cartagena,5,Mining,historico,189589592.0,119.0,61.0
2024-09-01,Cartagena,5,Mining,historico,139005260.0,136.0,65.0
2024-10-01,Cartagena,5,Mining,historico,88994018.0,98.0,50.0
2024-11-01,Cartagena,5,Mining,historico,84266882.98,102.0,50.0
2024-12-01,Cartagena,5,Mining,historico,91562197.0,127.0,55.0
2025-01-01,Cartagena,5,Mining,historico,68290157.6,111.0,80.0
2025-02-01,Cartagena,5,Mining,historico,119852070.0,187.0,92.0
2025-03-01,Cartagena,5,Mining,historico,108977458.2,101.0,63.0
2025-04-01,Cartagena,5,Mining,historico,107546356.0,111.0,63.0
2025-05-01,Cartagena,5,Mining,historico,100247305.19,133.0,58.0
2025-06-01,Cartagena,5,Mining,historico,94886238.14,119.0,65.0
2025-07-01,Cartagena,5,Mining,historico,153536277.0,182.0,90.0
2025-08-01,Cartagena,5,Mining,historico,78412567.0,124.0,77.0
2025-09-01,Cartagena,5,Mining,historico,96385336.0,170.0,88.0
2025-10-01,Cartagena,5,Mining,historico,169317229.0,178.0,73.0
2025-11-01,Cartagena,5,Mining,historico,126786700.0,133.0,67.0
2025-12-01,Cartagena,5,Mining,historico,109094814.0,181.0,70.0
2026-01-01,Cartagena,5,Mining,historico,188350643.68,210.0,103.0
2026-02-01,Cartagena,5,Mining,historico,127880223.3,159.0,81.0
2026-03-01,Cartagena,5,Mining,historico,123541393.0,180.0,81.0
2026-04-01,Cartagena,5,Mining,historico,206976123.98,136.0,62.0
2024-01-01,Cartagena,5,Persona Natural,historico,1684058.0,29.0,22.0
2024-02-01,Cartagena,5,Persona Natural,historico,1936148.08,43.0,27.0
2024-03-01,Cartagena,5,Persona Natural,historico,2166637.18,30.0,26.0
2024-04-01,Cartagena,5,Persona Natural,historico,1755459.0,37.0,31.0
2024-05-01,Cartagena,5,Persona Natural,historico,1519176.0,31.0,27.0
2024-06-01,Cartagena,5,Persona Natural,historico,2130245.25,40.0,26.0
2024-07-01,Cartagena,5,Persona Natural,historico,1725018.68,41.0,30.0
2024-08-01,Cartagena,5,Persona Natural,historico,1397168.0,34.0,27.0
2024-09-01,Cartagena,5,Persona Natural,historico,1721753.0,31.0,26.0
2024-10-01,Cartagena,5,Persona Natural,historico,4538112.7,59.0,41.0
2024-11-01,Cartagena,5,Persona Natural,historico,1542958.4,32.0,26.0
2024-12-01,Cartagena,5,Persona Natural,historico,2647935.4,15.0,10.0
2025-01-01,Cartagena,5,Persona Natural,historico,5907162.350000001,63.0,45.0
2025-02-01,Cartagena,5,Persona Natural,historico,5321799.45,93.0,62.0
2025-03-01,Cartagena,5,Persona Natural,historico,5840906.67,91.0,59.0
2025-04-01,Cartagena,5,Persona Natural,historico,5715244.95,87.0,65.0
2025-05-01,Cartagena,5,Persona Natural,historico,5158142.01,82.0,63.0
2025-06-01,Cartagena,5,Persona Natural,historico,6875769.4399999995,74.0,58.0
2025-07-01,Cartagena,5,Persona Natural,historico,6031806.95,104.0,81.0
2025-08-01,Cartagena,5,Persona Natural,historico,5216515.15,88.0,68.0
2025-09-01,Cartagena,5,Persona Natural,historico,4922807.0,88.0,61.0
2025-10-01,Cartagena,5,Persona Natural,historico,6380942.0,64.0,36.0
2025-11-01,Cartagena,5,Persona Natural,historico,2441124.0,41.0,30.0
2025-12-01,Cartagena,5,Persona Natural,historico,4014923.3,49.0,25.0
2026-01-01,Cartagena,5,Persona Natural,historico,42073103.75,62.0,46.0
2026-02-01,Cartagena,5,Persona Natural,historico,7422620.0,80.0,62.0
2026-03-01,Cartagena,5,Persona Natural,historico,11744922.5,118.0,87.0
2026-04-01,Cartagena,5,Persona Natural,historico,12013061.5,76.0,47.0
2024-01-01,Cartagena,5,Quimico,historico,294007265.5,248.0,130.0
2024-02-01,Cartagena,5,Quimico,historico,321770406.5,245.0,119.0
2024-03-01,Cartagena,5,Quimico,historico,235374788.0,209.0,99.0
2024-04-01,Cartagena,5,Quimico,historico,479869054.3,206.0,101.0
2024-05-01,Cartagena,5,Quimico,historico,224426829.0,265.0,123.0
2024-06-01,Cartagena,5,Quimico,historico,194138188.0,256.0,112.0
2024-07-01,Cartagena,5,Quimico,historico,240453427.0,222.0,133.0
2024-08-01,Cartagena,5,Quimico,historico,228416564.0,211.0,105.0
2024-09-01,Cartagena,5,Quimico,historico,300172814.0,223.0,132.0
2024-10-01,Cartagena,5,Quimico,historico,401855152.8,267.0,126.0
2024-11-01,Cartagena,5,Quimico,historico,308525580.02,216.0,108.0
2024-12-01,Cartagena,5,Quimico,historico,189990929.0,188.0,90.0
2025-01-01,Cartagena,5,Quimico,historico,210631524.19,243.0,124.0
2025-02-01,Cartagena,5,Quimico,historico,216705681.54,285.0,129.0
2025-03-01,Cartagena,5,Quimico,historico,233288188.13,224.0,119.0
2025-04-01,Cartagena,5,Quimico,historico,189048727.55,251.0,123.0
2025-05-01,Cartagena,5,Quimico,historico,195642245.2,278.0,136.0
2025-06-01,Cartagena,5,Quimico,historico,259249418.86,243.0,135.0
2025-07-01,Cartagena,5,Quimico,historico,184903169.5,247.0,139.0
2025-08-01,Cartagena,5,Quimico,historico,211196347.71,211.0,108.0
2025-09-01,Cartagena,5,Quimico,historico,218996252.8,258.0,150.0
2025-10-01,Cartagena,5,Quimico,historico,215165044.68,242.0,111.0
2025-11-01,Cartagena,5,Quimico,historico,178688248.0,231.0,108.0
2025-12-01,Cartagena,5,Quimico,historico,234277963.67,217.0,99.0
2026-01-01,Cartagena,5,Quimico,historico,253609074.76,242.0,132.0
2026-02-01,Cartagena,5,Quimico,historico,211282775.0,284.0,123.0
2026-03-01,Cartagena,5,Quimico,historico,257272049.0,216.0,120.0
2026-04-01,Cartagena,5,Quimico,historico,192926591.5,200.0,111.0
2024-01-01,Cartagena,5,Servicio de apoyo empresarial,historico,4881540.0,12.0,3.0
2024-02-01,Cartagena,5,Servicio de apoyo empresarial,historico,21795088.0,43.0,5.0
2024-03-01,Cartagena,5,Servicio de apoyo empresarial,historico,23677516.0,26.0,7.0
2024-04-01,Cartagena,5,Servicio de apoyo empresarial,historico,8496448.0,42.0,11.0
2024-05-01,Cartagena,5,Servicio de apoyo empresarial,historico,11109288.0,19.0,7.0
2024-06-01,Cartagena,5,Servicio de apoyo empresarial,historico,16340364.0,47.0,6.0
2024-07-01,Cartagena,5,Servicio de apoyo empresarial,historico,30967799.0,34.0,8.0
2024-08-01,Cartagena,5,Servicio de apoyo empresarial,historico,1016300.0,4.0,2.0
2024-09-01,Cartagena,5,Servicio de apoyo empresarial,historico,5443140.0,33.0,10.0
2024-10-01,Cartagena,5,Servicio de apoyo empresarial,historico,773818.0,21.0,7.0
2024-11-01,Cartagena,5,Servicio de apoyo empresarial,historico,401464.0,4.0,2.0
2024-12-01,Cartagena,5,Servicio de apoyo empresarial,historico,3812802.0,19.0,3.0
2025-01-01,Cartagena,5,Servicio de apoyo empresarial,historico,21330368.0,73.0,10.0
2025-02-01,Cartagena,5,Servicio de apoyo empresarial,historico,4201078.0,40.0,13.0
2025-03-01,Cartagena,5,Servicio de apoyo empresarial,historico,2670450.0,14.0,9.0
2025-04-01,Cartagena,5,Servicio de apoyo empresarial,historico,6276247.0,38.0,10.0
2025-05-01,Cartagena,5,Servicio de apoyo empresarial,historico,4437423.0,33.0,14.0
2025-06-01,Cartagena,5,Servicio de apoyo empresarial,historico,7245203.0,30.0,14.0
2025-07-01,Cartagena,5,Servicio de apoyo empresarial,historico,6691038.0,41.0,15.0
2025-08-01,Cartagena,5,Servicio de apoyo empresarial,historico,2690507.0,19.0,10.0
2025-09-01,Cartagena,5,Servicio de apoyo empresarial,historico,11777333.0,46.0,16.0
2025-10-01,Cartagena,5,Servicio de apoyo empresarial,historico,13153911.0,46.0,18.0
2025-11-01,Cartagena,5,Servicio de apoyo empresarial,historico,8358187.0,43.0,13.0
2025-12-01,Cartagena,5,Servicio de apoyo empresarial,historico,14251549.0,24.0,11.0
2026-01-01,Cartagena,5,Servicio de apoyo empresarial,historico,57477576.0,52.0,15.0
2026-02-01,Cartagena,5,Servicio de apoyo empresarial,historico,9363118.0,49.0,23.0
2026-03-01,Cartagena,5,Servicio de apoyo empresarial,historico,19494790.5,94.0,34.0
2026-04-01,Cartagena,5,Servicio de apoyo empresarial,historico,20306222.0,73.0,36.0
2024-01-01,Cartagena,5,Servicios Publicos,historico,86653617.0,203.0,71.0
2024-02-01,Cartagena,5,Servicios Publicos,historico,186675299.0,182.0,77.0
2024-03-01,Cartagena,5,Servicios Publicos,historico,159847046.0,122.0,60.0
2024-04-01,Cartagena,5,Servicios Publicos,historico,152820336.2,180.0,63.0
2024-05-01,Cartagena,5,Servicios Publicos,historico,164080289.0,164.0,77.0
2024-06-01,Cartagena,5,Servicios Publicos,historico,153294172.5,137.0,58.0
2024-07-01,Cartagena,5,Servicios Publicos,historico,299923708.0,111.0,46.0
2024-08-01,Cartagena,5,Servicios Publicos,historico,305765453.0,130.0,60.0
2024-09-01,Cartagena,5,Servicios Publicos,historico,1591184159.0,163.0,76.0
2024-10-01,Cartagena,5,Servicios Publicos,historico,1553764580.3,237.0,83.0
2024-11-01,Cartagena,5,Servicios Publicos,historico,306831702.0,132.0,67.0
2024-12-01,Cartagena,5,Servicios Publicos,historico,333373474.0,230.0,92.0
2025-01-01,Cartagena,5,Servicios Publicos,historico,146597684.0,107.0,44.0
2025-02-01,Cartagena,5,Servicios Publicos,historico,148328487.9,181.0,74.0
2025-03-01,Cartagena,5,Servicios Publicos,historico,1985191405.4,152.0,53.0
2025-04-01,Cartagena,5,Servicios Publicos,historico,172026573.0,152.0,64.0
2025-05-01,Cartagena,5,Servicios Publicos,historico,257039847.0,179.0,64.0
2025-06-01,Cartagena,5,Servicios Publicos,historico,149368744.71,169.0,76.0
2025-07-01,Cartagena,5,Servicios Publicos,historico,1270879984.4,218.0,82.0
2025-08-01,Cartagena,5,Servicios Publicos,historico,247447816.0,204.0,81.0
2025-09-01,Cartagena,5,Servicios Publicos,historico,2445173100.4,228.0,97.0
2025-10-01,Cartagena,5,Servicios Publicos,historico,173528170.9,222.0,80.0
2025-11-01,Cartagena,5,Servicios Publicos,historico,248747812.0,193.0,69.0
2025-12-01,Cartagena,5,Servicios Publicos,historico,152321913.0,89.0,43.0
2026-01-01,Cartagena,5,Servicios Publicos,historico,139465430.0,216.0,61.0
2026-02-01,Cartagena,5,Servicios Publicos,historico,490066018.0,166.0,67.0
2026-03-01,Cartagena,5,Servicios Publicos,historico,105823409.0,132.0,53.0
2026-04-01,Cartagena,5,Servicios Publicos,historico,237962654.0,155.0,62.0
2024-01-01,Cartagena,5,Transporte y Logistica,historico,106371761.0,210.0,105.0
2024-02-01,Cartagena,5,Transporte y Logistica,historico,120372330.0,203.0,115.0
2024-03-01,Cartagena,5,Transporte y Logistica,historico,162818829.0,188.0,103.0
2024-04-01,Cartagena,5,Transporte y Logistica,historico,122438514.0,256.0,117.0
2024-05-01,Cartagena,5,Transporte y Logistica,historico,52822069.0,189.0,98.0
2024-06-01,Cartagena,5,Transporte y Logistica,historico,89349124.0,219.0,104.0
2024-07-01,Cartagena,5,Transporte y Logistica,historico,103178217.0,173.0,82.0
2024-08-01,Cartagena,5,Transporte y Logistica,historico,90867027.0,183.0,84.0
2024-09-01,Cartagena,5,Transporte y Logistica,historico,106140099.8,148.0,88.0
2024-10-01,Cartagena,5,Transporte y Logistica,historico,104199829.0,159.0,85.0
2024-11-01,Cartagena,5,Transporte y Logistica,historico,112082549.0,169.0,84.0
2024-12-01,Cartagena,5,Transporte y Logistica,historico,98194774.8,231.0,113.0
2025-01-01,Cartagena,5,Transporte y Logistica,historico,218458036.0,308.0,166.0
2025-02-01,Cartagena,5,Transporte y Logistica,historico,158326365.0,286.0,138.0
2025-03-01,Cartagena,5,Transporte y Logistica,historico,166226779.08,276.0,148.0
2025-04-01,Cartagena,5,Transporte y Logistica,historico,188863877.12,293.0,142.0
2025-05-01,Cartagena,5,Transporte y Logistica,historico,156825602.43,204.0,128.0
2025-06-01,Cartagena,5,Transporte y Logistica,historico,141024544.5,241.0,134.0
2025-07-01,Cartagena,5,Transporte y Logistica,historico,180376395.0,294.0,163.0
2025-08-01,Cartagena,5,Transporte y Logistica,historico,138570797.8,216.0,96.0
2025-09-01,Cartagena,5,Transporte y Logistica,historico,161780480.5,212.0,117.0
2025-10-01,Cartagena,5,Transporte y Logistica,historico,210460860.0,281.0,107.0
2025-11-01,Cartagena,5,Transporte y Logistica,historico,124332261.0,143.0,72.0
2025-12-01,Cartagena,5,Transporte y Logistica,historico,186106583.1,287.0,115.0
2026-01-01,Cartagena,5,Transporte y Logistica,historico,216008284.0,180.0,81.0
2026-02-01,Cartagena,5,Transporte y Logistica,historico,170230692.0,229.0,104.0
2026-03-01,Cartagena,5,Transporte y Logistica,historico,169622753.65,261.0,110.0
2026-04-01,Cartagena,5,Transporte y Logistica,historico,155871102.5,274.0,132.0
2024-01-01,Cartagena,5,Turistico,historico,4362792.0,17.0,8.0
2024-02-01,Cartagena,5,Turistico,historico,7649800.0,12.0,10.0
2024-03-01,Cartagena,5,Turistico,historico,2443840.0,8.0,4.0
2024-04-01,Cartagena,5,Turistico,historico,157592.0,4.0,3.0
2024-05-01,Cartagena,5,Turistico,historico,352500.0,3.0,3.0
2024-06-01,Cartagena,5,Turistico,historico,1379088.0,6.0,3.0
2024-07-01,Cartagena,5,Turistico,historico,0.0,0.0,0.0
2024-08-01,Cartagena,5,Turistico,historico,0.0,0.0,0.0
2024-09-01,Cartagena,5,Turistico,historico,578508.0,3.0,1.0
2024-10-01,Cartagena,5,Turistico,historico,3425310.0,5.0,4.0
2024-11-01,Cartagena,5,Turistico,historico,0.0,0.0,0.0
2024-12-01,Cartagena,5,Turistico,historico,5136000.0,2.0,2.0
2025-01-01,Cartagena,5,Turistico,historico,5463200.0,3.0,3.0
2025-02-01,Cartagena,5,Turistico,historico,11958742.8,11.0,7.0
2025-03-01,Cartagena,5,Turistico,historico,17386042.0,41.0,10.0
2025-04-01,Cartagena,5,Turistico,historico,6810200.0,18.0,5.0
2025-05-01,Cartagena,5,Turistico,historico,1394909.1400000001,3.0,2.0
2025-06-01,Cartagena,5,Turistico,historico,1479871.88,7.0,6.0
2025-07-01,Cartagena,5,Turistico,historico,733664.0,3.0,3.0
2025-08-01,Cartagena,5,Turistico,historico,5393880.0,5.0,3.0
2025-09-01,Cartagena,5,Turistico,historico,5826310.0,5.0,3.0
2025-10-01,Cartagena,5,Turistico,historico,1295900.0,4.0,4.0
2025-11-01,Cartagena,5,Turistico,historico,0.0,0.0,0.0
2025-12-01,Cartagena,5,Turistico,historico,0.0,0.0,0.0
2026-01-01,Cartagena,5,Turistico,historico,312300.0,2.0,1.0
2026-02-01,Cartagena,5,Turistico,historico,1241710.0,9.0,5.0
2026-03-01,Cartagena,5,Turistico,historico,1942450.0,11.0,8.0
2026-04-01,Cartagena,5,Turistico,historico,4555280.0,9.0,6.0
2026-05-01,Medellín,1,0,proyeccion,51319075.21889454,,
2026-05-01,Medellín,1,Agricultura,proyeccion,459498979.1044358,,
2026-05-01,Medellín,1,Articulos Para el Hogar y la Oficina,proyeccion,25022891.822921332,,
2026-05-01,Medellín,1,Caucho y Plasticos,proyeccion,50320904.909915574,,
2026-05-01,Medellín,1,Comercio,proyeccion,1886230751.4553437,,
2026-05-01,Medellín,1,Construction,proyeccion,441796570.3750795,,
2026-05-01,Medellín,1,Education,proyeccion,3594873.424108948,,
2026-05-01,Medellín,1,Empleados,proyeccion,8348214.183477997,,
2026-05-01,Medellín,1,Equipo de Transporte,proyeccion,31884271.707659226,,
2026-05-01,Medellín,1,Food,proyeccion,977772049.3191724,,
2026-05-01,Medellín,1,Health/Social,proyeccion,24291574.583142333,,
2026-05-01,Medellín,1,Hidrocarburo,proyeccion,199122419.15935528,,
2026-05-01,Medellín,1,IT/Communication,proyeccion,7464746.959320907,,
2026-05-01,Medellín,1,Industria,proyeccion,803063897.5928366,,
2026-05-01,Medellín,1,Madera y Papel,proyeccion,160632890.74712074,,
2026-05-01,Medellín,1,Maquinaria y Afines,proyeccion,134452465.28503048,,
2026-05-01,Medellín,1,Mining,proyeccion,554550083.1162915,,
2026-05-01,Medellín,1,Persona Natural,proyeccion,25255746.091732506,,
2026-05-01,Medellín,1,Quimico,proyeccion,395090190.2388384,,
2026-05-01,Medellín,1,Servicio de apoyo empresarial,proyeccion,108886352.8566019,,
2026-05-01,Medellín,1,Servicios Publicos,proyeccion,319345228.89404756,,
2026-05-01,Medellín,1,"Textiles, Confecciones y Cuero",proyeccion,74030861.88204354,,
2026-05-01,Medellín,1,Transporte y Logistica,proyeccion,116625539.82175624,,
2026-05-01,Medellín,1,Turistico,proyeccion,6442767.654651892,,
2026-05-01,Bogotá,2,0,proyeccion,41379570.069380194,,
2026-05-01,Bogotá,2,Agricultura,proyeccion,403889978.1688584,,
2026-05-01,Bogotá,2,Articulos Para el Hogar y la Oficina,proyeccion,108236227.54491875,,
2026-05-01,Bogotá,2,Caucho y Plasticos,proyeccion,36341781.885680564,,
2026-05-01,Bogotá,2,Comercio,proyeccion,2145972694.775333,,
2026-05-01,Bogotá,2,Construction,proyeccion,163776678.27845094,,
2026-05-01,Bogotá,2,Education,proyeccion,5573693.108286086,,
2026-05-01,Bogotá,2,Empleados,proyeccion,7017358.477800769,,
2026-05-01,Bogotá,2,Energy supply,proyeccion,18349898.84324577,,
2026-05-01,Bogotá,2,Equipo de Transporte,proyeccion,301702514.7741647,,
2026-05-01,Bogotá,2,Food,proyeccion,1248614939.453462,,
2026-05-01,Bogotá,2,Health/Social,proyeccion,25565787.616970733,,
2026-05-01,Bogotá,2,Hidrocarburo,proyeccion,607106885.7361566,,
2026-05-01,Bogotá,2,IT/Communication,proyeccion,37737653.524574235,,
2026-05-01,Bogotá,2,Industria,proyeccion,475136282.2850668,,
2026-05-01,Bogotá,2,Madera y Papel,proyeccion,84977809.04992396,,
2026-05-01,Bogotá,2,Maquinaria y Afines,proyeccion,276827571.3931779,,
2026-05-01,Bogotá,2,Mining,proyeccion,789624304.3166531,,
2026-05-01,Bogotá,2,Persona Natural,proyeccion,24912405.682268694,,
2026-05-01,Bogotá,2,Quimico,proyeccion,567421732.4134812,,
2026-05-01,Bogotá,2,Servicio de apoyo empresarial,proyeccion,34764955.7456369,,
2026-05-01,Bogotá,2,Servicios Publicos,proyeccion,87010582.65796441,,
2026-05-01,Bogotá,2,"Textiles, Confecciones y Cuero",proyeccion,46704444.61324325,,
2026-05-01,Bogotá,2,Transporte y Logistica,proyeccion,189889474.5213564,,
2026-05-01,Bogotá,2,Turistico,proyeccion,3896183.589771012,,
2026-05-01,Cali,3,0,proyeccion,22362855.97573745,,
2026-05-01,Cali,3,Agricultura,proyeccion,30493739.731479906,,
2026-05-01,Cali,3,Articulos Para el Hogar y la Oficina,proyeccion,24676233.296519052,,
2026-05-01,Cali,3,Caucho y Plasticos,proyeccion,76405840.98848747,,
2026-05-01,Cali,3,Comercio,proyeccion,838527472.631541,,
2026-05-01,Cali,3,Construction,proyeccion,46525874.94270181,,
2026-05-01,Cali,3,Education,proyeccion,2509987.271503068,,
2026-05-01,Cali,3,Empleados,proyeccion,3075535.970841983,,
2026-05-01,Cali,3,Equipo de Transporte,proyeccion,114041570.96818255,,
2026-05-01,Cali,3,Food,proyeccion,1248784319.7964761,,
2026-05-01,Cali,3,Health/Social,proyeccion,1547125.126475752,,
2026-05-01,Cali,3,Hidrocarburo,proyeccion,36688585.34084538,,
2026-05-01,Cali,3,IT/Communication,proyeccion,9103978.520597788,,
2026-05-01,Cali,3,Industria,proyeccion,193867886.92785498,,
2026-05-01,Cali,3,Madera y Papel,proyeccion,119013935.17743887,,
2026-05-01,Cali,3,Maquinaria y Afines,proyeccion,53517028.332311876,,
2026-05-01,Cali,3,Mining,proyeccion,99028872.44135748,,
2026-05-01,Cali,3,Persona Natural,proyeccion,24108364.087611433,,
2026-05-01,Cali,3,Quimico,proyeccion,329821316.77394044,,
2026-05-01,Cali,3,Servicio de apoyo empresarial,proyeccion,5434836.792488485,,
2026-05-01,Cali,3,Servicios Publicos,proyeccion,38776316.58587043,,
2026-05-01,Cali,3,"Textiles, Confecciones y Cuero",proyeccion,21065320.501108333,,
2026-05-01,Cali,3,Transporte y Logistica,proyeccion,32625915.548109945,,
2026-05-01,Cali,3,Turistico,proyeccion,3953625.711124674,,
2026-05-01,Barranquilla,4,0,proyeccion,26143926.90956628,,
2026-05-01,Barranquilla,4,Agricultura,proyeccion,35086163.65899543,,
2026-05-01,Barranquilla,4,Articulos Para el Hogar y la Oficina,proyeccion,20307607.733436123,,
2026-05-01,Barranquilla,4,Caucho y Plasticos,proyeccion,30094405.04849838,,
2026-05-01,Barranquilla,4,Comercio,proyeccion,428694422.88167465,,
2026-05-01,Barranquilla,4,Construction,proyeccion,186445627.10560375,,
2026-05-01,Barranquilla,4,Empleados,proyeccion,2955350.4136561737,,
2026-05-01,Barranquilla,4,Equipo de Transporte,proyeccion,12226017.175744442,,
2026-05-01,Barranquilla,4,Food,proyeccion,292427252.590576,,
2026-05-01,Barranquilla,4,Health/Social,proyeccion,8726733.855930986,,
2026-05-01,Barranquilla,4,Hidrocarburo,proyeccion,62436328.97655902,,
2026-05-01,Barranquilla,4,Industria,proyeccion,749199678.7324721,,
2026-05-01,Barranquilla,4,Madera y Papel,proyeccion,47688508.29404474,,
2026-05-01,Barranquilla,4,Maquinaria y Afines,proyeccion,104113921.7294845,,
2026-05-01,Barranquilla,4,Mining,proyeccion,825820822.7958884,,
2026-05-01,Barranquilla,4,Persona Natural,proyeccion,5884404.945592966,,
2026-05-01,Barranquilla,4,Quimico,proyeccion,208057995.23970327,,
2026-05-01,Barranquilla,4,Servicio de apoyo empresarial,proyeccion,13311993.983618686,,
2026-05-01,Barranquilla,4,Servicios Publicos,proyeccion,61386820.0920322,,
2026-05-01,Barranquilla,4,"Textiles, Confecciones y Cuero",proyeccion,29489100.027789693,,
2026-05-01,Barranquilla,4,Transporte y Logistica,proyeccion,69714196.03764658,,
2026-05-01,Cartagena,5,0,proyeccion,22743248.01306345,,
2026-05-01,Cartagena,5,Caucho y Plasticos,proyeccion,4292850.849455634,,
2026-05-01,Cartagena,5,Comercio,proyeccion,383032877.2245838,,
2026-05-01,Cartagena,5,Construction,proyeccion,323392337.2933546,,
2026-05-01,Cartagena,5,Empleados,proyeccion,3263395.496970013,,
2026-05-01,Cartagena,5,Equipo de Transporte,proyeccion,8675699.35089782,,
2026-05-01,Cartagena,5,Food,proyeccion,306886626.3131449,,
2026-05-01,Cartagena,5,Health/Social,proyeccion,22641574.649435863,,
2026-05-01,Cartagena,5,Hidrocarburo,proyeccion,291594689.0312825,,
2026-05-01,Cartagena,5,Industria,proyeccion,394013014.2824622,,
2026-05-01,Cartagena,5,Madera y Papel,proyeccion,89403537.5753299,,
2026-05-01,Cartagena,5,Maquinaria y Afines,proyeccion,47036675.07196055,,
2026-05-01,Cartagena,5,Mining,proyeccion,144469536.31849816,,
2026-05-01,Cartagena,5,Persona Natural,proyeccion,18293201.63454026,,
2026-05-01,Cartagena,5,Quimico,proyeccion,231832426.51498482,,
2026-05-01,Cartagena,5,Servicio de apoyo empresarial,proyeccion,20467549.65625836,,
2026-05-01,Cartagena,5,Servicios Publicos,proyeccion,345680761.7339995,,
2026-05-01,Cartagena,5,Transporte y Logistica,proyeccion,190784063.30266207,,
2026-05-01,Cartagena,5,Turistico,proyeccion,3602953.569615935,,
2026-06-01,Medellín,1,0,proyeccion,50792675.71252553,,
2026-06-01,Medellín,1,Agricultura,proyeccion,436424740.9484395,,
2026-06-01,Medellín,1,Articulos Para el Hogar y la Oficina,proyeccion,24099467.389350105,,
2026-06-01,Medellín,1,Caucho y Plasticos,proyeccion,50772890.26779503,,
2026-06-01,Medellín,1,Comercio,proyeccion,1886139658.5881414,,
2026-06-01,Medellín,1,Construction,proyeccion,501862321.7631133,,
2026-06-01,Medellín,1,Education,proyeccion,4478048.203367967,,
2026-06-01,Medellín,1,Empleados,proyeccion,7668168.234941369,,
2026-06-01,Medellín,1,Equipo de Transporte,proyeccion,22583172.671997074,,
2026-06-01,Medellín,1,Food,proyeccion,991045730.7901616,,
2026-06-01,Medellín,1,Health/Social,proyeccion,25973408.53636702,,
2026-06-01,Medellín,1,Hidrocarburo,proyeccion,128953728.50606857,,
2026-06-01,Medellín,1,IT/Communication,proyeccion,8999310.600326337,,
2026-06-01,Medellín,1,Industria,proyeccion,805207991.7533668,,
2026-06-01,Medellín,1,Madera y Papel,proyeccion,140882618.23612252,,
2026-06-01,Medellín,1,Maquinaria y Afines,proyeccion,136360023.5491351,,
2026-06-01,Medellín,1,Mining,proyeccion,549316434.4572278,,
2026-06-01,Medellín,1,Persona Natural,proyeccion,24911734.133385465,,
2026-06-01,Medellín,1,Quimico,proyeccion,425682842.35978055,,
2026-06-01,Medellín,1,Servicio de apoyo empresarial,proyeccion,127374749.5377177,,
2026-06-01,Medellín,1,Servicios Publicos,proyeccion,170340168.60028562,,
2026-06-01,Medellín,1,"Textiles, Confecciones y Cuero",proyeccion,71373728.79085942,,
2026-06-01,Medellín,1,Transporte y Logistica,proyeccion,117799753.49287277,,
2026-06-01,Medellín,1,Turistico,proyeccion,6262809.540954078,,
2026-06-01,Bogotá,2,0,proyeccion,33445123.74281158,,
2026-06-01,Bogotá,2,Agricultura,proyeccion,460627625.2702784,,
2026-06-01,Bogotá,2,Articulos Para el Hogar y la Oficina,proyeccion,108168481.56293704,,
2026-06-01,Bogotá,2,Caucho y Plasticos,proyeccion,40630069.79445588,,
2026-06-01,Bogotá,2,Comercio,proyeccion,2135372081.2248034,,
2026-06-01,Bogotá,2,Construction,proyeccion,175202787.24765474,,
2026-06-01,Bogotá,2,Education,proyeccion,4789364.413734978,,
2026-06-01,Bogotá,2,Empleados,proyeccion,8764577.239590414,,
2026-06-01,Bogotá,2,Energy supply,proyeccion,20230463.53690247,,
2026-06-01,Bogotá,2,Equipo de Transporte,proyeccion,299521449.51271486,,
2026-06-01,Bogotá,2,Food,proyeccion,1245337520.3249104,,
2026-06-01,Bogotá,2,Health/Social,proyeccion,26110235.01872802,,
2026-06-01,Bogotá,2,Hidrocarburo,proyeccion,545267752.6744566,,
2026-06-01,Bogotá,2,IT/Communication,proyeccion,23199787.612405747,,
2026-06-01,Bogotá,2,Industria,proyeccion,495673977.5819212,,
2026-06-01,Bogotá,2,Madera y Papel,proyeccion,77530740.15904814,,
2026-06-01,Bogotá,2,Maquinaria y Afines,proyeccion,276854800.121676,,
2026-06-01,Bogotá,2,Mining,proyeccion,767284257.4969348,,
2026-06-01,Bogotá,2,Persona Natural,proyeccion,20893881.79582269,,
2026-06-01,Bogotá,2,Quimico,proyeccion,515705376.13827634,,
2026-06-01,Bogotá,2,Servicio de apoyo empresarial,proyeccion,30187717.300071985,,
2026-06-01,Bogotá,2,Servicios Publicos,proyeccion,99246256.31408271,,
2026-06-01,Bogotá,2,"Textiles, Confecciones y Cuero",proyeccion,36470646.36658485,,
2026-06-01,Bogotá,2,Transporte y Logistica,proyeccion,166430306.2581209,,
2026-06-01,Bogotá,2,Turistico,proyeccion,2678788.7213083766,,
2026-06-01,Cali,3,0,proyeccion,24098378.899416126,,
2026-06-01,Cali,3,Agricultura,proyeccion,31865770.542022604,,
2026-06-01,Cali,3,Articulos Para el Hogar y la Oficina,proyeccion,26388152.89505107,,
2026-06-01,Cali,3,Caucho y Plasticos,proyeccion,80867260.6056189,,
2026-06-01,Cali,3,Comercio,proyeccion,861106789.5507407,,
2026-06-01,Cali,3,Construction,proyeccion,60790915.82301103,,
2026-06-01,Cali,3,Education,proyeccion,3056710.4440749045,,
2026-06-01,Cali,3,Empleados,proyeccion,3737726.373621658,,
2026-06-01,Cali,3,Equipo de Transporte,proyeccion,112385716.60041198,,
2026-06-01,Cali,3,Food,proyeccion,1072105884.1813788,,
2026-06-01,Cali,3,Health/Social,proyeccion,1693790.746854923,,
2026-06-01,Cali,3,Hidrocarburo,proyeccion,31968219.055259906,,
2026-06-01,Cali,3,IT/Communication,proyeccion,10361286.71353448,,
2026-06-01,Cali,3,Industria,proyeccion,222760498.23101917,,
2026-06-01,Cali,3,Madera y Papel,proyeccion,126206764.96441747,,
2026-06-01,Cali,3,Maquinaria y Afines,proyeccion,57286870.19109978,,
2026-06-01,Cali,3,Mining,proyeccion,97436373.02653968,,
2026-06-01,Cali,3,Persona Natural,proyeccion,28683141.266322903,,
2026-06-01,Cali,3,Quimico,proyeccion,313195945.0558922,,
2026-06-01,Cali,3,Servicio de apoyo empresarial,proyeccion,5103623.149023998,,
2026-06-01,Cali,3,Servicios Publicos,proyeccion,43457238.640503876,,
2026-06-01,Cali,3,"Textiles, Confecciones y Cuero",proyeccion,20739835.8049601,,
2026-06-01,Cali,3,Transporte y Logistica,proyeccion,32296878.045068838,,
2026-06-01,Cali,3,Turistico,proyeccion,4968934.0149603905,,
2026-06-01,Barranquilla,4,0,proyeccion,28246109.675172374,,
2026-06-01,Barranquilla,4,Agricultura,proyeccion,32567749.49161304,,
2026-06-01,Barranquilla,4,Articulos Para el Hogar y la Oficina,proyeccion,20884561.760848813,,
2026-06-01,Barranquilla,4,Caucho y Plasticos,proyeccion,18940462.445967562,,
2026-06-01,Barranquilla,4,Comercio,proyeccion,387098155.4529834,,
2026-06-01,Barranquilla,4,Construction,proyeccion,222832683.73034582,,
2026-06-01,Barranquilla,4,Empleados,proyeccion,3686219.4874254237,,
2026-06-01,Barranquilla,4,Equipo de Transporte,proyeccion,10518386.884258134,,
2026-06-01,Barranquilla,4,Food,proyeccion,290366447.77126104,,
2026-06-01,Barranquilla,4,Health/Social,proyeccion,8417579.124315446,,
2026-06-01,Barranquilla,4,Hidrocarburo,proyeccion,59618791.838584825,,
2026-06-01,Barranquilla,4,Industria,proyeccion,767816706.4922562,,
2026-06-01,Barranquilla,4,Madera y Papel,proyeccion,52564972.84892761,,
2026-06-01,Barranquilla,4,Maquinaria y Afines,proyeccion,107198728.44292693,,
2026-06-01,Barranquilla,4,Mining,proyeccion,764652315.2777706,,
2026-06-01,Barranquilla,4,Persona Natural,proyeccion,8009380.381580366,,
2026-06-01,Barranquilla,4,Quimico,proyeccion,239789649.98625827,,
2026-06-01,Barranquilla,4,Servicio de apoyo empresarial,proyeccion,13468472.46314388,,
2026-06-01,Barranquilla,4,Servicios Publicos,proyeccion,68923356.77722837,,
2026-06-01,Barranquilla,4,"Textiles, Confecciones y Cuero",proyeccion,30853378.997565214,,
2026-06-01,Barranquilla,4,Transporte y Logistica,proyeccion,69484468.00395173,,
2026-06-01,Cartagena,5,0,proyeccion,24875962.33134309,,
2026-06-01,Cartagena,5,Caucho y Plasticos,proyeccion,7219944.060284115,,
2026-06-01,Cartagena,5,Comercio,proyeccion,384453015.8131404,,
2026-06-01,Cartagena,5,Construction,proyeccion,341035836.0923881,,
2026-06-01,Cartagena,5,Empleados,proyeccion,4190270.647956525,,
2026-06-01,Cartagena,5,Equipo de Transporte,proyeccion,6255245.230412978,,
2026-06-01,Cartagena,5,Food,proyeccion,322489559.8094884,,
2026-06-01,Cartagena,5,Health/Social,proyeccion,22118358.79031764,,
2026-06-01,Cartagena,5,Hidrocarburo,proyeccion,310388207.6904748,,
2026-06-01,Cartagena,5,Industria,proyeccion,381314521.55679727,,
2026-06-01,Cartagena,5,Madera y Papel,proyeccion,85421968.39464256,,
2026-06-01,Cartagena,5,Maquinaria y Afines,proyeccion,45937220.73123208,,
2026-06-01,Cartagena,5,Mining,proyeccion,170261588.0537126,,
2026-06-01,Cartagena,5,Persona Natural,proyeccion,19606461.07462389,,
2026-06-01,Cartagena,5,Quimico,proyeccion,234198915.61485648,,
2026-06-01,Cartagena,5,Servicio de apoyo empresarial,proyeccion,21589621.50119729,,
2026-06-01,Cartagena,5,Servicios Publicos,proyeccion,252233002.78547356,,
2026-06-01,Cartagena,5,Transporte y Logistica,proyeccion,172745926.9790491,,
2026-06-01,Cartagena,5,Turistico,proyeccion,4391952.1436491385,,
2026-07-01,Medellín,1,0,proyeccion,58921670.557757385,,
2026-07-01,Medellín,1,Agricultura,proyeccion,449742504.07427293,,
2026-07-01,Medellín,1,Articulos Para el Hogar y la Oficina,proyeccion,24554772.66077437,,
2026-07-01,Medellín,1,Caucho y Plasticos,proyeccion,52936490.09455517,,
2026-07-01,Medellín,1,Comercio,proyeccion,1985470121.321781,,
2026-07-01,Medellín,1,Construction,proyeccion,467247828.532481,,
2026-07-01,Medellín,1,Education,proyeccion,5377758.859380488,,
2026-07-01,Medellín,1,Empleados,proyeccion,13090005.738656556,,
2026-07-01,Medellín,1,Equipo de Transporte,proyeccion,25805332.84515432,,
2026-07-01,Medellín,1,Food,proyeccion,1182226622.146821,,
2026-07-01,Medellín,1,Health/Social,proyeccion,32395498.890191864,,
2026-07-01,Medellín,1,Hidrocarburo,proyeccion,161978467.17357293,,
2026-07-01,Medellín,1,IT/Communication,proyeccion,8698384.003552442,,
2026-07-01,Medellín,1,Industria,proyeccion,835824055.4697016,,
2026-07-01,Medellín,1,Madera y Papel,proyeccion,137533523.7583704,,
2026-07-01,Medellín,1,Maquinaria y Afines,proyeccion,136500687.6940272,,
2026-07-01,Medellín,1,Mining,proyeccion,517793602.6853164,,
2026-07-01,Medellín,1,Persona Natural,proyeccion,25942185.17958818,,
2026-07-01,Medellín,1,Quimico,proyeccion,438743089.9590762,,
2026-07-01,Medellín,1,Servicio de apoyo empresarial,proyeccion,140592111.23984164,,
2026-07-01,Medellín,1,Servicios Publicos,proyeccion,258580432.84842765,,
2026-07-01,Medellín,1,"Textiles, Confecciones y Cuero",proyeccion,82946717.84024738,,
2026-07-01,Medellín,1,Transporte y Logistica,proyeccion,125016513.20631553,,
2026-07-01,Medellín,1,Turistico,proyeccion,6937143.338167158,,
2026-07-01,Bogotá,2,0,proyeccion,34364583.44161328,,
2026-07-01,Bogotá,2,Agricultura,proyeccion,425652499.3267511,,
2026-07-01,Bogotá,2,Articulos Para el Hogar y la Oficina,proyeccion,104476229.0149817,,
2026-07-01,Bogotá,2,Caucho y Plasticos,proyeccion,35762274.70338046,,
2026-07-01,Bogotá,2,Comercio,proyeccion,2192028153.0062222,,
2026-07-01,Bogotá,2,Construction,proyeccion,184451257.47701907,,
2026-07-01,Bogotá,2,Education,proyeccion,8322893.140543973,,
2026-07-01,Bogotá,2,Empleados,proyeccion,16851253.98158163,,
2026-07-01,Bogotá,2,Energy supply,proyeccion,19232588.753830682,,
2026-07-01,Bogotá,2,Equipo de Transporte,proyeccion,293776332.8452887,,
2026-07-01,Bogotá,2,Food,proyeccion,1267877083.743238,,
2026-07-01,Bogotá,2,Health/Social,proyeccion,22293902.47223238,,
2026-07-01,Bogotá,2,Hidrocarburo,proyeccion,559157746.791658,,
2026-07-01,Bogotá,2,IT/Communication,proyeccion,31563480.28527907,,
2026-07-01,Bogotá,2,Industria,proyeccion,477604967.30326974,,
2026-07-01,Bogotá,2,Madera y Papel,proyeccion,94410371.72211605,,
2026-07-01,Bogotá,2,Maquinaria y Afines,proyeccion,278759999.08210015,,
2026-07-01,Bogotá,2,Mining,proyeccion,865278188.2699853,,
2026-07-01,Bogotá,2,Persona Natural,proyeccion,22942514.174000517,,
2026-07-01,Bogotá,2,Quimico,proyeccion,615669447.4171684,,
2026-07-01,Bogotá,2,Servicio de apoyo empresarial,proyeccion,35409956.38544656,,
2026-07-01,Bogotá,2,Servicios Publicos,proyeccion,102583480.80855991,,
2026-07-01,Bogotá,2,"Textiles, Confecciones y Cuero",proyeccion,50971622.240739696,,
2026-07-01,Bogotá,2,Transporte y Logistica,proyeccion,190852003.3684459,,
2026-07-01,Bogotá,2,Turistico,proyeccion,2976291.154182518,,
2026-07-01,Cali,3,0,proyeccion,25073487.302751586,,
2026-07-01,Cali,3,Agricultura,proyeccion,27778522.051835585,,
2026-07-01,Cali,3,Articulos Para el Hogar y la Oficina,proyeccion,23249912.983474806,,
2026-07-01,Cali,3,Caucho y Plasticos,proyeccion,75261786.60037784,,
2026-07-01,Cali,3,Comercio,proyeccion,899505788.6597548,,
2026-07-01,Cali,3,Construction,proyeccion,65791870.26603781,,
2026-07-01,Cali,3,Education,proyeccion,3602568.1706716283,,
2026-07-01,Cali,3,Empleados,proyeccion,4741779.687440582,,
2026-07-01,Cali,3,Equipo de Transporte,proyeccion,105682281.61981708,,
2026-07-01,Cali,3,Food,proyeccion,1224841204.5701597,,
2026-07-01,Cali,3,Health/Social,proyeccion,1800934.653021329,,
2026-07-01,Cali,3,Hidrocarburo,proyeccion,32624187.135787826,,
2026-07-01,Cali,3,IT/Communication,proyeccion,11468839.949631376,,
2026-07-01,Cali,3,Industria,proyeccion,209318265.8003411,,
2026-07-01,Cali,3,Madera y Papel,proyeccion,166270130.44794646,,
2026-07-01,Cali,3,Maquinaria y Afines,proyeccion,53603390.996715195,,
2026-07-01,Cali,3,Mining,proyeccion,103092614.33893655,,
2026-07-01,Cali,3,Persona Natural,proyeccion,30371949.272427678,,
2026-07-01,Cali,3,Quimico,proyeccion,419066310.0317904,,
2026-07-01,Cali,3,Servicio de apoyo empresarial,proyeccion,4758686.2312895665,,
2026-07-01,Cali,3,Servicios Publicos,proyeccion,46043117.6618496,,
2026-07-01,Cali,3,"Textiles, Confecciones y Cuero",proyeccion,18775914.575114913,,
2026-07-01,Cali,3,Transporte y Logistica,proyeccion,32129688.342593037,,
2026-07-01,Cali,3,Turistico,proyeccion,6543287.264197993,,
2026-07-01,Barranquilla,4,0,proyeccion,39542301.0149186,,
2026-07-01,Barranquilla,4,Agricultura,proyeccion,33233894.4708494,,
2026-07-01,Barranquilla,4,Articulos Para el Hogar y la Oficina,proyeccion,26883916.766066227,,
2026-07-01,Barranquilla,4,Caucho y Plasticos,proyeccion,20740028.54401513,,
2026-07-01,Barranquilla,4,Comercio,proyeccion,403458743.05888176,,
2026-07-01,Barranquilla,4,Construction,proyeccion,173661649.69633806,,
2026-07-01,Barranquilla,4,Empleados,proyeccion,6036214.852736516,,
2026-07-01,Barranquilla,4,Equipo de Transporte,proyeccion,12075446.314106649,,
2026-07-01,Barranquilla,4,Food,proyeccion,307008807.44337666,,
2026-07-01,Barranquilla,4,Health/Social,proyeccion,8127777.344051677,,
2026-07-01,Barranquilla,4,Hidrocarburo,proyeccion,66685475.50130225,,
2026-07-01,Barranquilla,4,Industria,proyeccion,782891438.2942739,,
2026-07-01,Barranquilla,4,Madera y Papel,proyeccion,53757951.894220114,,
2026-07-01,Barranquilla,4,Maquinaria y Afines,proyeccion,107273544.40348603,,
2026-07-01,Barranquilla,4,Mining,proyeccion,874672851.7586747,,
2026-07-01,Barranquilla,4,Persona Natural,proyeccion,10055082.199165642,,
2026-07-01,Barranquilla,4,Quimico,proyeccion,187942821.6613534,,
2026-07-01,Barranquilla,4,Servicio de apoyo empresarial,proyeccion,13274327.995779827,,
2026-07-01,Barranquilla,4,Servicios Publicos,proyeccion,70908485.80052473,,
2026-07-01,Barranquilla,4,"Textiles, Confecciones y Cuero",proyeccion,31974869.12836558,,
2026-07-01,Barranquilla,4,Transporte y Logistica,proyeccion,62136231.91272091,,
2026-07-01,Cartagena,5,0,proyeccion,25097653.203459892,,
2026-07-01,Cartagena,5,Caucho y Plasticos,proyeccion,7287518.638588118,,
2026-07-01,Cartagena,5,Comercio,proyeccion,399787580.28027827,,
2026-07-01,Cartagena,5,Construction,proyeccion,331903642.7987804,,
2026-07-01,Cartagena,5,Empleados,proyeccion,5452395.321757058,,
2026-07-01,Cartagena,5,Equipo de Transporte,proyeccion,7048113.001247847,,
2026-07-01,Cartagena,5,Food,proyeccion,322216789.7108647,,
2026-07-01,Cartagena,5,Health/Social,proyeccion,21845056.275220834,,
2026-07-01,Cartagena,5,Hidrocarburo,proyeccion,317241600.8346322,,
2026-07-01,Cartagena,5,Industria,proyeccion,383489758.4170826,,
2026-07-01,Cartagena,5,Madera y Papel,proyeccion,90820928.84049879,,
2026-07-01,Cartagena,5,Maquinaria y Afines,proyeccion,41315930.62185012,,
2026-07-01,Cartagena,5,Mining,proyeccion,174411729.71710068,,
2026-07-01,Cartagena,5,Persona Natural,proyeccion,20174505.13684601,,
2026-07-01,Cartagena,5,Quimico,proyeccion,210630951.30239403,,
2026-07-01,Cartagena,5,Servicio de apoyo empresarial,proyeccion,21768261.22598963,,
2026-07-01,Cartagena,5,Servicios Publicos,proyeccion,430874312.7964962,,
2026-07-01,Cartagena,5,Transporte y Logistica,proyeccion,185820175.3534508,,
2026-07-01,Cartagena,5,Turistico,proyeccion,5145464.688729715,,
2026-08-01,Medellín,1,0,proyeccion,63537295.5859707,,
2026-08-01,Medellín,1,Agricultura,proyeccion,444736535.4967869,,
2026-08-01,Medellín,1,Articulos Para el Hogar y la Oficina,proyeccion,29791892.099995036,,
2026-08-01,Medellín,1,Caucho y Plasticos,proyeccion,55500377.03383503,,
2026-08-01,Medellín,1,Comercio,proyeccion,1919504523.3827012,,
2026-08-01,Medellín,1,Construction,proyeccion,476222235.8055714,,
2026-08-01,Medellín,1,Education,proyeccion,4923912.85048448,,
2026-08-01,Medellín,1,Empleados,proyeccion,15522619.44958529,,
2026-08-01,Medellín,1,Equipo de Transporte,proyeccion,29434089.54960554,,
2026-08-01,Medellín,1,Food,proyeccion,1063149070.9813498,,
2026-08-01,Medellín,1,Health/Social,proyeccion,31186977.37835279,,
2026-08-01,Medellín,1,Hidrocarburo,proyeccion,164915616.39347106,,
2026-08-01,Medellín,1,IT/Communication,proyeccion,7953649.085611078,,
2026-08-01,Medellín,1,Industria,proyeccion,814947410.345506,,
2026-08-01,Medellín,1,Madera y Papel,proyeccion,147913713.3603364,,
2026-08-01,Medellín,1,Maquinaria y Afines,proyeccion,146305355.83639666,,
2026-08-01,Medellín,1,Mining,proyeccion,561838945.6396464,,
2026-08-01,Medellín,1,Persona Natural,proyeccion,32946928.4400005,,
2026-08-01,Medellín,1,Quimico,proyeccion,531195621.72608465,,
2026-08-01,Medellín,1,Servicio de apoyo empresarial,proyeccion,115668309.80980116,,
2026-08-01,Medellín,1,Servicios Publicos,proyeccion,293507272.5401385,,
2026-08-01,Medellín,1,"Textiles, Confecciones y Cuero",proyeccion,95645983.19131055,,
2026-08-01,Medellín,1,Transporte y Logistica,proyeccion,128953035.08215813,,
2026-08-01,Medellín,1,Turistico,proyeccion,7175981.429143033,,
2026-08-01,Bogotá,2,0,proyeccion,38967925.2210485,,
2026-08-01,Bogotá,2,Agricultura,proyeccion,449731797.75926536,,
2026-08-01,Bogotá,2,Articulos Para el Hogar y la Oficina,proyeccion,100619669.53761695,,
2026-08-01,Bogotá,2,Caucho y Plasticos,proyeccion,36707219.538389154,,
2026-08-01,Bogotá,2,Comercio,proyeccion,2187066628.576254,,
2026-08-01,Bogotá,2,Construction,proyeccion,194013923.1690919,,
2026-08-01,Bogotá,2,Education,proyeccion,8699667.660784729,,
2026-08-01,Bogotá,2,Empleados,proyeccion,18015114.602732077,,
2026-08-01,Bogotá,2,Energy supply,proyeccion,25848081.618445188,,
2026-08-01,Bogotá,2,Equipo de Transporte,proyeccion,307231355.5435512,,
2026-08-01,Bogotá,2,Food,proyeccion,1245485784.9406428,,
2026-08-01,Bogotá,2,Health/Social,proyeccion,24628956.320871983,,
2026-08-01,Bogotá,2,Hidrocarburo,proyeccion,552491964.6299454,,
2026-08-01,Bogotá,2,IT/Communication,proyeccion,42897548.0195516,,
2026-08-01,Bogotá,2,Industria,proyeccion,487504413.4635405,,
2026-08-01,Bogotá,2,Madera y Papel,proyeccion,97115564.79660313,,
2026-08-01,Bogotá,2,Maquinaria y Afines,proyeccion,299819224.16424364,,
2026-08-01,Bogotá,2,Mining,proyeccion,780086106.106139,,
2026-08-01,Bogotá,2,Persona Natural,proyeccion,24789119.677072212,,
2026-08-01,Bogotá,2,Quimico,proyeccion,540186050.8167537,,
2026-08-01,Bogotá,2,Servicio de apoyo empresarial,proyeccion,35380268.09487681,,
2026-08-01,Bogotá,2,Servicios Publicos,proyeccion,102187366.7978291,,
2026-08-01,Bogotá,2,"Textiles, Confecciones y Cuero",proyeccion,47982229.052563645,,
2026-08-01,Bogotá,2,Transporte y Logistica,proyeccion,179225324.52037746,,
2026-08-01,Bogotá,2,Turistico,proyeccion,2741890.0339067425,,
2026-08-01,Cali,3,0,proyeccion,32975554.219009712,,
2026-08-01,Cali,3,Agricultura,proyeccion,28059199.702202864,,
2026-08-01,Cali,3,Articulos Para el Hogar y la Oficina,proyeccion,26589693.376091566,,
2026-08-01,Cali,3,Caucho y Plasticos,proyeccion,77741415.18857315,,
2026-08-01,Cali,3,Comercio,proyeccion,860574031.8768731,,
2026-08-01,Cali,3,Construction,proyeccion,65248307.94879652,,
2026-08-01,Cali,3,Education,proyeccion,3174271.704168535,,
2026-08-01,Cali,3,Empleados,proyeccion,5796759.4063931545,,
2026-08-01,Cali,3,Equipo de Transporte,proyeccion,106031765.8975647,,
2026-08-01,Cali,3,Food,proyeccion,1021203785.4608371,,
2026-08-01,Cali,3,Health/Social,proyeccion,1968679.476507882,,
2026-08-01,Cali,3,Hidrocarburo,proyeccion,31152376.704277348,,
2026-08-01,Cali,3,IT/Communication,proyeccion,11170696.456558984,,
2026-08-01,Cali,3,Industria,proyeccion,222562378.65997565,,
2026-08-01,Cali,3,Madera y Papel,proyeccion,129690629.53155734,,
2026-08-01,Cali,3,Maquinaria y Afines,proyeccion,64035970.90381319,,
2026-08-01,Cali,3,Mining,proyeccion,104705203.24825743,,
2026-08-01,Cali,3,Persona Natural,proyeccion,30246576.35048553,,
2026-08-01,Cali,3,Quimico,proyeccion,380184614.8223308,,
2026-08-01,Cali,3,Servicio de apoyo empresarial,proyeccion,5626349.043178337,,
2026-08-01,Cali,3,Servicios Publicos,proyeccion,47094007.63579559,,
2026-08-01,Cali,3,"Textiles, Confecciones y Cuero",proyeccion,20288596.341524776,,
2026-08-01,Cali,3,Transporte y Logistica,proyeccion,35096894.743044,,
2026-08-01,Cali,3,Turistico,proyeccion,7466751.5975726005,,
2026-08-01,Barranquilla,4,0,proyeccion,34750715.15631336,,
2026-08-01,Barranquilla,4,Agricultura,proyeccion,31681053.7961418,,
2026-08-01,Barranquilla,4,Articulos Para el Hogar y la Oficina,proyeccion,21418906.248617746,,
2026-08-01,Barranquilla,4,Caucho y Plasticos,proyeccion,24207137.11553905,,
2026-08-01,Barranquilla,4,Comercio,proyeccion,389123564.05102503,,
2026-08-01,Barranquilla,4,Construction,proyeccion,199826121.9962102,,
2026-08-01,Barranquilla,4,Empleados,proyeccion,7372407.673358543,,
2026-08-01,Barranquilla,4,Equipo de Transporte,proyeccion,12604244.919263218,,
2026-08-01,Barranquilla,4,Food,proyeccion,315467001.58696705,,
2026-08-01,Barranquilla,4,Health/Social,proyeccion,8306265.684177085,,
2026-08-01,Barranquilla,4,Hidrocarburo,proyeccion,57550750.87849294,,
2026-08-01,Barranquilla,4,Industria,proyeccion,784073672.2250879,,
2026-08-01,Barranquilla,4,Madera y Papel,proyeccion,53526619.12694989,,
2026-08-01,Barranquilla,4,Maquinaria y Afines,proyeccion,107847124.79378018,,
2026-08-01,Barranquilla,4,Mining,proyeccion,766757139.1080078,,
2026-08-01,Barranquilla,4,Persona Natural,proyeccion,13847930.10005886,,
2026-08-01,Barranquilla,4,Quimico,proyeccion,206037340.87406868,,
2026-08-01,Barranquilla,4,Servicio de apoyo empresarial,proyeccion,12984492.083780138,,
2026-08-01,Barranquilla,4,Servicios Publicos,proyeccion,72295514.58486897,,
2026-08-01,Barranquilla,4,"Textiles, Confecciones y Cuero",proyeccion,32708242.34664941,,
2026-08-01,Barranquilla,4,Transporte y Logistica,proyeccion,65091345.70553689,,
2026-08-01,Cartagena,5,0,proyeccion,30424053.01776188,,
2026-08-01,Cartagena,5,Caucho y Plasticos,proyeccion,8053735.657252834,,
2026-08-01,Cartagena,5,Comercio,proyeccion,396534271.09986776,,
2026-08-01,Cartagena,5,Construction,proyeccion,349779054.9278666,,
2026-08-01,Cartagena,5,Empleados,proyeccion,7446951.078711215,,
2026-08-01,Cartagena,5,Equipo de Transporte,proyeccion,7565197.774412982,,
2026-08-01,Cartagena,5,Food,proyeccion,318702557.36403406,,
2026-08-01,Cartagena,5,Health/Social,proyeccion,18155968.06375731,,
2026-08-01,Cartagena,5,Hidrocarburo,proyeccion,330408842.74121994,,
2026-08-01,Cartagena,5,Industria,proyeccion,387277554.2770301,,
2026-08-01,Cartagena,5,Madera y Papel,proyeccion,93399507.90061247,,
2026-08-01,Cartagena,5,Maquinaria y Afines,proyeccion,44512144.52424853,,
2026-08-01,Cartagena,5,Mining,proyeccion,170391441.81177795,,
2026-08-01,Cartagena,5,Persona Natural,proyeccion,20351205.801180936,,
2026-08-01,Cartagena,5,Quimico,proyeccion,229274761.937391,,
2026-08-01,Cartagena,5,Servicio de apoyo empresarial,proyeccion,21035685.67207756,,
2026-08-01,Cartagena,5,Servicios Publicos,proyeccion,369917065.750439,,
2026-08-01,Cartagena,5,Transporte y Logistica,proyeccion,182125737.558944,,
2026-08-01,Cartagena,5,Turistico,proyeccion,5618110.833550978,,
2026-09-01,Medellín,1,0,proyeccion,64900260.71105391,,
2026-09-01,Medellín,1,Agricultura,proyeccion,465478034.63825965,,
2026-09-01,Medellín,1,Articulos Para el Hogar y la Oficina,proyeccion,31312085.852236442,,
2026-09-01,Medellín,1,Caucho y Plasticos,proyeccion,59471579.86060309,,
2026-09-01,Medellín,1,Comercio,proyeccion,2009364537.4996927,,
2026-09-01,Medellín,1,Construction,proyeccion,492909153.8965722,,
2026-09-01,Medellín,1,Education,proyeccion,4863237.648159207,,
2026-09-01,Medellín,1,Empleados,proyeccion,17734361.42445284,,
2026-09-01,Medellín,1,Equipo de Transporte,proyeccion,27769952.540335014,,
2026-09-01,Medellín,1,Food,proyeccion,993307751.2891421,,
2026-09-01,Medellín,1,Health/Social,proyeccion,33797551.30368497,,
2026-09-01,Medellín,1,Hidrocarburo,proyeccion,170278346.63901317,,
2026-09-01,Medellín,1,IT/Communication,proyeccion,8247428.457983691,,
2026-09-01,Medellín,1,Industria,proyeccion,873384657.0881108,,
2026-09-01,Medellín,1,Madera y Papel,proyeccion,142772750.19704533,,
2026-09-01,Medellín,1,Maquinaria y Afines,proyeccion,146375651.0821052,,
2026-09-01,Medellín,1,Mining,proyeccion,547779938.3773879,,
2026-09-01,Medellín,1,Persona Natural,proyeccion,33935922.924883224,,
2026-09-01,Medellín,1,Quimico,proyeccion,473215269.5238726,,
2026-09-01,Medellín,1,Servicio de apoyo empresarial,proyeccion,121228717.69296122,,
2026-09-01,Medellín,1,Servicios Publicos,proyeccion,346081914.72703886,,
2026-09-01,Medellín,1,"Textiles, Confecciones y Cuero",proyeccion,100106392.72578421,,
2026-09-01,Medellín,1,Transporte y Logistica,proyeccion,129697876.87305486,,
2026-09-01,Medellín,1,Turistico,proyeccion,7098562.016867528,,
2026-09-01,Bogotá,2,0,proyeccion,38937389.1627785,,
2026-09-01,Bogotá,2,Agricultura,proyeccion,437276487.34815496,,
2026-09-01,Bogotá,2,Articulos Para el Hogar y la Oficina,proyeccion,99688803.69461393,,
2026-09-01,Bogotá,2,Caucho y Plasticos,proyeccion,36935345.475196615,,
2026-09-01,Bogotá,2,Comercio,proyeccion,2206559759.203467,,
2026-09-01,Bogotá,2,Construction,proyeccion,220841742.23456946,,
2026-09-01,Bogotá,2,Education,proyeccion,7152363.892245636,,
2026-09-01,Bogotá,2,Empleados,proyeccion,19282049.15682788,,
2026-09-01,Bogotá,2,Energy supply,proyeccion,18414095.64607937,,
2026-09-01,Bogotá,2,Equipo de Transporte,proyeccion,319294135.6094527,,
2026-09-01,Bogotá,2,Food,proyeccion,1261786393.025935,,
2026-09-01,Bogotá,2,Health/Social,proyeccion,25120767.281900853,,
2026-09-01,Bogotá,2,Hidrocarburo,proyeccion,568280724.5359466,,
2026-09-01,Bogotá,2,IT/Communication,proyeccion,28704933.64559868,,
2026-09-01,Bogotá,2,Industria,proyeccion,476595801.82010573,,
2026-09-01,Bogotá,2,Madera y Papel,proyeccion,100395727.76755196,,
2026-09-01,Bogotá,2,Maquinaria y Afines,proyeccion,324691136.8258094,,
2026-09-01,Bogotá,2,Mining,proyeccion,792856426.9831114,,
2026-09-01,Bogotá,2,Persona Natural,proyeccion,24673035.69094603,,
2026-09-01,Bogotá,2,Quimico,proyeccion,527210679.30960536,,
2026-09-01,Bogotá,2,Servicio de apoyo empresarial,proyeccion,34070363.81718384,,
2026-09-01,Bogotá,2,Servicios Publicos,proyeccion,104240230.93223211,,
2026-09-01,Bogotá,2,"Textiles, Confecciones y Cuero",proyeccion,44484661.95983511,,
2026-09-01,Bogotá,2,Transporte y Logistica,proyeccion,189219614.4314218,,
2026-09-01,Bogotá,2,Turistico,proyeccion,2748504.9047368,,
2026-09-01,Cali,3,0,proyeccion,31938790.59653289,,
2026-09-01,Cali,3,Agricultura,proyeccion,26878662.36578001,,
2026-09-01,Cali,3,Articulos Para el Hogar y la Oficina,proyeccion,24392705.793824114,,
2026-09-01,Cali,3,Caucho y Plasticos,proyeccion,87490141.1895523,,
2026-09-01,Cali,3,Comercio,proyeccion,884390235.0428997,,
2026-09-01,Cali,3,Construction,proyeccion,69992464.46416274,,
2026-09-01,Cali,3,Education,proyeccion,3479896.765497064,,
2026-09-01,Cali,3,Empleados,proyeccion,7791708.728439234,,
2026-09-01,Cali,3,Equipo de Transporte,proyeccion,105492433.83218616,,
2026-09-01,Cali,3,Food,proyeccion,1215519746.131013,,
2026-09-01,Cali,3,Health/Social,proyeccion,2010977.6893222313,,
2026-09-01,Cali,3,Hidrocarburo,proyeccion,30292330.80731279,,
2026-09-01,Cali,3,IT/Communication,proyeccion,11082284.561327511,,
2026-09-01,Cali,3,Industria,proyeccion,254351713.9783284,,
2026-09-01,Cali,3,Madera y Papel,proyeccion,136131363.21293432,,
2026-09-01,Cali,3,Maquinaria y Afines,proyeccion,66073877.75660446,,
2026-09-01,Cali,3,Mining,proyeccion,104893908.80176686,,
2026-09-01,Cali,3,Persona Natural,proyeccion,30900332.043178033,,
2026-09-01,Cali,3,Quimico,proyeccion,403086282.400201,,
2026-09-01,Cali,3,Servicio de apoyo empresarial,proyeccion,5777071.116570896,,
2026-09-01,Cali,3,Servicios Publicos,proyeccion,39900971.31407885,,
2026-09-01,Cali,3,"Textiles, Confecciones y Cuero",proyeccion,19048984.83881822,,
2026-09-01,Cali,3,Transporte y Logistica,proyeccion,33133767.441680383,,
2026-09-01,Cali,3,Turistico,proyeccion,7748354.878893863,,
2026-09-01,Barranquilla,4,0,proyeccion,34582230.31229608,,
2026-09-01,Barranquilla,4,Agricultura,proyeccion,33594378.53246941,,
2026-09-01,Barranquilla,4,Articulos Para el Hogar y la Oficina,proyeccion,24647326.081776753,,
2026-09-01,Barranquilla,4,Caucho y Plasticos,proyeccion,20974255.391054314,,
2026-09-01,Barranquilla,4,Comercio,proyeccion,408623344.51647425,,
2026-09-01,Barranquilla,4,Construction,proyeccion,198691480.29718396,,
2026-09-01,Barranquilla,4,Empleados,proyeccion,8212329.3453067895,,
2026-09-01,Barranquilla,4,Equipo de Transporte,proyeccion,12917800.983597195,,
2026-09-01,Barranquilla,4,Food,proyeccion,316179076.8937042,,
2026-09-01,Barranquilla,4,Health/Social,proyeccion,7756648.676789625,,
2026-09-01,Barranquilla,4,Hidrocarburo,proyeccion,58943215.46224441,,
2026-09-01,Barranquilla,4,Industria,proyeccion,879642669.095579,,
2026-09-01,Barranquilla,4,Madera y Papel,proyeccion,55101297.69103555,,
2026-09-01,Barranquilla,4,Maquinaria y Afines,proyeccion,107708559.61667542,,
2026-09-01,Barranquilla,4,Mining,proyeccion,795301111.6315985,,
2026-09-01,Barranquilla,4,Persona Natural,proyeccion,18157358.216153007,,
2026-09-01,Barranquilla,4,Quimico,proyeccion,216482458.4225365,,
2026-09-01,Barranquilla,4,Servicio de apoyo empresarial,proyeccion,13222500.83953424,,
2026-09-01,Barranquilla,4,Servicios Publicos,proyeccion,73117490.1314874,,
2026-09-01,Barranquilla,4,"Textiles, Confecciones y Cuero",proyeccion,32816375.274569824,,
2026-09-01,Barranquilla,4,Transporte y Logistica,proyeccion,64027198.32297906,,
2026-09-01,Cartagena,5,0,proyeccion,32032895.338312965,,
2026-09-01,Cartagena,5,Caucho y Plasticos,proyeccion,10179568.105107062,,
2026-09-01,Cartagena,5,Comercio,proyeccion,399679271.56922483,,
2026-09-01,Cartagena,5,Construction,proyeccion,349482416.5638253,,
2026-09-01,Cartagena,5,Empleados,proyeccion,9105595.289152922,,
2026-09-01,Cartagena,5,Equipo de Transporte,proyeccion,8054960.095121316,,
2026-09-01,Cartagena,5,Food,proyeccion,330480738.2901691,,
2026-09-01,Cartagena,5,Health/Social,proyeccion,18189443.838398393,,
2026-09-01,Cartagena,5,Hidrocarburo,proyeccion,306627040.54164743,,
2026-09-01,Cartagena,5,Industria,proyeccion,393425840.916514,,
2026-09-01,Cartagena,5,Madera y Papel,proyeccion,96509909.00121836,,
2026-09-01,Cartagena,5,Maquinaria y Afines,proyeccion,50046462.43062023,,
2026-09-01,Cartagena,5,Mining,proyeccion,172765860.95168605,,
2026-09-01,Cartagena,5,Persona Natural,proyeccion,20722125.67694728,,
2026-09-01,Cartagena,5,Quimico,proyeccion,230504639.2579113,,
2026-09-01,Cartagena,5,Servicio de apoyo empresarial,proyeccion,23058865.772293463,,
2026-09-01,Cartagena,5,Servicios Publicos,proyeccion,485545734.45667624,,
2026-09-01,Cartagena,5,Transporte y Logistica,proyeccion,190613619.4497143,,
2026-09-01,Cartagena,5,Turistico,proyeccion,6125536.9254891435,,
2026-10-01,Medellín,1,0,proyeccion,72733396.19378006,,
2026-10-01,Medellín,1,Agricultura,proyeccion,465276240.1887986,,
2026-10-01,Medellín,1,Articulos Para el Hogar y la Oficina,proyeccion,32014687.798476882,,
2026-10-01,Medellín,1,Caucho y Plasticos,proyeccion,62902526.19129118,,
2026-10-01,Medellín,1,Comercio,proyeccion,2013164978.7287257,,
2026-10-01,Medellín,1,Construction,proyeccion,456145365.5879302,,
2026-10-01,Medellín,1,Education,proyeccion,5217270.809343978,,
2026-10-01,Medellín,1,Empleados,proyeccion,19105849.01033452,,
2026-10-01,Medellín,1,Equipo de Transporte,proyeccion,31437210.774101328,,
2026-10-01,Medellín,1,Food,proyeccion,1206123403.8230753,,
2026-10-01,Medellín,1,Health/Social,proyeccion,32575164.534336995,,
2026-10-01,Medellín,1,Hidrocarburo,proyeccion,178796342.4109264,,
2026-10-01,Medellín,1,IT/Communication,proyeccion,8225972.15375802,,
2026-10-01,Medellín,1,Industria,proyeccion,895059388.6532217,,
2026-10-01,Medellín,1,Madera y Papel,proyeccion,147739863.08464462,,
2026-10-01,Medellín,1,Maquinaria y Afines,proyeccion,153233119.13442403,,
2026-10-01,Medellín,1,Mining,proyeccion,602907901.6369224,,
2026-10-01,Medellín,1,Persona Natural,proyeccion,34374447.13873729,,
2026-10-01,Medellín,1,Quimico,proyeccion,492245741.63745326,,
2026-10-01,Medellín,1,Servicio de apoyo empresarial,proyeccion,115503761.83781254,,
2026-10-01,Medellín,1,Servicios Publicos,proyeccion,345638117.5029451,,
2026-10-01,Medellín,1,"Textiles, Confecciones y Cuero",proyeccion,105555634.61382614,,
2026-10-01,Medellín,1,Transporte y Logistica,proyeccion,132336852.2316966,,
2026-10-01,Medellín,1,Turistico,proyeccion,7070593.297929294,,
2026-10-01,Bogotá,2,0,proyeccion,35204014.62827347,,
2026-10-01,Bogotá,2,Agricultura,proyeccion,450168882.42126524,,
2026-10-01,Bogotá,2,Articulos Para el Hogar y la Oficina,proyeccion,99042411.00491199,,
2026-10-01,Bogotá,2,Caucho y Plasticos,proyeccion,39975088.55323983,,
2026-10-01,Bogotá,2,Comercio,proyeccion,2207188397.7460766,,
2026-10-01,Bogotá,2,Construction,proyeccion,200683849.06943378,,
2026-10-01,Bogotá,2,Education,proyeccion,8265094.430136404,,
2026-10-01,Bogotá,2,Empleados,proyeccion,19495966.77709574,,
2026-10-01,Bogotá,2,Energy supply,proyeccion,18956969.146462835,,
2026-10-01,Bogotá,2,Equipo de Transporte,proyeccion,305280049.44000614,,
2026-10-01,Bogotá,2,Food,proyeccion,1241219465.2099106,,
2026-10-01,Bogotá,2,Health/Social,proyeccion,25039075.71308642,,
2026-10-01,Bogotá,2,Hidrocarburo,proyeccion,540824671.3151743,,
2026-10-01,Bogotá,2,IT/Communication,proyeccion,32319117.304549333,,
2026-10-01,Bogotá,2,Industria,proyeccion,485375931.1233181,,
2026-10-01,Bogotá,2,Madera y Papel,proyeccion,103670838.41220888,,
2026-10-01,Bogotá,2,Maquinaria y Afines,proyeccion,305899988.49943346,,
2026-10-01,Bogotá,2,Mining,proyeccion,772245727.0296265,,
2026-10-01,Bogotá,2,Persona Natural,proyeccion,29563160.279099632,,
2026-10-01,Bogotá,2,Quimico,proyeccion,504549947.8336388,,
2026-10-01,Bogotá,2,Servicio de apoyo empresarial,proyeccion,34004590.96093997,,
2026-10-01,Bogotá,2,Servicios Publicos,proyeccion,103880742.13819408,,
2026-10-01,Bogotá,2,"Textiles, Confecciones y Cuero",proyeccion,47545252.38570957,,
2026-10-01,Bogotá,2,Transporte y Logistica,proyeccion,189396831.7136363,,
2026-10-01,Bogotá,2,Turistico,proyeccion,2629078.794059285,,
2026-10-01,Cali,3,0,proyeccion,32632960.708443433,,
2026-10-01,Cali,3,Agricultura,proyeccion,27496314.674861196,,
2026-10-01,Cali,3,Articulos Para el Hogar y la Oficina,proyeccion,24925167.817454576,,
2026-10-01,Cali,3,Caucho y Plasticos,proyeccion,88518442.13391618,,
2026-10-01,Cali,3,Comercio,proyeccion,907496596.2191728,,
2026-10-01,Cali,3,Construction,proyeccion,71864011.13751815,,
2026-10-01,Cali,3,Education,proyeccion,3137553.2121750433,,
2026-10-01,Cali,3,Empleados,proyeccion,9641054.585593242,,
2026-10-01,Cali,3,Equipo de Transporte,proyeccion,104192733.03803949,,
2026-10-01,Cali,3,Food,proyeccion,1195468623.2234385,,
2026-10-01,Cali,3,Health/Social,proyeccion,2045475.198780791,,
2026-10-01,Cali,3,Hidrocarburo,proyeccion,31398334.079976067,,
2026-10-01,Cali,3,IT/Communication,proyeccion,11826480.226042168,,
2026-10-01,Cali,3,Industria,proyeccion,237471925.13344163,,
2026-10-01,Cali,3,Madera y Papel,proyeccion,141380532.56551275,,
2026-10-01,Cali,3,Maquinaria y Afines,proyeccion,71832725.92233449,,
2026-10-01,Cali,3,Mining,proyeccion,105388190.12868689,,
2026-10-01,Cali,3,Persona Natural,proyeccion,31004958.280841183,,
2026-10-01,Cali,3,Quimico,proyeccion,411813138.12057745,,
2026-10-01,Cali,3,Servicio de apoyo empresarial,proyeccion,6908853.459702203,,
2026-10-01,Cali,3,Servicios Publicos,proyeccion,38674890.49691545,,
2026-10-01,Cali,3,"Textiles, Confecciones y Cuero",proyeccion,18293172.208451387,,
2026-10-01,Cali,3,Transporte y Logistica,proyeccion,35358703.94082814,,
2026-10-01,Cali,3,Turistico,proyeccion,8721641.131225748,,
2026-10-01,Barranquilla,4,0,proyeccion,38020506.15121111,,
2026-10-01,Barranquilla,4,Agricultura,proyeccion,40176300.17003691,,
2026-10-01,Barranquilla,4,Articulos Para el Hogar y la Oficina,proyeccion,23963744.33589559,,
2026-10-01,Barranquilla,4,Caucho y Plasticos,proyeccion,21736542.22017009,,
2026-10-01,Barranquilla,4,Comercio,proyeccion,389993444.7695525,,
2026-10-01,Barranquilla,4,Construction,proyeccion,175987802.8563982,,
2026-10-01,Barranquilla,4,Empleados,proyeccion,9472250.457429137,,
2026-10-01,Barranquilla,4,Equipo de Transporte,proyeccion,12856438.849690018,,
2026-10-01,Barranquilla,4,Food,proyeccion,323902472.847699,,
2026-10-01,Barranquilla,4,Health/Social,proyeccion,8828212.995363897,,
2026-10-01,Barranquilla,4,Hidrocarburo,proyeccion,58982680.107431196,,
2026-10-01,Barranquilla,4,Industria,proyeccion,777016849.3554692,,
2026-10-01,Barranquilla,4,Madera y Papel,proyeccion,59018690.50630399,,
2026-10-01,Barranquilla,4,Maquinaria y Afines,proyeccion,107829820.21501389,,
2026-10-01,Barranquilla,4,Mining,proyeccion,797604428.6886072,,
2026-10-01,Barranquilla,4,Persona Natural,proyeccion,19343299.568910208,,
2026-10-01,Barranquilla,4,Quimico,proyeccion,227026244.8707068,,
2026-10-01,Barranquilla,4,Servicio de apoyo empresarial,proyeccion,13633479.878249299,,
2026-10-01,Barranquilla,4,Servicios Publicos,proyeccion,74878381.24684098,,
2026-10-01,Barranquilla,4,"Textiles, Confecciones y Cuero",proyeccion,32642318.299604006,,
2026-10-01,Barranquilla,4,Transporte y Logistica,proyeccion,63670546.555894434,,
2026-10-01,Cartagena,5,0,proyeccion,32753624.81554181,,
2026-10-01,Cartagena,5,Caucho y Plasticos,proyeccion,9536040.748541174,,
2026-10-01,Cartagena,5,Comercio,proyeccion,388058784.6807864,,
2026-10-01,Cartagena,5,Construction,proyeccion,368205366.5046582,,
2026-10-01,Cartagena,5,Empleados,proyeccion,10173463.330244543,,
2026-10-01,Cartagena,5,Equipo de Transporte,proyeccion,9526357.642765248,,
2026-10-01,Cartagena,5,Food,proyeccion,326996266.6859786,,
2026-10-01,Cartagena,5,Health/Social,proyeccion,18294144.407042127,,
2026-10-01,Cartagena,5,Hidrocarburo,proyeccion,312306815.8347402,,
2026-10-01,Cartagena,5,Industria,proyeccion,384384924.6337285,,
2026-10-01,Cartagena,5,Madera y Papel,proyeccion,97215372.81992327,,
2026-10-01,Cartagena,5,Maquinaria y Afines,proyeccion,48119914.579715446,,
2026-10-01,Cartagena,5,Mining,proyeccion,181627609.70594457,,
2026-10-01,Cartagena,5,Persona Natural,proyeccion,21108385.936891235,,
2026-10-01,Cartagena,5,Quimico,proyeccion,220655042.91253603,,
2026-10-01,Cartagena,5,Servicio de apoyo empresarial,proyeccion,23641333.590061,,
2026-10-01,Cartagena,5,Servicios Publicos,proyeccion,364658941.7867397,,
2026-10-01,Cartagena,5,Transporte y Logistica,proyeccion,198624231.04734507,,
2026-10-01,Cartagena,5,Turistico,proyeccion,5979976.388105817,,
